1341746;1458162
1574558;1690974
1807386;1923802
2040198;2156616
2273012;2389432
2505828;2622248
2738644;2855064
2971460;3087880
3204276;3320696
3437092;3553512
3669908;3786328
3902724;4019144
4135540;4251960
4368356;4484776
4601172;4717592
4833988;4950408
5066804;5183224
5299620;5416040
5532436;5648856
5765252;5881672
5998068;6114488
6230884;6347304
6463700;6580120
6696516;6812936
6929332;7045752
7162148;7278568
7394964;7511384
7627780;7744200
7860596;7977016
8093412;8209832
8326228;8442648
8559044;8675464
8791860;8908280
9024676;9141096
9257492;9373912
9490308;9606728
9723124;9839544
9955940;10072360
10188756;10305176
10421572;10537992
10654388;10770808
10887204;11003624
11120020;11236440
11352836;11469256
11585652;11702072
11818468;11934888
12051284;12167704
12284100;12400520
12516916;12633336
12749732;12866152
12982548;13098968
13215364;13331784
13448180;13564600
13680996;13797416
13913812;14030232
14146628;14263048
14379444;14495864
14612092;14728212
14844680;14961168
15077652;15194140
15310608;15427096
15543564;15660052
15776520;15893008
16009492;16125980
16242448;16358936
16475404;16591892
16708360;16824848
16941332;17057820
17174288;17290776
17407244;17523732
17640200;17756688
17873172;17990015
18106410;18222826
18339222;18455638
18572034;18688450
18804862;18921278
19037674;19154090
19270486;19386902
19503298;19619714
19736126;19852542
19968938;20085356
20201752;20318172
20434568;20550988
20667384;20783804
20900200;21016620
21133016;21249436
21365832;21482252
21598648;21715068
21831464;21947884
22064280;22180700
22297096;22413516
22529912;22646332
22762728;22879148
22995544;23111964
23228360;23344780
23461176;23577596
23693992;23810412
23926808;24043228
24159624;24276044
24392440;24508860
24625256;24741676
24858072;24974492
25090888;25207308
25323704;25440124
25556520;25672940
25789336;25905756
26022152;26138572
26254968;26371388
26487784;26604204
26720600;26837020
26953416;27069836
27186232;27302652
27419048;27535468
27651864;27768284
27884680;28001100
28117496;28233916
28350312;28466732
28583128;28699548
28815944;28932364
29048760;29165180
29281576;29397996
29514392;29630812
29747208;29863628
29980024;30096444
30212840;30329260
30445656;30562076
30678472;30794892
30911288;31027708
31144104;31260524
31376752;31492872
31609340;31725828
31842312;31958800
32075268;32191756
32308224;32424712
32541180;32657668
32774152;32890640
33007108;33123596
33240064;33356552
33473020;33589508
33705992;33822480
33938948;34055436
34171904;34288392
34404860;34521348
34637832;34754687
34871066;34987482
35103878;35220294
35336706;35453122
35569518;35685934
35802330;35918746
36035142;36151558
36267970;36384386
36500782;36617198
36733594;36850012
36966408;37082828
37199224;37315644
37432040;37548460
37664856;37781276
37897672;38014092
38130488;38246908
38363304;38479724
38596120;38712540
38828936;38945356
39061752;39178172
39294568;39410988
39527384;39643804
39760200;39876620
39993016;40109436
40225832;40342252
40458648;40575068
40691464;40807884
40924280;41040700
41157096;41273516
41389912;41506332
41622728;41739148
41855544;41971964
42088360;42204780
42321176;42437596
42553992;42670412
42786808;42903228
43019624;43136044
43252440;43368860
43485256;43601676
43718072;43834492
43950888;44067308
44183704;44300124
44416520;44532940
44649336;44765756
44882152;44998572
45114968;45231388
45347784;45464204
45580600;45697020
45813416;45929836
46046232;46162652
46279048;46395468
46511864;46628284
46744680;46861100
46977496;47093916
47210312;47326732
47443128;47559548
47675944;47792364
47908760;48025180
48141576;48257828
48373928;48490416
48606900;48723388
48839856;48956344
49072812;49189300
49305768;49422256
49538740;49655228
49771696;49888184
50004652;50121140
50237608;50354096
50470580;50587068
50703536;50820024
50936492;51052980
51169448;51285936
51402420;51518908
51635747;51752150
51868546;51984962
52101358;52217774
52334170;52450586
52566998;52683414
52799810;52916226
53032622;53149038
53265434;53381850
53498262;53614678
53731076;53847496
53963892;54080312
54196708;54313128
54429524;54545944
54662340;54778760
54895156;55011576
55127972;55244392
55360788;55477208
55593604;55710024
55826420;55942840
56059236;56175656
56292052;56408472
56524868;56641288
56757684;56874104
56990500;57106920
57223316;57339736
57456132;57572552
57688948;57805368
57921764;58038184
58154580;58271000
58387396;58503816
58620212;58736632
58853028;58969448
59085844;59202264
59318660;59435080
59551476;59667896
59784292;59900712
60017108;60133528
60249924;60366344
60482740;60599160
60715556;60831976
60948372;61064792
61181188;61297608
61414004;61530424
61646820;61763240
61879636;61996056
62112452;62228872
62345268;62461688
62578084;62694504
62810900;62927320
63043716;63160136
63276532;63392952
63509348;63625768
63742164;63858584
63974980;64091400
64207796;64324216
64440612;64557032
64673428;64789848
64906244;65022496
65138596;65255084
65371552;65488040
65604508;65720996
65837480;65953968
66070436;66186924
66303392;66419880
66536348;66652836
66769320;66885808
67002276;67118764
67235232;67351720
67468188;67584676
67701160;67817648
67934116;68050604
68167072;68283560
68400399;68516802
68633198;68749614
68866026;68982442
69098838;69215254
69331650;69448066
69564462;69680878
69797290;69913706
70030102;70146518
70262914;70379330
70495728;70612148
70728544;70844964
70961360;71077780
71194176;71310596
71426992;71543412
71659808;71776228
71892624;72009044
72125440;72241860
72358256;72474676
72591072;72707492
72823888;72940308
73056704;73173124
73289520;73405940
73522336;73638756
73755152;73871572
73987968;74104388
74220784;74337204
74453600;74570020
74686416;74802836
74919232;75035652
75152048;75268468
75384864;75501284
75617680;75734100
75850496;75966916
76083312;76199732
76316128;76432548
76548944;76665364
76781760;76898180
77014576;77130996
77247392;77363812
77480208;77596628
77713024;77829444
77945840;78062260
78178656;78295076
78411472;78527892
78644288;78760708
78877104;78993524
79109920;79226340
79342736;79459156
79575552;79691972
79808368;79924788
80041184;80157604
80274000;80390420
80506816;80623236
80739632;80856052
80972448;81088868
81205264;81321684
81438080;81554500
81670896;81787148
81903248;82019736
82136220;82252708
82369176;82485664
82602132;82718620
82835088;82951576
83068060;83184548
83301016;83417504
83533972;83650460
83766928;83883416
83999900;84116388
84232856;84349344
84465812;84582300
84698768;84815256
84931740;85048228
85165067;85281470
85397866;85514282
85630678;85747094
85863490;85979906
86096318;86212734
86329130;86445546
86561942;86678358
86794754;86911170
87027582;87143998
87260396;87376816
87493212;87609632
87726028;87842448
87958844;88075264
88191660;88308080
88424476;88540896
88657292;88773712
88890108;89006528
89122924;89239344
89355740;89472160
89588556;89704976
89821372;89937792
90054188;90170608
90287004;90403424
90519820;90636240
90752636;90869056
90985452;91101872
91218268;91334688
91451084;91567504
91683900;91800320
91916716;92033136
92149532;92265952
92382348;92498768
92615164;92731584
92847980;92964400
93080796;93197216
93313612;93430032
93546428;93662848
93779244;93895664
94012060;94128480
94244876;94361296
94477692;94594112
94710508;94826928
94943324;95059744
95176140;95292560
95408956;95525376
95641772;95758192
95874588;95991008
96107404;96223824
96340220;96456640
96573036;96689456
96805852;96922272
97038668;97155088
97271484;97387904
97504300;97620720
97737116;97853536
97969932;98086352
98202748;98319168
98435564;98551984
98668212;98784332
98900800;99017288
99133756;99250244
99366728;99483216
99599684;99716172
99832640;99949128
100065596;100182084
100298568;100415056
100531524;100648012
100764480;100880968
100997436;101113924
101230408;101346896
101463364;101579852
101696320;101812808
101929276;102046135
102162530;102278946
102395342;102511758
102628154;102744570
102860966;102977382
103093794;103210210
103326606;103443022
103559418;103675834
103792230;103908646
104025058;104141476
104257872;104374292
104490688;104607108
104723504;104839924
104956320;105072740
105189136;105305556
105421952;105538372
105654768;105771188
105887584;106004004
106120400;106236820
106353216;106469636
106586032;106702452
106818848;106935268
107051664;107168084
107284480;107400900
107517296;107633716
107750112;107866532
107982928;108099348
108215744;108332164
108448560;108564980
108681376;108797796
108914192;109030612
109147008;109263428
109379824;109496244
109612640;109729060
109845456;109961876
110078272;110194692
110311088;110427508
110543904;110660324
110776720;110893140
111009536;111125956
111242352;111358772
111475168;111591588
111707984;111824404
111940800;112057220
112173616;112290036
112406432;112522852
112639248;112755668
112872064;112988484
113104880;113221300
113337696;113454116
113570512;113686932
113803328;113919748
114036144;114152564
114268960;114385380
114501776;114618196
114734592;114851012
114967408;115083828
115200224;115316644
115432872;115548992
115665460;115781948
115898416;116014904
116131388;116247876
116364344;116480832
116597300;116713788
116830256;116946744
117063228;117179716
117296184;117412672
117529140;117645628
117762096;117878584
117995068;118111556
118228024;118344512
118460980;118577468
118693936;118810795
118927190;119043606
119160002;119276418
119392814;119509230
119625626;119742042
119858454;119974870
120091266;120207682
120324078;120440494
120556890;120673306
120789718;120906136
121022532;121138952
121255348;121371768
121488164;121604584
121720980;121837400
121953796;122070216
122186612;122303032
122419428;122535848
122652244;122768664
122885060;123001480
123117876;123234296
123350692;123467112
123583508;123699928
123816324;123932744
124049140;124165560
124281956;124398376
124514772;124631192
124747588;124864008
124980404;125096824
125213220;125329640
125446036;125562456
125678852;125795272
125911668;126028088
126144484;126260904
126377300;126493720
126610116;126726536
126842932;126959352
127075748;127192168
127308564;127424984
127541380;127657800
127774196;127890616
128007012;128123432
128239828;128356248
128472644;128589064
128705460;128821880
128938276;129054696
129171092;129287512
129403908;129520328
129636724;129753144
129869540;129985960
130102356;130218776
130335172;130451592
130567988;130684408
130800804;130917224
131033620;131150040
131266436;131382856
131499252;131615672
131732068;131848488
131964884;132081304
132197700;132313952
132430052;132546540
132663008;132779496
132895964;133012452
133128936;133245424
133361892;133478380
133594848;133711336
133827804;133944292
134060776;134177264
134293732;134410220
134526688;134643176
134759644;134876132
134992616;135109104
135225572;135342060
135458528;135575398
135691776;135808194
135924590;136041006
136157402;136273818
136390214;136506630
136623042;136739458
136855854;136972270
137088666;137205082
137321478;137437894
137554306;137670724
137787120;137903540
138019936;138136356
138252752;138369172
138485568;138601988
138718384;138834804
138951200;139067620
139184016;139300436
139416832;139533252
139649648;139766068
139882464;139998884
140115280;140231700
140348096;140464516
140580912;140697332
140813728;140930148
141046544;141162964
141279360;141395780
141512176;141628596
141744992;141861412
141977808;142094228
142210624;142327044
142443440;142559860
142676256;142792676
142909072;143025492
143141888;143258308
143374704;143491124
143607520;143723940
143840336;143956756
144073152;144189572
144305968;144422388
144538784;144655204
144771600;144888020
145004416;145120836
145237232;145353652
145470048;145586468
145702864;145819284
145935680;146052100
146168496;146284916
146401312;146517732
146634128;146750548
146866944;146983364
147099760;147216180
147332576;147448996
147565392;147681812
147798208;147914628
148031024;148147444
148263840;148380260
148496656;148613076
148729472;148845892
148962288;149078540
149194640;149311128
149427596;149544084
149660552;149777040
149893524;150010012
150126480;150242968
150359436;150475924
150592392;150708880
150825364;150941852
151058320;151174808
151291276;151407764
151524232;151640720
151757204;151873692
151990160;152106648
152223116;152339604
152456439;152572842
152689254;152805670
152922066;153038482
153154878;153271294
153387690;153504106
153620518;153736934
153853330;153969746
154086142;154202558
154318954;154435370
154551784;154668188
154784600;154901004
155017416;155133820
155250232;155366636
155483048;155599452
155715864;155832268
155948680;156065084
156181496;156297900
156414312;156530716
156647128;156763532
156879944;156996348
157112760;157229164
157345576;157461980
157578392;157694796
157811208;157927612
158044024;158160428
158276840;158393244
158509656;158626060
158742472;158858876
158975288;159091692
159208104;159324508
159440920;159557324
159673736;159790140
159906552;160022956
160139368;160255772
160372184;160488588
160605000;160721404
160837816;160954220
161070632;161187036
161303448;161419852
161536264;161652668
161769080;161885484
162001896;162118300
162234712;162351116
162467528;162583932
162700344;162816748
162933160;163049564
163165976;163282380
163398792;163515196
163631608;163748012
163864424;163980828
164097240;164213644
164330056;164446460
164562872;164679276
164795688;164912092
165028504;165144908
165261320;165377724
165494136;165610540
165726952;165843188
165959304;166075792
166192260;166308748
166425216;166541704
166658172;166774660
166891144;167007632
167124100;167240588
167357056;167473544
167590012;167706500
167822984;167939472
168055940;168172428
168288896;168405384
168521852;168638340
168754824;168871312
168987780;169104268
169221099;169337502
169453914;169570330
169686726;169803142
169919538;170035954
170152350;170268766
170385178;170501594
170617990;170734406
170850802;170967218
171083614;171200030
171316444;171432848
171549260;171665664
171782076;171898480
172014892;172131296
172247708;172364112
172480524;172596928
172713340;172829744
172946156;173062560
173178972;173295376
173411788;173528192
173644604;173761008
173877420;173993824
174110236;174226640
174343052;174459456
174575868;174692272
174808684;174925088
175041500;175157904
175274316;175390720
175507132;175623536
175739948;175856352
175972764;176089168
176205580;176321984
176438396;176554800
176671212;176787616
176904028;177020432
177136844;177253248
177369660;177486064
177602476;177718880
177835292;177951696
178068108;178184512
178300924;178417328
178533740;178650144
178766556;178882960
178999372;179115776
179232188;179348592
179465004;179581408
179697820;179814224
179930636;180047040
180163452;180279856
180396268;180512672
180629084;180745488
180861900;180978304
181094716;181211120
181327532;181443936
181560348;181676752
181793164;181909568
182025980;182142384
182258796;182375200
182491612;182608016
182724260;182840380
182956848;183073336
183189804;183306292
183422760;183539248
183655732;183772220
183888688;184005176
184121644;184238132
184354600;184471088
184587572;184704060
184820528;184937016
185053484;185169972
185286440;185402928
185519412;185635900
185752368;185868856
185985324;186102187
186218566;186334982
186451378;186567794
186684206;186800622
186917018;187033434
187149830;187266246
187382642;187499058
187615470;187731886
187848282;187964698
188081094;188197512
188313908;188430328
188546724;188663144
188779540;188895960
189012356;189128776
189245172;189361592
189477988;189594408
189710804;189827224
189943620;190060040
190176436;190292856
190409252;190525672
190642068;190758488
190874884;190991304
191107700;191224120
191340516;191456936
191573332;191689752
191806148;191922568
192038964;192155384
192271780;192388200
192504596;192621016
192737412;192853832
192970228;193086648
193203044;193319464
193435860;193552280
193668676;193785096
193901492;194017912
194134308;194250728
194367124;194483544
194599940;194716360
194832756;194949176
195065572;195181992
195298388;195414808
195531204;195647624
195764020;195880440
195996836;196113256
196229652;196346072
196462468;196578888
196695284;196811704
196928100;197044520
197160916;197277336
197393732;197510152
197626548;197742968
197859364;197975784
198092180;198208600
198324996;198441416
198557812;198674232
198790628;198907048
199023444;199139864
199256260;199372680
199488908;199605028
199721512;199838000
199954468;200070956
200187424;200303912
200420380;200536868
200653352;200769840
200886308;201002796
201119264;201235752
201352220;201468708
201585192;201701680
201818148;201934636
202051104;202167592
202284060;202400548
202517032;202633520
202749988;202866847
202983226;203099642
203216038;203332454
203448866;203565282
203681678;203798094
203914490;204030906
204147302;204263718
204380130;204496546
204612942;204729358
204845754;204962172
205078568;205194988
205311384;205427804
205544200;205660620
205777016;205893436
206009832;206126252
206242648;206359068
206475464;206591884
206708280;206824700
206941096;207057516
207173912;207290332
207406728;207523148
207639544;207755964
207872360;207988780
208105176;208221596
208337992;208454412
208570808;208687228
208803624;208920044
209036440;209152860
209269256;209385676
209502072;209618492
209734888;209851308
209967704;210084124
210200520;210316940
210433336;210549756
210666152;210782572
210898968;211015388
211131784;211248204
211364600;211481020
211597416;211713836
211830232;211946652
212063048;212179468
212295864;212412284
212528680;212645100
212761496;212877916
212994312;213110732
213227128;213343548
213459944;213576364
213692760;213809180
213925576;214041996
214158392;214274812
214391208;214507628
214624024;214740444
214856840;214973260
215089656;215206076
215322472;215438892
215555288;215671708
215788104;215904524
216020920;216137340
216253568;216369688
216486172;216602660
216719128;216835616
216952084;217068572
217185040;217301528
217418012;217534500
217650968;217767456
217883924;218000412
218116880;218233368
218349852;218466340
218582808;218699296
218815764;218932252
219048720;219165208
219281692;219398180
219514648;219631507
219747886;219864302
219980698;220097114
220213526;220329942
220446338;220562754
220679150;220795566
220911962;221028378
221144790;221261206
221377602;221494018
221610414;221726832
221843228;221959648
222076044;222192464
222308860;222425280
222541676;222658096
222774492;222890912
223007308;223123728
223240124;223356544
223472940;223589360
223705756;223822176
223938572;224054992
224171388;224287808
224404204;224520624
224637020;224753440
224869836;224986256
225102652;225219072
225335468;225451888
225568284;225684704
225801100;225917520
226033916;226150336
226266732;226383152
226499548;226615968
226732364;226848784
226965180;227081600
227197996;227314416
227430812;227547232
227663628;227780048
227896444;228012864
228129260;228245680
228362076;228478496
228594892;228711312
228827708;228944128
229060524;229176944
229293340;229409760
229526156;229642576
229758972;229875392
229991788;230108208
230224604;230341024
230457420;230573840
230690236;230806656
230923052;231039472
231155868;231272288
231388684;231505104
231621500;231737920
231854316;231970736
232087132;232203552
232319948;232436368
232552764;232669184
232785580;232902000
233018396;233134648
233250748;233367236
233483720;233600208
233716676;233833164
233949632;234066120
234182588;234299076
234415560;234532048
234648516;234765004
234881472;234997960
235114428;235230916
235347400;235463888
235580356;235696844
235813312;235929800
236046268;236162756
236279240;236395728
236512567;236628970
236745366;236861782
236978178;237094594
237210990;237327406
237443818;237560234
237676630;237793046
237909442;238025858
238142254;238258670
238375082;238491498
238607896;238724316
238840712;238957132
239073528;239189948
239306344;239422764
239539160;239655580
239771976;239888396
240004792;240121212
240237608;240354028
240470424;240586844
240703240;240819660
240936056;241052476
241168872;241285292
241401688;241518108
241634504;241750924
241867320;241983740
242100136;242216556
242332952;242449372
242565768;242682188
242798584;242915004
243031400;243147820
243264216;243380636
243497032;243613452
243729848;243846268
243962664;244079084
244195480;244311900
244428296;244544716
244661112;244777532
244893928;245010348
245126744;245243164
245359560;245475980
245592376;245708796
245825192;245941612
246058008;246174428
246290824;246407244
246523640;246640060
246756456;246872876
246989272;247105692
247222088;247338508
247454904;247571324
247687720;247804140
247920536;248036956
248153352;248269772
248386168;248502588
248618984;248735404
248851800;248968220
249084616;249201036
249317432;249433852
249550248;249666668
249783064;249899316
250015416;250131904
250248372;250364860
250481328;250597816
250714300;250830788
250947256;251063744
251180212;251296700
251413168;251529656
251646140;251762628
251879096;251995584
252112052;252228540
252345008;252461496
252577980;252694468
252810936;252927424
253043892;253160380
253277219;253393622
253510018;253626434
253742846;253859262
253975658;254092074
254208470;254324886
254441282;254557698
254674110;254790526
254906922;255023338
255139734;255256150
255372548;255488968
255605364;255721784
255838180;255954600
256070996;256187416
256303812;256420232
256536628;256653048
256769444;256885864
257002260;257118680
257235076;257351496
257467892;257584312
257700708;257817128
257933524;258049944
258166340;258282760
258399156;258515576
258631972;258748392
258864788;258981208
259097604;259214024
259330420;259446840
259563236;259679656
259796052;259912472
260028868;260145288
260261684;260378104
260494500;260610920
260727316;260843736
260960132;261076552
261192948;261309368
261425764;261542184
261658580;261775000
261891396;262007816
262124212;262240632
262357028;262473448
262589844;262706264
262822660;262939080
263055476;263171896
263288292;263404712
263521108;263637528
263753924;263870344
263986740;264103160
264219556;264335976
264452372;264568792
264685188;264801608
264918004;265034424
265150820;265267240
265383636;265500056
265616452;265732872
265849268;265965688
266082084;266198504
266314900;266431320
266547716;266664136
266780364;266896484
267012968;267129456
267245924;267362412
267478880;267595368
267711836;267828324
267944808;268061296
268177764;268294252
268410720;268527208
268643676;268760164
268876648;268993136
269109604;269226092
269342560;269459048
269575516;269692004
269808488;269924976
270041826;270158208
270274618;270391034
270507430;270623846
270740242;270856658
270973054;271089470
271205882;271322298
271438694;271555110
271671506;271787922
271904318;272020734
272137148;272253552
272369964;272486368
272602780;272719184
272835596;272952000
273068412;273184816
273301228;273417632
273534044;273650448
273766860;273883264
273999676;274116080
274232492;274348896
274465308;274581712
274698124;274814528
274930940;275047344
275163756;275280160
275396572;275512976
275629388;275745792
275862204;275978608
276095020;276211424
276327836;276444240
276560652;276677056
276793468;276909872
277026284;277142688
277259100;277375504
277491916;277608320
277724732;277841136
277957548;278073952
278190364;278306768
278423180;278539584
278655996;278772400
278888812;279005216
279121628;279238032
279354444;279470848
279587260;279703664
279820076;279936480
280052892;280169296
280285708;280402112
280518524;280634928
280751340;280867744
280984156;281100560
281216972;281333376
281449788;281566192
281682604;281799008
281915420;282031824
282148236;282264640
282381052;282497456
282613868;282730272
282846684;282963088
283079500;283195904
283312316;283428720
283544964;283661084
283777552;283894040
284010508;284126996
284243464;284359952
284476436;284592924
284709392;284825880
284942348;285058836
285175304;285291792
285408276;285524764
285641232;285757720
285874188;285990676
286107144;286223632
286340116;286456604
286573072;286689560
286806028;286922887
287039266;287155682
287272094;287388510
287504906;287621322
287737718;287854134
287970530;288086946
288203358;288319774
288436170;288552586
288668982;288785398
288901794;289018212
289134624;289251028
289367440;289483844
289600256;289716660
289833072;289949476
290065888;290182292
290298704;290415108
290531520;290647924
290764336;290880740
290997152;291113556
291229968;291346372
291462784;291579188
291695600;291812004
291928416;292044820
292161232;292277636
292394048;292510452
292626864;292743268
292859680;292976084
293092496;293208900
293325312;293441716
293558128;293674532
293790944;293907348
294023760;294140164
294256576;294372980
294489392;294605796
294722208;294838612
294955024;295071428
295187840;295304244
295420656;295537060
295653472;295769876
295886288;296002692
296119104;296235508
296351920;296468324
296584736;296701140
296817552;296933956
297050368;297166772
297283184;297399588
297516000;297632404
297748816;297865220
297981632;298098036
298214448;298330852
298447264;298563668
298680080;298796484
298912896;299029300
299145712;299262116
299378528;299494932
299611344;299727748
299844160;299960564
300076976;300193380
300309624;300425744
300542212;300658700
300775168;300891656
301008124;301124612
301241096;301357584
301474052;301590540
301707008;301823496
301939964;302056452
302172936;302289424
302405892;302522380
302638848;302755336
302871804;302988292
303104776;303221264
303337732;303454220
303570688;303687547
303803926;303920342
304036754;304153170
304269566;304385982
304502378;304618794
304735190;304851606
304968018;305084434
305200830;305317246
305433642;305550058
305666454;305782872
305899284;306015688
306132100;306248504
306364916;306481320
306597732;306714136
306830548;306946952
307063364;307179768
307296180;307412584
307528996;307645400
307761812;307878216
307994628;308111032
308227444;308343848
308460260;308576664
308693076;308809480
308925892;309042296
309158708;309275112
309391524;309507928
309624340;309740744
309857156;309973560
310089972;310206376
310322788;310439192
310555604;310672008
310788420;310904824
311021236;311137640
311254052;311370456
311486868;311603272
311719684;311836088
311952500;312068904
312185316;312301720
312418132;312534536
312650948;312767352
312883764;313000168
313116580;313232984
313349396;313465800
313582212;313698616
313815028;313931432
314047844;314164248
314280660;314397064
314513476;314629880
314746292;314862696
314979108;315095512
315211924;315328328
315444740;315561144
315677556;315793960
315910372;316026776
316143188;316259592
316376004;316492408
316608820;316725224
316841636;316958040
317074452;317190688
317306804;317423292
317539760;317656248
317772716;317889204
318005672;318122160
318238644;318355132
318471600;318588088
318704556;318821044
318937512;319054000
319170484;319286972
319403440;319519928
319636396;319752884
319869352;319985840
320102324;320218812
320335280;320451768
320568607;320685010
320801406;320917822
321034218;321150634
321267046;321383462
321499858;321616274
321732670;321849086
321965482;322081898
322198310;322314726
322431122;322547538
322663936;322780356
322896752;323013172
323129568;323245988
323362384;323478804
323595200;323711620
323828016;323944436
324060832;324177252
324293648;324410068
324526464;324642884
324759280;324875700
324992096;325108516
325224912;325341332
325457728;325574148
325690544;325806964
325923360;326039780
326156176;326272596
326388992;326505412
326621808;326738228
326854624;326971044
327087440;327203860
327320256;327436676
327553072;327669492
327785888;327902308
328018704;328135124
328251520;328367940
328484336;328600756
328717152;328833572
328949968;329066388
329182784;329299204
329415600;329532020
329648416;329764836
329881232;329997652
330114048;330230468
330346864;330463284
330579680;330696100
330812496;330928916
331045312;331161732
331278128;331394548
331510944;331627364
331743760;331860180
331976576;332092996
332209392;332325812
332442208;332558628
332675024;332791444
332907840;333024260
333140656;333257076
333373472;333489892
333606288;333722708
333839104;333955356
334071456;334187944
334304412;334420900
334537384;334653872
334770340;334886828
335003296;335119784
335236252;335352740
335469224;335585712
335702180;335818668
335935136;336051624
336168092;336284580
336401064;336517552
336634020;336750508
336866976;336983464
337099932;337216420
337333271;337449674
337566070;337682486
337798882;337915298
338031694;338148110
338264522;338380938
338497334;338613750
338730146;338846562
338962958;339079374
339195786;339312202
339428600;339545020
339661416;339777836
339894232;340010652
340127048;340243468
340359864;340476284
340592680;340709100
340825496;340941916
341058312;341174732
341291128;341407548
341523944;341640364
341756760;341873180
341989576;342105996
342222392;342338812
342455208;342571628
342688024;342804444
342920840;343037260
343153656;343270076
343386472;343502892
343619288;343735708
343852104;343968524
344084920;344201340
344317736;344434156
344550552;344666972
344783368;344899788
345016184;345132604
345249000;345365420
345481816;345598236
345714632;345831052
345947448;346063868
346180264;346296684
346413080;346529500
346645896;346762316
346878712;346995132
347111528;347227948
347344344;347460764
347577160;347693580
347809976;347926396
348042792;348159212
348275608;348392028
348508424;348624844
348741240;348857660
348974056;349090476
349206872;349323292
349439688;349556108
349672504;349788924
349905320;350021740
350138136;350254556
350370952;350487372
350603768;350720188
350836416;350952536
351069004;351185492
351301960;351418448
351534932;351651420
351767888;351884376
352000844;352117332
352233800;352350288
352466772;352583260
352699728;352816216
352932684;353049172
353165640;353282128
353398612;353515100
353631568;353748056
353864524;353981012
354097882;354214248
354330658;354447074
354563470;354679886
354796282;354912698
355029110;355145526
355261922;355378338
355494734;355611150
355727546;355843962
355960374;356076790
356193188;356309608
356426004;356542424
356658820;356775240
356891636;357008056
357124452;357240872
357357268;357473688
357590084;357706504
357822900;357939320
358055716;358172136
358288532;358404952
358521348;358637768
358754164;358870584
358986980;359103400
359219796;359336216
359452612;359569032
359685428;359801848
359918244;360034664
360151060;360267480
360383876;360500296
360616692;360733112
360849508;360965928
361082324;361198744
361315140;361431560
361547956;361664376
361780772;361897192
362013588;362130008
362246404;362362824
362479220;362595640
362712036;362828456
362944852;363061272
363177668;363294088
363410484;363526904
363643300;363759720
363876116;363992536
364108932;364225352
364341748;364458168
364574564;364690984
364807380;364923800
365040196;365156616
365273012;365389432
365505828;365622248
365738644;365855064
365971460;366087880
366204276;366320696
366437092;366553512
366669908;366786328
366902724;367019144
367135540;367251960
367368356;367484776
367601004;367717124
367833592;367950080
368066548;368183036
368299520;368416008
368532476;368648964
368765432;368881920
368998388;369114876
369231360;369347848
369464316;369580804
369697272;369813760
369930228;370046716
370163200;370279688
370396156;370512644
370629112;370745600
370862068;370978927
371095322;371211738
371328134;371444550
371560946;371677362
371793758;371910174
372026586;372143002
372259398;372375814
372492210;372608626
372725022;372841438
372957850;373074268
373190664;373307084
373423480;373539900
373656296;373772716
373889112;374005532
374121928;374238348
374354744;374471164
374587560;374703980
374820376;374936796
375053192;375169612
375286008;375402428
375518824;375635244
375751640;375868060
375984456;376100876
376217272;376333692
376450088;376566508
376682904;376799324
376915720;377032140
377148536;377264956
377381352;377497772
377614168;377730588
377846984;377963404
378079800;378196220
378312616;378429036
378545432;378661852
378778248;378894668
379011064;379127484
379243880;379360300
379476696;379593116
379709512;379825932
379942328;380058748
380175144;380291564
380407960;380524380
380640776;380757196
380873592;380990012
381106408;381222828
381339224;381455644
381572040;381688460
381804856;381921276
382037672;382154092
382270488;382386908
382503304;382619724
382736120;382852540
382968936;383085356
383201752;383318172
383434568;383550988
383667384;383783804
383900200;384016620
384133016;384249436
384365664;384481784
384598252;384714740
384831208;384947696
385064180;385180668
385297136;385413624
385530092;385646580
385763048;385879536
385996020;386112508
386228976;386345464
386461932;386578420
386694888;386811376
386927860;387044348
387160816;387277304
387393772;387510260
387626728;387743583
387859978;387976394
388092790;388209206
388325602;388442018
388558430;388674846
388791242;388907658
389024054;389140470
389256866;389373282
389489694;389606110
389722506;389838924
389955320;390071740
390188136;390304556
390420952;390537372
390653768;390770188
390886584;391003004
391119400;391235820
391352216;391468636
391585032;391701452
391817848;391934268
392050664;392167084
392283480;392399900
392516296;392632716
392749112;392865532
392981928;393098348
393214744;393331164
393447560;393563980
393680376;393796796
393913192;394029612
394146008;394262428
394378824;394495244
394611640;394728060
394844456;394960876
395077272;395193692
395310088;395426508
395542904;395659324
395775720;395892140
396008536;396124956
396241352;396357772
396474168;396590588
396706984;396823404
396939800;397056220
397172616;397289036
397405432;397521852
397638248;397754668
397871064;397987484
398103880;398220300
398336696;398453116
398569512;398685932
398802328;398918748
399035144;399151564
399267960;399384380
399500776;399617196
399733592;399850012
399966408;400082828
400199224;400315644
400432040;400548460
400664856;400781276
400897672;401014092
401130488;401246740
401362840;401479328
401595796;401712284
401828768;401945256
402061724;402178212
402294680;402411168
402527636;402644124
402760608;402877096
402993564;403110052
403226520;403343008
403459476;403575964
403692448;403808936
403925404;404041892
404158360;404274848
404391316;404507804
404624643;404741046
404857458;404973874
405090270;405206686
405323082;405439498
405555894;405672310
405788722;405905138
406021534;406137950
406254346;406370762
406487158;406603574
406719988;406836392
406952804;407069208
407185620;407302024
407418436;407534840
407651252;407767656
407884068;408000472
408116884;408233288
408349700;408466104
408582516;408698920
408815332;408931736
409048148;409164552
409280964;409397368
409513780;409630184
409746596;409863000
409979412;410095816
410212228;410328632
410445044;410561448
410677860;410794264
410910676;411027080
411143492;411259896
411376308;411492712
411609124;411725528
411841940;411958344
412074756;412191160
412307572;412423976
412540388;412656792
412773204;412889608
413006020;413122424
413238836;413355240
413471652;413588056
413704468;413820872
413937284;414053688
414170100;414286504
414402916;414519320
414635732;414752136
414868548;414984952
415101364;415217768
415334180;415450584
415566996;415683400
415799812;415916216
416032628;416149032
416265444;416381848
416498260;416614664
416731076;416847480
416963892;417080296
417196708;417313112
417429524;417545928
417662340;417778744
417895156;418011392
418127508;418243996
418360464;418476952
418593420;418709908
418826376;418942864
419059348;419175836
419292304;419408792
419525260;419641748
419758216;419874704
419991188;420107676
420224144;420340632
420457100;420573588
420690056;420806544
420923028;421039516
421155984;421272472
421389311;421505714
421622110;421738526
421854922;421971338
422087750;422204166
422320562;422436978
422553374;422669790
422786186;422902602
423019014;423135430
423251826;423368242
423484640;423601060
423717456;423833876
423950272;424066692
424183088;424299508
424415904;424532324
424648720;424765140
424881536;424997956
425114352;425230772
425347168;425463588
425579984;425696404
425812800;425929220
426045616;426162036
426278432;426394852
426511248;426627668
426744064;426860484
426976880;427093300
427209696;427326116
427442512;427558932
427675328;427791748
427908144;428024564
428140960;428257380
428373776;428490196
428606592;428723012
428839408;428955828
429072224;429188644
429305040;429421460
429537856;429654276
429770672;429887092
430003488;430119908
430236304;430352724
430469120;430585540
430701936;430818356
430934752;431051172
431167568;431283988
431400384;431516804
431633200;431749620
431866016;431982436
432098832;432215252
432331648;432448068
432564464;432680884
432797280;432913700
433030096;433146516
433262912;433379332
433495728;433612148
433728544;433844964
433961360;434077780
434194176;434310596
434426992;434543412
434659808;434776060
434892160;435008648
435125116;435241604
435358088;435474576
435591044;435707532
435824000;435940488
436056956;436173444
436289928;436406416
436522884;436639372
436755840;436872328
436988796;437105284
437221768;437338256
437454724;437571212
437687680;437804168
437920636;438037124
438153963;438270366
438386778;438503194
438619590;438736006
438852402;438968818
439085214;439201630
439318042;439434458
439550854;439667270
439783666;439900082
440016478;440132894
440249308;440365712
440482124;440598528
440714940;440831344
440947756;441064160
441180572;441296976
441413388;441529792
441646204;441762608
441879020;441995424
442111836;442228240
442344652;442461056
442577468;442693872
442810284;442926688
443043100;443159504
443275916;443392320
443508732;443625136
443741548;443857952
443974364;444090768
444207180;444323584
444439996;444556400
444672812;444789216
444905628;445022032
445138444;445254848
445371260;445487664
445604076;445720480
445836892;445953296
446069708;446186112
446302524;446418928
446535340;446651744
446768156;446884560
447000972;447117376
447233788;447350192
447466604;447583008
447699420;447815824
447932236;448048640
448165052;448281456
448397868;448514272
448630684;448747088
448863500;448979904
449096316;449212720
449329132;449445536
449561948;449678352
449794764;449911168
450027580;450143984
450260396;450376800
450493212;450609616
450726028;450842432
450958844;451075248
451191660;451308064
451424476;451540880
451657124;451773244
451889712;452006200
452122668;452239156
452355624;452472112
452588596;452705084
452821552;452938040
453054508;453170996
453287464;453403952
453520436;453636924
453753392;453869880
453986348;454102836
454219304;454335792
454452276;454568764
454685232;454801720
454918188;455035047
455151426;455267842
455384254;455500670
455617066;455733482
455849878;455966294
456082690;456199106
456315518;456431934
456548330;456664746
456781142;456897558
457013954;457130372
457246784;457363188
457479600;457596004
457712416;457828820
457945232;458061636
458178048;458294452
458410864;458527268
458643680;458760084
458876496;458992900
459109312;459225716
459342128;459458532
459574944;459691348
459807760;459924164
460040576;460156980
460273392;460389796
460506208;460622612
460739024;460855428
460971840;461088244
461204656;461321060
461437472;461553876
461670288;461786692
461903104;462019508
462135920;462252324
462368736;462485140
462601552;462717956
462834368;462950772
463067184;463183588
463300000;463416404
463532816;463649220
463765632;463882036
463998448;464114852
464231264;464347668
464464080;464580484
464696896;464813300
464929712;465046116
465162528;465278932
465395344;465511748
465628160;465744564
465860976;465977380
466093792;466210196
466326608;466443012
466559424;466675828
466792240;466908644
467025056;467141460
467257872;467374276
467490688;467607092
467723504;467839908
467956320;468072724
468189136;468305540
468421784;468537904
468654372;468770860
468887328;469003816
469120284;469236772
469353256;469469744
469586212;469702700
469819168;469935656
470052124;470168612
470285096;470401584
470518052;470634540
470751008;470867496
470983964;471100452
471216936;471333424
471449892;471566380
471682848;471799707
471916086;472032502
472148914;472265330
472381726;472498142
472614538;472730954
472847350;472963766
473080178;473196594
473312990;473429406
473545802;473662218
473778614;473895032
474011444;474127848
474244260;474360664
474477076;474593480
474709892;474826296
474942708;475059112
475175524;475291928
475408340;475524744
475641156;475757560
475873972;475990376
476106788;476223192
476339604;476456008
476572420;476688824
476805236;476921640
477038052;477154456
477270868;477387272
477503684;477620088
477736500;477852904
477969316;478085720
478202132;478318536
478434948;478551352
478667764;478784168
478900580;479016984
479133396;479249800
479366212;479482616
479599028;479715432
479831844;479948248
480064660;480181064
480297476;480413880
480530292;480646696
480763108;480879512
480995924;481112328
481228740;481345144
481461556;481577960
481694372;481810776
481927188;482043592
482160004;482276408
482392820;482509224
482625636;482742040
482858452;482974856
483091268;483207672
483324084;483440488
483556900;483673304
483789716;483906120
484022532;484138936
484255348;484371752
484488164;484604568
484720980;484837384
484953796;485070200
485186612;485302848
485418964;485535452
485651920;485768408
485884876;486001364
486117832;486234320
486350804;486467292
486583760;486700248
486816716;486933204
487049672;487166160
487282644;487399132
487515600;487632088
487748556;487865044
487981512;488098000
488214484;488330972
488447440;488567398
488680672;488797090
488913502;489029918
489146314;489262730
489379126;489495542
489611938;489728354
489844766;489961182
490077578;490193994
490310390;490426806
490543202;490659620
490776032;490892436
491008848;491125252
491241664;491358068
491474480;491590884
491707296;491823700
491940112;492056516
492172928;492289332
492405744;492522148
492638560;492754964
492871376;492987780
493104192;493220596
493337008;493453412
493569824;493686228
493802640;493919044
494035456;494151860
494268272;494384676
494501088;494617492
494733904;494850308
494966720;495083124
495199536;495315940
495432352;495548756
495665168;495781572
495897984;496014388
496130800;496247204
496363616;496480020
496596432;496712836
496829248;496945652
497062064;497178468
497294880;497411284
497527696;497644100
497760512;497876916
497993328;498109732
498226144;498342548
498458960;498575364
498691776;498808180
498924592;499040996
499157408;499273812
499390224;499506628
499623040;499739444
499855856;499972260
500088672;500205076
500321488;500437892
500554304;500670708
500787120;500903524
501019936;501136340
501252752;501369156
501485568;501601972
501718384;501834788
501951200;502067436
502183552;502300040
502416508;502532996
502649464;502765952
502882420;502998908
503115392;503231880
503348348;503464836
503581304;503697792
503814260;503930748
504047232;504163720
504280188;504396676
504513144;504629632
504746100;504862588
504979072;505095560
505212028;505328516
505445351;505561754
505678150;505794566
505910978;506027394
506143790;506260206
506376602;506493018
506609414;506725830
506842242;506958658
507075054;507191470
507307866;507424282
507540680;507657100
507773496;507889916
508006312;508122732
508239128;508355548
508471944;508588364
508704760;508821180
508937576;509053996
509170392;509286812
509403208;509519628
509636024;509752444
509868840;509985260
510101656;510218076
510334472;510450892
510567288;510683708
510800104;510916524
511032920;511149340
511265736;511382156
511498552;511614972
511731368;511847788
511964184;512080604
512197000;512313420
512429816;512546236
512662632;512779052
512895448;513011868
513128264;513244684
513361080;513477500
513593896;513710316
513826712;513943132
514059528;514175948
514292344;514408764
514525160;514641580
514757976;514874396
514990792;515107212
515223608;515340028
515456424;515572844
515689240;515805660
515922056;516038476
516154872;516271292
516387688;516504108
516620504;516736924
516853320;516969740
517086136;517202556
517318952;517435372
517551768;517668188
517784584;517901004
518017400;518133820
518250216;518366636
518483032;518599452
518715848;518832100
518948200;519064688
519181172;519297660
519414128;519530616
519647084;519763572
519880040;519996528
520113012;520229500
520345968;520462456
520578924;520695412
520811880;520928368
521044852;521161340
521277808;521394296
521510764;521627252
521743720;521860208
521976692;522093180
522210011;522326414
522442810;522559226
522675638;522792054
522908450;523024866
523141262;523257678
523374074;523490490
523606902;523723318
523839714;523956130
524072526;524188942
524305340;524421760
524538156;524654576
524770972;524887392
525003788;525120208
525236604;525353024
525469420;525585840
525702236;525818656
525935052;526051472
526167868;526284288
526400684;526517104
526633500;526749920
526866316;526982736
527099132;527215552
527331948;527448368
527564764;527681184
527797580;527914000
528030396;528146816
528263212;528379632
528496028;528612448
528728844;528845264
528961660;529078080
529194476;529310896
529427292;529543712
529660108;529776528
529892924;530009344
530125740;530242160
530358556;530474976
530591372;530707792
530824188;530940608
531057004;531173424
531289820;531406240
531522636;531639056
531755452;531871872
531988268;532104688
532221084;532337504
532453900;532570320
532686716;532803136
532919532;533035952
533152348;533268768
533385164;533501584
533617980;533734400
533850796;533967216
534083612;534200032
534316428;534432848
534549244;534665664
534782060;534898480
535014876;535131296
535247692;535364112
535480508;535596928
535713156;535829276
535945760;536062248
536178716;536295204
536411672;536528160
536644628;536761116
536877600;536994088
537110556;537227044
537343512;537460000
537576468;537692956
537809440;537925928
538042396;538158884
538275352;538391840
538508308;538624796
538741280;538857768
538974236;539091083
539207478;539323894
539440290;539556706
539673102;539789518
539905930;540022346
540138742;540255158
540371554;540487970
540604366;540720782
540837194;540953610
541070006;541186424
541302820;541419240
541535636;541652056
541768452;541884872
542001268;542117688
542234084;542350504
542466900;542583320
542699716;542816136
542932532;543048952
543165348;543281768
543398164;543514584
543630980;543747400
543863796;543980216
544096612;544213032
544329428;544445848
544562244;544678664
544795060;544911480
545027876;545144296
545260692;545377112
545493508;545609928
545726324;545842744
545959140;546075560
546191956;546308376
546424772;546541192
546657588;546774008
546890404;547006824
547123220;547239640
547356036;547472456
547588852;547705272
547821668;547938088
548054484;548170904
548287300;548403720
548520116;548636536
548752932;548869352
548985748;549102168
549218564;549334984
549451380;549567800
549684196;549800616
549917012;550033432
550149828;550266248
550382644;550499064
550615460;550731880
550848276;550964696
551081092;551197512
551313908;551430328
551546724;551663144
551779540;551895960
552012356;552128776
552245172;552361592
552477820;552593940
552710408;552826896
552943380;553059868
553176336;553292824
553409292;553525780
553642248;553758736
553875220;553991708
554108176;554224664
554341132;554457620
554574088;554690576
554807060;554923548
555040016;555156504
555272972;555389460
555505928;555622416
555738900;555855743
555972138;556088554
556204950;556321366
556437762;556554178
556670590;556787006
556903402;557019818
557136214;557252630
557369026;557485442
557601854;557718270
557834666;557951084
558067480;558183900
558300296;558416716
558533112;558649532
558765928;558882348
558998744;559115164
559231560;559347980
559464376;559580796
559697192;559813612
559930008;560046428
560162824;560279244
560395640;560512060
560628456;560744876
560861272;560977692
561094088;561210508
561326904;561443324
561559720;561676140
561792536;561908956
562025352;562141772
562258168;562374588
562490984;562607404
562723800;562840220
562956616;563073036
563189432;563305852
563422248;563538668
563655064;563771484
563887880;564004300
564120696;564237116
564353512;564469932
564586328;564702748
564819144;564935564
565051960;565168380
565284776;565401196
565517592;565634012
565750408;565866828
565983224;566099644
566216040;566332460
566448856;566565276
566681672;566798092
566914488;567030908
567147304;567263724
567380120;567496540
567612936;567729356
567845752;567962172
568078568;568194988
568311384;568427804
568544200;568660620
568777016;568893436
569009832;569126252
569242648;569358900
569475000;569591488
569707956;569824444
569940928;570057416
570173884;570290372
570406840;570523328
570639796;570756284
570872768;570989256
571105724;571222212
571338680;571455168
571571636;571688124
571804608;571921096
572037564;572154052
572270520;572387008
572503476;572620331
572736726;572853142
572969538;573085954
573202350;573318766
573435178;573551594
573667990;573784406
573900802;574017218
574133614;574250030
574366442;574482858
574599254;574715672
574832068;574948488
575064884;575181304
575297700;575414120
575530516;575646936
575763332;575879752
575996148;576112568
576228964;576345384
576461780;576578200
576694596;576811016
576927412;577043832
577160228;577276648
577393044;577509464
577625860;577742280
577858676;577975096
578091492;578207912
578324308;578440728
578557124;578673544
578789940;578906360
579022756;579139176
579255572;579371992
579488388;579604808
579721204;579837624
579954020;580070440
580186836;580303256
580419652;580536072
580652468;580768888
580885284;581001704
581118100;581234520
581350916;581467336
581583732;581700152
581816548;581932968
582049364;582165784
582282180;582398600
582514996;582631416
582747812;582864232
582980628;583097048
583213444;583329864
583446260;583562680
583679076;583795496
583911892;584028312
584144708;584261128
584377524;584493944
584610340;584726760
584843156;584959576
585075972;585192392
585308788;585425208
585541604;585658024
585774420;585890840
586007236;586123488
586239588;586356076
586472544;586589032
586705516;586822004
586938472;587054960
587171428;587287916
587404384;587520872
587637356;587753844
587870312;587986800
588103268;588219756
588336224;588452712
588569196;588685684
588802152;588918640
589035108;589151596
589268064;589384552
589501391;589617794
589734206;589850622
589967018;590083434
590199830;590316246
590432642;590549058
590665470;590781886
590898282;591014698
591131094;591247510
591363906;591480322
591596736;591713140
591829552;591945956
592062368;592178772
592295184;592411588
592528000;592644404
592760816;592877220
592993632;593110036
593226448;593342852
593459264;593575668
593692080;593808484
593924896;594041300
594157712;594274116
594390528;594506932
594623344;594739748
594856160;594972564
595088976;595205380
595321792;595438196
595554608;595671012
595787424;595903828
596020240;596136644
596253056;596369460
596485872;596602276
596718688;596835092
596951504;597067908
597184320;597300724
597417136;597533540
597649952;597766356
597882768;597999172
598115584;598231988
598348400;598464804
598581216;598697620
598814032;598930436
599046848;599163252
599279664;599396068
599512480;599628884
599745296;599861700
599978112;600094516
600210928;600327332
600443744;600560148
600676560;600792964
600909376;601025780
601142192;601258596
601375008;601491412
601607824;601724228
601840640;601957044
602073456;602189860
602306272;602422676
602539088;602655492
602771904;602888140
603004256;603120744
603237212;603353700
603470168;603586656
603703124;603819612
603936096;604052584
604169052;604285540
604402008;604518496
604634964;604751452
604867936;604984424
605100892;605217380
605333848;605450336
605566804;605683292
605799776;605916264
606032732;606149220
606266055;606382458
606498854;606615270
606731682;606848098
606964494;607080910
607197306;607313722
607430118;607546534
607662946;607779362
607895758;608012174
608128570;608244986
608361384;608477804
608594200;608710620
608827016;608943436
609059832;609176252
609292648;609409068
609525464;609641884
609758280;609874700
609991096;610107516
610223912;610340332
610456728;610573148
610689544;610805964
610922360;611038780
611155176;611271596
611387992;611504412
611620808;611737228
611853624;611970044
612086440;612202860
612319256;612435676
612552072;612668492
612784888;612901308
613017704;613134124
613250520;613366940
613483336;613599756
613716152;613832572
613948968;614065388
614181784;614298204
614414600;614531020
614647416;614763836
614880232;614996652
615113048;615229468
615345864;615462284
615578680;615695100
615811496;615927916
616044312;616160732
616277128;616393548
616509944;616626364
616742760;616859180
616975576;617091996
617208392;617324812
617441208;617557628
617674024;617790444
617906840;618023260
618139656;618256076
618372472;618488892
618605288;618721708
618838104;618954524
619070920;619187340
619303736;619420156
619536552;619652972
619769200;619885320
620001804;620118292
620234760;620351248
620467716;620584204
620700672;620817160
620933644;621050132
621166600;621283088
621399556;621516044
621632512;621749000
621865484;621981972
622098440;622214928
622331396;622447884
622564352;622680840
622797324;622913812
623034598;623147044
623263454;623379870
623496266;623612682
623729078;623845494
623961890;624078306
624194718;624311134
624427530;624543946
624660342;624776758
624893154;625009570
625125982;625242400
625358796;625475216
625591612;625708032
625824428;625940848
626057244;626173664
626290060;626406480
626522876;626639296
626755692;626872112
626988508;627104928
627221324;627337744
627454140;627570560
627686956;627803376
627919772;628036192
628152588;628269008
628385404;628501824
628618220;628734640
628851036;628967456
629083852;629200272
629316668;629433088
629549484;629665904
629782300;629898720
630015116;630131536
630247932;630364352
630480748;630597168
630713564;630829984
630946380;631062800
631179196;631295616
631412012;631528432
631644828;631761248
631877644;631994064
632110460;632226880
632343276;632459696
632576092;632692512
632808908;632925328
633041724;633158144
633274540;633390960
633507356;633623776
633740172;633856592
633972988;634089408
634205804;634322224
634438620;634555040
634671436;634787856
634904252;635020672
635137068;635253488
635369884;635486304
635602700;635719120
635835516;635951936
636068332;636184752
636301148;636417568
636533796;636649916
636766384;636882872
636999340;637115828
637232312;637348800
637465268;637581756
637698224;637814712
637931180;638047668
638164152;638280640
638397108;638513596
638630064;638746552
638863020;638979508
639095992;639212480
639328948;639445436
639561904;639678392
639794860;639911719
640028114;640144530
640260926;640377342
640493738;640610154
640726550;640842966
640959378;641075794
641192190;641308606
641425002;641541418
641657814;641774230
641890642;642007060
642123456;642239876
642356272;642472692
642589088;642705508
642821904;642938324
643054720;643171140
643287536;643403956
643520352;643636772
643753168;643869588
643985984;644102404
644218800;644335220
644451616;644568036
644684432;644800852
644917248;645033668
645150064;645266484
645382880;645499300
645615696;645732116
645848512;645964932
646081328;646197748
646314144;646430564
646546960;646663380
646779776;646896196
647012592;647129012
647245408;647361828
647478224;647594644
647711040;647827460
647943856;648060276
648176672;648293092
648409488;648525908
648642304;648758724
648875120;648991540
649107936;649224356
649340752;649457172
649573568;649689988
649806384;649922804
650039200;650155620
650272016;650388436
650504832;650621252
650737648;650854068
650970464;651086884
651203280;651319700
651436096;651552516
651668912;651785332
651901728;652018148
652134544;652250964
652367360;652483780
652600176;652716596
652832992;652949412
653065808;653182228
653298456;653414576
653531044;653647532
653764000;653880488
653996972;654113460
654229928;654346416
654462884;654579372
654695840;654812328
654928812;655045300
655161768;655278256
655394724;655511212
655627680;655744168
655860652;655977140
656093608;656210096
656326564;656443052
656559520;656676379
656792774;656909190
657025586;657142002
657258398;657374814
657491210;657607626
657724038;657840454
657956850;658073266
658189662;658306078
658422474;658538890
658655302;658771720
658888116;659004536
659120932;659237352
659353748;659470168
659586564;659702984
659819380;659935800
660052196;660168616
660285012;660401432
660517828;660634248
660750644;660867064
660983460;661099880
661216276;661332696
661449092;661565512
661681908;661798328
661914724;662031144
662147540;662263960
662380356;662496776
662613172;662729592
662845988;662962408
663078804;663195224
663311620;663428040
663544436;663660856
663777252;663893672
664010068;664126488
664242884;664359304
664475700;664592120
664708516;664824936
664941332;665057752
665174148;665290568
665406964;665523384
665639780;665756200
665872596;665989016
666105412;666221832
666338228;666454648
666571044;666687464
666803860;666920280
667036676;667153096
667269492;667385912
667502308;667618728
667735124;667851544
667967940;668084360
668200756;668317176
668433572;668549992
668666388;668782808
668899204;669015624
669132020;669248440
669364836;669481256
669597652;669714072
669830468;669946888
670063284;670179536
670295636;670412124
670528592;670645080
670761548;670878036
670994520;671111008
671227476;671343964
671460432;671576920
671693388;671809876
671926360;672042848
672159316;672275804
672392272;672508760
672625228;672741716
672858200;672974688
673091156;673207644
673324112;673440600
673557439;673673842
673790238;673906654
674023066;674139482
674255878;674372294
674488690;674605106
674721502;674837918
674954330;675070746
675187142;675303558
675419954;675536370
675652768;675769188
675885584;676002004
676118400;676234820
676351216;676467636
676584032;676700452
676816848;676933268
677049664;677166084
677282480;677398900
677515296;677631716
677748112;677864532
677980928;678097348
678213744;678330164
678446560;678562980
678679376;678795796
678912192;679028612
679145008;679261428
679377824;679494244
679610640;679727060
679843456;679959876
680076272;680192692
680309088;680425508
680541904;680658324
680774720;680891140
681007536;681123956
681240352;681356772
681473168;681589588
681705984;681822404
681938800;682055220
682171616;682288036
682404432;682520852
682637248;682753668
682870064;682986484
683102880;683219300
683335696;683452116
683568512;683684932
683801328;683917748
684034144;684150564
684266960;684383380
684499776;684616196
684732592;684849012
684965408;685081828
685198224;685314644
685431040;685547460
685663856;685780276
685896672;686013092
686129488;686245908
686362304;686478724
686595120;686711540
686827936;686944188
687060288;687176776
687293260;687409748
687526216;687642704
687759172;687875660
687992128;688108616
688225100;688341588
688458056;688574544
688691012;688807500
688923968;689040456
689156940;689273428
689389896;689506384
689622852;689739340
689855808;689972296
690088780;690205268
690322103;690438506
690554902;690671318
690787714;690904130
691020542;691136958
691253354;691369770
691486166;691602582
691718978;691835394
691951806;692068222
692184618;692301034
692417432;692533852
692650248;692766668
692883064;692999484
693115880;693232300
693348696;693465116
693581512;693697932
693814328;693930748
694047144;694163564
694279960;694396380
694512776;694629196
694745592;694862012
694978408;695094828
695211224;695327644
695444040;695560460
695676856;695793276
695909672;696026092
696142488;696258908
696375304;696491724
696608120;696724540
696840936;696957356
697073752;697190172
697306568;697422988
697539384;697655804
697772200;697888620
698005016;698121436
698237832;698354252
698470648;698587068
698703464;698819884
698936280;699052700
699169096;699285516
699401912;699518332
699634728;699751148
699867544;699983964
700100360;700216780
700333176;700449596
700565992;700682412
700798808;700915228
701031624;701148044
701264440;701380860
701497256;701613676
701730072;701846492
701962888;702079308
702195704;702312124
702428520;702544940
702661336;702777756
702894152;703010572
703126968;703243388
703359784;703476204
703592600;703709020
703825248;703941368
704057836;704174324
704290808;704407296
704523764;704640252
704756720;704873208
704989676;705106164
705222648;705339136
705455604;705572092
705688560;705805048
705921516;706038004
706154488;706270976
706387444;706503932
706620400;706736888
706853356;706969844
707086714;707203098
707319494;707435910
707552306;707668722
707785118;707901534
708017946;708134362
708250758;708367174
708483570;708599986
708716382;708832798
708949210;709065626
709182024;709298444
709414840;709531260
709647656;709764076
709880472;709996892
710113288;710229708
710346104;710462524
710578920;710695340
710811736;710928156
711044552;711160972
711277368;711393788
711510184;711626604
711743000;711859420
711975816;712092236
712208632;712325052
712441448;712557868
712674264;712790684
712907080;713023500
713139896;713256316
713372712;713489132
713605528;713721948
713838344;713954764
714071160;714187580
714303976;714420396
714536792;714653212
714769608;714886028
715002424;715118844
715235240;715351660
715468056;715584476
715700872;715817292
715933688;716050108
716166504;716282924
716399320;716515740
716632136;716748556
716864952;716981372
717097768;717214188
717330584;717447004
717563400;717679820
717796216;717912636
718029032;718145452
718261848;718378268
718494664;718611084
718727480;718843900
718960296;719076716
719193112;719309532
719425928;719542348
719658744;719775164
719891560;720007980
720124376;720240796
720357192;720473612
720589840;720705960
720822428;720938916
721055384;721171872
721288356;721404844
721521312;721637800
721754268;721870756
721987224;722103712
722220196;722336684
722453152;722569640
722686108;722802596
722919064;723035552
723152036;723268524
723384992;723501480
723617948;723734436
723850904;723967759
724084154;724200570
724316966;724433382
724549778;724666194
724782606;724899022
725015418;725131834
725248230;725364646
725481042;725597458
725713870;725830286
725946682;726063100
726179496;726295916
726412312;726528732
726645128;726761548
726877944;726994364
727110760;727227180
727343576;727459996
727576392;727692812
727809208;727925628
728042024;728158444
728274840;728391260
728507656;728624076
728740472;728856892
728973288;729089708
729206104;729322524
729438920;729555340
729671736;729788156
729904552;730020972
730137368;730253788
730370184;730486604
730603000;730719420
730835816;730952236
731068632;731185052
731301448;731417868
731534264;731650684
731767080;731883500
731999896;732116316
732232712;732349132
732465528;732581948
732698344;732814764
732931160;733047580
733163976;733280396
733396792;733513212
733629608;733746028
733862424;733978844
734095240;734211660
734328056;734444476
734560872;734677292
734793688;734910108
735026504;735142924
735259320;735375740
735492136;735608556
735724952;735841372
735957768;736074188
736190584;736307004
736423400;736539820
736656216;736772636
736889032;737005452
737121848;737238268
737354496;737470616
737587084;737703572
737820056;737936544
738053012;738169500
738285968;738402456
738518924;738635412
738751896;738868384
738984852;739101340
739217808;739334296
739450764;739567252
739683736;739800224
739916692;740033180
740149648;740266136
740382604;740499092
740615576;740732431
740848810;740965226
741081622;741198038
741314450;741430866
741547262;741663678
741780074;741896490
742012886;742129302
742245714;742362130
742478526;742594942
742711338;742827756
742944152;743060572
743176968;743293388
743409784;743526204
743642600;743759020
743875416;743991836
744108232;744224652
744341048;744457468
744573864;744690284
744806680;744923100
745039496;745155916
745272312;745388732
745505128;745621548
745737944;745854364
745970760;746087180
746203576;746319996
746436392;746552812
746669208;746785628
746902024;747018444
747134840;747251260
747367656;747484076
747600472;747716892
747833288;747949708
748066104;748182524
748298920;748415340
748531736;748648156
748764552;748880972
748997368;749113788
749230184;749346604
749463000;749579420
749695816;749812236
749928632;750045052
750161448;750277868
750394264;750510684
750627080;750743500
750859896;750976316
751092712;751209132
751325528;751441948
751558344;751674764
751791160;751907580
752023976;752140396
752256792;752373212
752489608;752606028
752722424;752838844
752955240;753071660
753188056;753304476
753420872;753537292
753653688;753770108
753886504;754002924
754119320;754235572
754351672;754468160
754584644;754701132
754817600;754934088
755050556;755167044
755283512;755400000
755516484;755632972
755749440;755865928
755982396;756098884
756215352;756331840
756448324;756564812
756681280;756797768
756914236;757030724
757147192;757263680
757380164;757500102
757613472;757729890
757846286;757962702
758079098;758195514
758311926;758428342
758544738;758661154
758777550;758893966
759010362;759126778
759243190;759359606
759476002;759592418
759708816;759825236
759941632;760058052
760174448;760290868
760407264;760523684
760640080;760756500
760872896;760989316
761105712;761222132
761338528;761454948
761571344;761687764
761804160;761920580
762036976;762153396
762269792;762386212
762502608;762619028
762735424;762851844
762968240;763084660
763201056;763317476
763433872;763550292
763666688;763783108
763899504;764015924
764132320;764248740
764365136;764481556
764597952;764714372
764830768;764947188
765063584;765180004
765296400;765412820
765529216;765645636
765762032;765878452
765994848;766111268
766227664;766344084
766460480;766576900
766693296;766809716
766926112;767042532
767158928;767275348
767391744;767508164
767624560;767740980
767857376;767973796
768090192;768206612
768323008;768439428
768555824;768672244
768788640;768905060
769021456;769137876
769254272;769370692
769487088;769603508
769719904;769836324
769952720;770069140
770185536;770301956
770418352;770534772
770651168;770767588
770883984;771000236
771116336;771232824
771349292;771465780
771582264;771698752
771815220;771931708
772048176;772164664
772281132;772397620
772514104;772630592
772747060;772863548
772980016;773096504
773212972;773329460
773445944;773562432
773678900;773795388
773911856;774028344
774144812;774261300
774378139;774494542
774610954;774727370
774843766;774960182
775076578;775192994
775309390;775425806
775542218;775658634
775775030;775891446
776007842;776124258
776240654;776357070
776473484;776589888
776706300;776822704
776939116;777055520
777171932;777288336
777404748;777521152
777637564;777753968
777870380;777986784
778103196;778219600
778336012;778452416
778568828;778685232
778801644;778918048
779034460;779150864
779267276;779383680
779500092;779616496
779732908;779849312
779965724;780082128
780198540;780314944
780431356;780547760
780664172;780780576
780896988;781013392
781129804;781246208
781362620;781479024
781595436;781711840
781828252;781944656
782061068;782177472
782293884;782410288
782526700;782643104
782759516;782875920
782992332;783108736
783225148;783341552
783457964;783574368
783690780;783807184
783923596;784040000
784156412;784272816
784389228;784505632
784622044;784738448
784854860;784971264
785087676;785204080
785320492;785436896
785553308;785669712
785786124;785902528
786018940;786135344
786251756;786368160
786484572;786600976
786717388;786833792
786950204;787066608
787183020;787299424
787415836;787532240
787648652;787764888
787881004;787997492
788113960;788230448
788346916;788463404
788579872;788696360
788812844;788929332
789045800;789162288
789278756;789395244
789511712;789628200
789744684;789861172
789977640;790094128
790210596;790327084
790443552;790560040
790676524;790793012
790909480;791025968
791142803;791259206
791375602;791492018
791608430;791724846
791841242;791957658
792074054;792190470
792306866;792423282
792539694;792656110
792772506;792888922
793005318;793121734
793238132;793354552
793470948;793587368
793703764;793820184
793936580;794053000
794169396;794285816
794402212;794518632
794635028;794751448
794867844;794984264
795100660;795217080
795333476;795449896
795566292;795682712
795799108;795915528
796031924;796148344
796264740;796381160
796497556;796613976
796730372;796846792
796963188;797079608
797196004;797312424
797428820;797545240
797661636;797778056
797894452;798010872
798127268;798243688
798360084;798476504
798592900;798709320
798825716;798942136
799058532;799174952
799291348;799407768
799524164;799640584
799756980;799873400
799989796;800106216
800222612;800339032
800455428;800571848
800688244;800804664
800921060;801037480
801153876;801270296
801386692;801503112
801619508;801735928
801852324;801968744
802085140;802201560
802317956;802434376
802550772;802667192
802783588;802900008
803016404;803132824
803249220;803365640
803482036;803598456
803714852;803831272
803947668;804064088
804180484;804296904
804413300;804529720
804645948;804762068
804878552;804995040
805111508;805227996
805344464;805460952
805577420;805693908
805810392;805926880
806043348;806159836
806276304;806392792
806509260;806625748
806742232;806858720
806975188;807091676
807208144;807324632
807441100;807557588
807674072;807790560
807907028;808023887
808140266;808256682
808373078;808489494
808605906;808722322
808838718;808955134
809071530;809187946
809304342;809420758
809537170;809653586
809769982;809886398
810002794;810119212
810235608;810352028
810468424;810584844
810701240;810817660
810934056;811050476
811166872;811283292
811399688;811516108
811632504;811748924
811865320;811981740
812098136;812214556
812330952;812447372
812563768;812680188
812796584;812913004
813029400;813145820
813262216;813378636
813495032;813611452
813727848;813844268
813960664;814077084
814193480;814309900
814426296;814542716
814659112;814775532
814891928;815008348
815124744;815241164
815357560;815473980
815590376;815706796
815823192;815939612
816056008;816172428
816288824;816405244
816521640;816638060
816754456;816870876
816987272;817103692
817220088;817336508
817452904;817569324
817685720;817802140
817918536;818034956
818151352;818267772
818384168;818500588
818616984;818733404
818849800;818966220
819082616;819199036
819315432;819431852
819548248;819664668
819781064;819897484
820013880;820130300
820246696;820363116
820479512;820595932
820712328;820828748
820945144;821061564
821177960;821294380
821410608;821526728
821643212;821759700
821876168;821992656
822109124;822225612
822342080;822458568
822575052;822691540
822808008;822924496
823040964;823157452
823273920;823390408
823506892;823623380
823739848;823856336
823972804;824089292
824205760;824322248
824438732;824555220
824671688;824788543
824904922;825021338
825137750;825254166
825370562;825486978
825603374;825719790
825836186;825952602
826069014;826185430
826301826;826418242
826534638;826651054
826767450;826883868
827000280;827116684
827233096;827349500
827465912;827582316
827698728;827815132
827931544;828047948
828164360;828280764
828397176;828513580
828629992;828746396
828862808;828979212
829095624;829212028
829328440;829444844
829561256;829677660
829794072;829910476
830026888;830143292
830259704;830376108
830492520;830608924
830725336;830841740
830958152;831074556
831190968;831307372
831423784;831540188
831656600;831773004
831889416;832005820
832122232;832238636
832355048;832471452
832587864;832704268
832820680;832937084
833053496;833169900
833286312;833402716
833519128;833635532
833751944;833868348
833984760;834101164
834217576;834333980
834450392;834566796
834683208;834799612
834916024;835032428
835148840;835265244
835381656;835498060
835614472;835730876
835847288;835963692
836080104;836196508
836312920;836429324
836545736;836662140
836778552;836894956
837011368;837127772
837244184;837360588
837477000;837593404
837709816;837826220
837942632;838059036
838175448;838291684
838407800;838524288
838640756;838757244
838873712;838990200
839106668;839223156
839339640;839456128
839572596;839689084
839805552;839922040
840038508;840154996
840271480;840387968
840504436;840620924
840737392;840853880
840970348;841086836
841203320;841319808
841436276;841553150
841669513;841785930
841902326;842018742
842135154;842251570
842367966;842484382
842600778;842717194
842833590;842950006
843066418;843182834
843299230;843415646
843532042;843648460
843764856;843881276
843997672;844114092
844230488;844346908
844463304;844579724
844696120;844812540
844928936;845045356
845161752;845278172
845394568;845510988
845627384;845743804
845860200;845976620
846093016;846209436
846325832;846442252
846558648;846675068
846791464;846907884
847024280;847140700
847257096;847373516
847489912;847606332
847722728;847839148
847955544;848071964
848188360;848304780
848421176;848537596
848653992;848770412
848886808;849003228
849119624;849236044
849352440;849468860
849585256;849701676
849818072;849934492
850050888;850167308
850283704;850400124
850516520;850632940
850749336;850865756
850982152;851098572
851214968;851331388
851447784;851564204
851680600;851797020
851913416;852029836
852146232;852262652
852379048;852495468
852611864;852728284
852844680;852961100
853077496;853193916
853310312;853426732
853543128;853659548
853775944;853892364
854008760;854125180
854241576;854357996
854474392;854590812
854707208;854823628
854940024;855056276
855172376;855288864
855405348;855521836
855638304;855754792
855871260;855987748
856104216;856220704
856337188;856453676
856570144;856686632
856803100;856919588
857036056;857152544
857269028;857385516
857501984;857618472
857734940;857851428
857967896;858084384
858200868;858317356
858434195;858550598
858666994;858783410
858899806;859016222
859132618;859249034
859365446;859481862
859598258;859714674
859831070;859947486
860063882;860180298
860296710;860413126
860529524;860645944
860762340;860878760
860995156;861111576
861227972;861344392
861460788;861577208
861693604;861810024
861926420;862042840
862159236;862275656
862392052;862508472
862624868;862741288
862857684;862974104
863090500;863206920
863323316;863439736
863556132;863672552
863788948;863905368
864021764;864138184
864254580;864371000
864487396;864603816
864720212;864836632
864953028;865069448
865185844;865302264
865418660;865535080
865651476;865767896
865884292;866000712
866117108;866233528
866349924;866466344
866582740;866699160
866815556;866931976
867048372;867164792
867281188;867397608
867514004;867630424
867746820;867863240
867979636;868096056
868212452;868328872
868445268;868561688
868678084;868794504
868910900;869027320
869143716;869260136
869376532;869492952
869609348;869725768
869842164;869958584
870074980;870191400
870307796;870424216
870540612;870657032
870773428;870889848
871006244;871122664
871239060;871355480
871471876;871588296
871704692;871820944
871937044;872053532
872170000;872286488
872402956;872519444
872635928;872752416
872868884;872985372
873101840;873218328
873334796;873451284
873567768;873684256
873800724;873917212
874033680;874150168
874266636;874383124
874499608;874616096
874732564;874849052
874965520;875082008
875198843;875315246
875431658;875548074
875664470;875780886
875897282;876013698
876130094;876246510
876362922;876479338
876595734;876712150
876828546;876944962
877061358;877177774
877294188;877410592
877527004;877643408
877759820;877876224
877992636;878109040
878225452;878341856
878458268;878574672
878691084;878807488
878923900;879040304
879156716;879273120
879389532;879505936
879622348;879738752
879855164;879971568
880087980;880204384
880320796;880437200
880553612;880670016
880786428;880902832
881019244;881135648
881252060;881368464
881484876;881601280
881717692;881834096
881950508;882066912
882183324;882299728
882416140;882532544
882648956;882765360
882881772;882998176
883114588;883230992
883347404;883463808
883580220;883696624
883813036;883929440
884045852;884162256
884278668;884395072
884511484;884627888
884744300;884860704
884977116;885093520
885209932;885326336
885442748;885559152
885675564;885791968
885908380;886024784
886141196;886257600
886374012;886490416
886606828;886723232
886839644;886956048
887072460;887188864
887305276;887421680
887538092;887654496
887770908;887887312
888003724;888120128
888236540;888352944
888469356;888585760
888702004;888818124
888934592;889051080
889167548;889284036
889400504;889516992
889633476;889749964
889866432;889982920
890099388;890215876
890332344;890448832
890565316;890681804
890798272;890914760
891031228;891147716
891264184;891380672
891497156;891613644
891730112;891846600
891966520;892079912
892196306;892312722
892429134;892545550
892661946;892778362
892894758;893011174
893127570;893243986
893360398;893476814
893593210;893709626
893826022;893942438
894058834;894175252
894291664;894408068
894524480;894640884
894757296;894873700
894990112;895106516
895222928;895339332
895455744;895572148
895688560;895804964
895921376;896037780
896154192;896270596
896387008;896503412
896619824;896736228
896852640;896969044
897085456;897201860
897318272;897434676
897551088;897667492
897783904;897900308
898016720;898133124
898249536;898365940
898482352;898598756
898715168;898831572
898947984;899064388
899180800;899297204
899413616;899530020
899646432;899762836
899879248;899995652
900112064;900228468
900344880;900461284
900577696;900694100
900810512;900926916
901043328;901159732
901276144;901392548
901508960;901625364
901741776;901858180
901974592;902090996
902207408;902323812
902440224;902556628
902673040;902789444
902905856;903022260
903138672;903255076
903371488;903487892
903604304;903720708
903837120;903953524
904069936;904186340
904302752;904419156
904535568;904651972
904768384;904884788
905001200;905117604
905234016;905350420
905466664;905582784
905699248;905815736
905932216;906048704
906165168;906281656
906398136;906514624
906631088;906747576
906864056;906980544
907097008;907213496
907329976;907446464
907562928;907679416
907795896;907912384
908028848;908145336
908261816;908378304
908494768;908611256
908727736;908844579
908960974;909077390
909193786;909310202
909426598;909543014
909659426;909775842
909892238;910008654
910125050;910241466
910357862;910474278
910590690;910707106
910823502;910939920
911056316;911172736
911289132;911405552
911521948;911638368
911754764;911871184
911987580;912104000
912220396;912336816
912453212;912569632
912686028;912802448
912918844;913035264
913151660;913268080
913384476;913500896
913617292;913733712
913850108;913966528
914082924;914199344
914315740;914432160
914548556;914664976
914781372;914897792
915014188;915130608
915247004;915363424
915479820;915596240
915712636;915829056
915945452;916061872
916178268;916294688
916411084;916527504
916643900;916760320
916876716;916993136
917109532;917225952
917342348;917458768
917575164;917691584
917807980;917924400
918040796;918157216
918273612;918390032
918506428;918622848
918739244;918855664
918972060;919088480
919204876;919321296
919437692;919554112
919670508;919786928
919903324;920019744
920136140;920252560
920368956;920485376
920601772;920718192
920834588;920951008
921067404;921183824
921300220;921416640
921533036;921649456
921765852;921882272
921998668;922115088
922231316;922347436
922463916;922580404
922696868;922813356
922929836;923046324
923162788;923279276
923395756;923512244
923628708;923745196
923861676;923978164
924094628;924211116
924327596;924444084
924560548;924677036
924793516;924910004
925026468;925142956
925259436;925375924
925492388;925609243
925725638;925842054
925958450;926074866
926191262;926307678
926424074;926540490
926656902;926773318
926889714;927006130
927122526;927238942
927355338;927471754
927588166;927704584
927820980;927937400
928053796;928170216
928286612;928403032
928519428;928635848
928752244;928868664
928985060;929101480
929217876;929334296
929450692;929567112
929683508;929799928
929916324;930032744
930149140;930265560
930381956;930498376
930614772;930731192
930847588;930964008
931080404;931196824
931313220;931429640
931546036;931662456
931778852;931895272
932011668;932128088
932244484;932360904
932477300;932593720
932710116;932826536
932942932;933059352
933175748;933292168
933408564;933524984
933641380;933757800
933874196;933990616
934107012;934223432
934339828;934456248
934572644;934689064
934805460;934921880
935038276;935154696
935271092;935387512
935503908;935620328
935736724;935853144
935969540;936085960
936202356;936318776
936435172;936551592
936667988;936784408
936900804;937017224
937133620;937250040
937366436;937482856
937599252;937715672
937832068;937948488
938064884;938181304
938297700;938414120
938530516;938646936
938763332;938879752
938996148;939112400
939228496;939344984
939461464;939577952
939694416;939810904
939927384;940043872
940160336;940276824
940393304;940509792
940626256;940742744
940859224;940975712
941092176;941208664
941325144;941441632
941558096;941674584
941791064;941907552
942024016;942140504
942256984;942373472
942490303;942606706
942723102;942839518
942955930;943072346
943188742;943305158
943421554;943537970
943654366;943770782
943887194;944003610
944120006;944236422
944352818;944469234
944585632;944702052
944818448;944934868
945051264;945167684
945284080;945400500
945516896;945633316
945749712;945866132
945982528;946098948
946215344;946331764
946448160;946564580
946680976;946797396
946913792;947030212
947146608;947263028
947379424;947495844
947612240;947728660
947845056;947961476
948077872;948194292
948310688;948427108
948543504;948659924
948776320;948892740
949009136;949125556
949241952;949358372
949474768;949591188
949707584;949824004
949940400;950056820
950173216;950289636
950406032;950522452
950638848;950755268
950871664;950988084
951104480;951220900
951337296;951453716
951570112;951686532
951802928;951919348
952035744;952152164
952268560;952384980
952501376;952617796
952734192;952850612
952967008;953083428
953199824;953316244
953432640;953549060
953665456;953781876
953898272;954014692
954131088;954247508
954363904;954480324
954596720;954713140
954829536;954945956
955062352;955178772
955295168;955411588
955527984;955644404
955760800;955877052
955993164;956109652
956226116;956342604
956459084;956575572
956692036;956808524
956925004;957041492
957157956;957274444
957390924;957507412
957623876;957740364
957856844;957973332
958089796;958206284
958322764;958439252
958555716;958672204
958788684;958905172
959021636;959138124
959254959;959371362
959487774;959604190
959720586;959837002
959953398;960069814
960186210;960302626
960419038;960535454
960651850;960768266
960884662;961001078
961117474;961233890
961350304;961466708
961583120;961699524
961815936;961932340
962048752;962165156
962281568;962397972
962514384;962630788
962747200;962863604
962980016;963096420
963212832;963329236
963445648;963562052
963678464;963794868
963911280;964027684
964144096;964260500
964376912;964493316
964609728;964726132
964842544;964958948
965075360;965191764
965308176;965424580
965540992;965657396
965773808;965890212
966006624;966123028
966239440;966355844
966472256;966588660
966705072;966821476
966937888;967054292
967170704;967287108
967403520;967519924
967636336;967752740
967869152;967985556
968101968;968218372
968334784;968451188
968567600;968684004
968800416;968916820
969033232;969149636
969266048;969382452
969498864;969615268
969731680;969848084
969964496;970080900
970197312;970313716
970430128;970546532
970662944;970779348
970895760;971012164
971128576;971244980
971361392;971477796
971594208;971710612
971827024;971943428
972059840;972176244
972292656;972409060
972525472;972641876
972758120;972874240
972990704;973107192
973223672;973340160
973456624;973573112
973689592;973806080
973922544;974039032
974155512;974272000
974388464;974504952
974621432;974737920
974854384;974970872
975087352;975203840
975320304;975436792
975553272;975669760
975786224;975902712
976019578;976135960
976252354;976368770
976485166;976601582
976717994;976834410
976950806;977067222
977183618;977300034
977416430;977532846
977649258;977765674
977882070;977998486
978114884;978231304
978347700;978464120
978580516;978696936
978813332;978929752
979046148;979162568
979278964;979395384
979511780;979628200
979744596;979861016
979977412;980093832
980210228;980326648
980443044;980559464
980675860;980792280
980908676;981025096
981141492;981257912
981374308;981490728
981607124;981723544
981839940;981956360
982072756;982189176
982305572;982421992
982538388;982654808
982771204;982887624
983004020;983120440
983236836;983353256
983469652;983586072
983702468;983818888
983935284;984051704
984168100;984284520
984400916;984517336
984633732;984750152
984866548;984982968
985099364;985215784
985332180;985448600
985564996;985681416
985797812;985914232
986030628;986147048
986263444;986379864
986496260;986612680
986729076;986845496
986961892;987078312
987194708;987311128
987427524;987543944
987660340;987776760
987893156;988009576
988125972;988242392
988358788;988475208
988591604;988708024
988824420;988940840
989057236;989173656
989290052;989406472
989522700;989638820
989755300;989871788
989988252;990104740
990221220;990337708
990454172;990570660
990687140;990803628
990920092;991036580
991153060;991269548
991386012;991502500
991618980;991735468
991851932;991968420
992084900;992201388
992317852;992434340
992550820;992667308
992783772;992900631
993017010;993133426
993249838;993366254
993482650;993599066
993715462;993831878
993948274;994064690
994181102;994297518
994413914;994530330
994646726;994763142
994879538;994995956
995112368;995228772
995345184;995461588
995578000;995694404
995810816;995927220
996043632;996160036
996276448;996392852
996509264;996625668
996742080;996858484
996974896;997091300
997207712;997324116
997440528;997556932
997673344;997789748
997906160;998022564
998138976;998255380
998371792;998488196
998604608;998721012
998837424;998953828
999070240;999186644
999303056;999419460
999535872;999652276
999768688;999885092
1000001504;1000117908
1000234320;1000350724
1000467136;1000583540
1000699952;1000816356
1000932768;1001049172
1001165584;1001281988
1001398400;1001514804
1001631216;1001747620
1001864032;1001980436
1002096848;1002213252
1002329664;1002446068
1002562480;1002678884
1002795296;1002911700
1003028112;1003144516
1003260928;1003377332
1003493744;1003610148
1003726560;1003842964
1003959376;1004075780
1004192192;1004308596
1004425008;1004541412
1004657824;1004774228
1004890640;1005007044
1005123456;1005239860
1005356272;1005472676
1005589088;1005705492
1005821904;1005938308
1006054720;1006171124
1006287368;1006403488
1006519952;1006636440
1006752920;1006869408
1006985872;1007102360
1007218840;1007335328
1007451792;1007568280
1007684760;1007801248
1007917712;1008034200
1008150680;1008267168
1008383632;1008500120
1008616600;1008733088
1008849552;1008966040
1009082520;1009199008
1009315472;1009431960
1009548440;1009665295
1009781674;1009898090
1010014486;1010130902
1010247314;1010363730
1010480126;1010596542
1010712938;1010829354
1010945750;1011062166
1011178578;1011294994
1011411390;1011527806
1011644202;1011760620
1011877016;1011993436
1012109832;1012226252
1012342648;1012459068
1012575464;1012691884
1012808280;1012924700
1013041096;1013157516
1013273912;1013390332
1013506728;1013623148
1013739544;1013855964
1013972360;1014088780
1014205176;1014321596
1014437992;1014554412
1014670808;1014787228
1014903624;1015020044
1015136440;1015252860
1015369256;1015485676
1015602072;1015718492
1015834888;1015951308
1016067704;1016184124
1016300520;1016416940
1016533336;1016649756
1016766152;1016882572
1016998968;1017115388
1017231784;1017348204
1017464600;1017581020
1017697416;1017813836
1017930232;1018046652
1018163048;1018279468
1018395864;1018512284
1018628680;1018745100
1018861496;1018977916
1019094312;1019210732
1019327128;1019443548
1019559944;1019676364
1019792760;1019909180
1020025576;1020141996
1020258392;1020374812
1020491208;1020607628
1020724024;1020840444
1020956840;1021073260
1021189656;1021306076
1021422472;1021538892
1021655288;1021771708
1021888104;1022004524
1022120920;1022237340
1022353736;1022470156
1022586552;1022702972
1022819368;1022935788
1023052184;1023168436
1023284548;1023401036
1023517500;1023633988
1023750468;1023866956
1023983420;1024099908
1024216388;1024332876
1024449340;1024565828
1024682308;1024798796
1024915260;1025031748
1025148228;1025264716
1025381180;1025497668
1025614148;1025730636
1025847100;1025963588
1026080068;1026196556
1026313020;1026429508
1026546342;1026662758
1026779154;1026895570
1027011966;1027128382
1027244778;1027361194
1027477606;1027594022
1027710418;1027826834
1027943230;1028059646
1028176042;1028292458
1028408870;1028525286
1028641684;1028758104
1028874500;1028990920
1029107316;1029223736
1029340132;1029456552
1029572948;1029689368
1029805764;1029922184
1030038580;1030155000
1030271396;1030387816
1030504212;1030620632
1030737028;1030853448
1030969844;1031086264
1031202660;1031319080
1031435476;1031551896
1031668292;1031784712
1031901108;1032017528
1032133924;1032250344
1032366740;1032483160
1032599556;1032715976
1032832372;1032948792
1033065188;1033181608
1033298004;1033414424
1033530820;1033647240
1033763636;1033880056
1033996452;1034112872
1034229268;1034345688
1034462084;1034578504
1034694900;1034811320
1034927716;1035044136
1035160532;1035276952
1035393348;1035509768
1035626164;1035742584
1035858980;1035975400
1036091796;1036208216
1036324612;1036441032
1036557428;1036673848
1036790244;1036906664
1037023060;1037139480
1037255876;1037372296
1037488692;1037605112
1037721508;1037837928
1037954324;1038070744
1038187140;1038303560
1038419956;1038536376
1038652772;1038769192
1038885588;1039002008
1039118404;1039234824
1039351220;1039467640
1039584036;1039700456
1039816852;1039933104
1040049200;1040165688
1040282168;1040398656
1040515120;1040631608
1040748088;1040864576
1040981040;1041097528
1041214008;1041330496
1041446960;1041563448
1041679928;1041796416
1041912880;1042029368
1042145848;1042262336
1042378800;1042495288
1042611768;1042728256
1042844720;1042961208
1043077688;1043194176
1043311007;1043427410
1043543806;1043660222
1043776634;1043893050
1044009446;1044125862
1044242258;1044358674
1044475070;1044591486
1044707898;1044824314
1044940710;1045057126
1045173522;1045289938
1045406336;1045522756
1045639152;1045755572
1045871968;1045988388
1046104784;1046221204
1046337600;1046454020
1046570416;1046686836
1046803232;1046919652
1047036048;1047152468
1047268864;1047385284
1047501680;1047618100
1047734496;1047850916
1047967312;1048083732
1048200128;1048316548
1048432944;1048549364
1048665760;1048782180
1048898576;1049014996
1049131392;1049247812
1049364208;1049480628
1049597024;1049713444
1049829840;1049946260
1050062656;1050179076
1050295472;1050411892
1050528288;1050644708
1050761104;1050877524
1050993920;1051110340
1051226736;1051343156
1051459552;1051575972
1051692368;1051808788
1051925184;1052041604
1052158000;1052274420
1052390816;1052507236
1052623632;1052740052
1052856448;1052972868
1053089264;1053205684
1053322080;1053438500
1053554896;1053671316
1053787712;1053904132
1054020528;1054136948
1054253344;1054369764
1054486160;1054602580
1054718976;1054835396
1054951792;1055068212
1055184608;1055301028
1055417424;1055533844
1055650240;1055766660
1055883056;1055999476
1056115872;1056232292
1056348688;1056465108
1056581504;1056697756
1056813868;1056930356
1057046820;1057163308
1057279788;1057396276
1057512740;1057629228
1057745708;1057862196
1057978660;1058095148
1058211628;1058328116
1058444580;1058561068
1058677548;1058794036
1058910500;1059026988
1059143468;1059259956
1059376420;1059492908
1059609388;1059725876
1059842340;1059958828
1060075663;1060192066
1060308478;1060424894
1060541290;1060657706
1060774102;1060890518
1061006914;1061123330
1061239742;1061356158
1061472554;1061588970
1061705366;1061821782
1061938178;1062054594
1062171008;1062287412
1062403824;1062520228
1062636640;1062753044
1062869456;1062985860
1063102272;1063218676
1063335088;1063451492
1063567904;1063684308
1063800720;1063917124
1064033536;1064149940
1064266352;1064382756
1064499168;1064615572
1064731984;1064848388
1064964800;1065081204
1065197616;1065314020
1065430432;1065546836
1065663248;1065779652
1065896064;1066012468
1066128880;1066245284
1066361696;1066478100
1066594512;1066710916
1066827328;1066943732
1067060144;1067176548
1067292960;1067409364
1067525776;1067642180
1067758592;1067874996
1067991408;1068107812
1068224224;1068340628
1068457040;1068573444
1068689856;1068806260
1068922672;1069039076
1069155488;1069271892
1069388304;1069504708
1069621120;1069737524
1069853936;1069970340
1070086752;1070203156
1070319568;1070435972
1070552384;1070668788
1070785200;1070901604
1071018016;1071134420
1071250832;1071367236
1071483648;1071600052
1071716464;1071832868
1071949280;1072065684
1072182096;1072298500
1072414912;1072531316
1072647728;1072764132
1072880544;1072996948
1073113360;1073229764
1073346176;1073462580
1073578824;1073694944
1073811408;1073927896
1074044376;1074160864
1074277328;1074393816
1074510296;1074626784
1074743248;1074859736
1074976216;1075092704
1075209168;1075325656
1075442136;1075558624
1075675088;1075791576
1075908056;1076024544
1076141008;1076257496
1076373976;1076490464
1076606928;1076723416
1076839896;1076956739
1077073134;1077189550
1077305946;1077422362
1077538758;1077655174
1077771586;1077888002
1078004398;1078120814
1078237210;1078353626
1078470022;1078586438
1078702850;1078819266
1078935662;1079052080
1079168476;1079284896
1079401292;1079517712
1079634108;1079750528
1079866924;1079983344
1080099740;1080216160
1080332556;1080448976
1080565372;1080681792
1080798188;1080914608
1081031004;1081147424
1081263820;1081380240
1081496636;1081613056
1081729452;1081845872
1081962268;1082078688
1082195084;1082311504
1082427900;1082544320
1082660716;1082777136
1082893532;1083009952
1083126348;1083242768
1083359164;1083475584
1083591980;1083708400
1083824796;1083941216
1084057612;1084174032
1084290428;1084406848
1084523244;1084639664
1084756060;1084872480
1084988876;1085105296
1085221692;1085338112
1085454508;1085570928
1085687324;1085803744
1085920140;1086036560
1086152956;1086269376
1086385772;1086502192
1086618588;1086735008
1086851404;1086967824
1087084220;1087200640
1087317036;1087433456
1087549852;1087666272
1087782668;1087899088
1088015484;1088131904
1088248300;1088364720
1088481116;1088597536
1088713932;1088830352
1088946748;1089063168
1089179564;1089295984
1089412380;1089528800
1089645196;1089761616
1089878012;1089994432
1090110828;1090227248
1090343476;1090459596
1090576076;1090692564
1090809028;1090925516
1091041996;1091158484
1091274948;1091391436
1091507916;1091624404
1091740868;1091857356
1091973836;1092090324
1092206788;1092323276
1092439756;1092556244
1092672708;1092789196
1092905676;1093022164
1093138628;1093255116
1093371596;1093488084
1093604548;1093721407
1093837786;1093954202
1094070614;1094187030
1094303426;1094419842
1094536238;1094652654
1094769050;1094885466
1095001878;1095118294
1095234690;1095351106
1095467502;1095583918
1095700314;1095816732
1095933144;1096049548
1096165960;1096282364
1096398776;1096515180
1096631592;1096747996
1096864408;1096980812
1097097224;1097213628
1097330040;1097446444
1097562856;1097679260
1097795672;1097912076
1098028488;1098144892
1098261304;1098377708
1098494120;1098610524
1098726936;1098843340
1098959752;1099076156
1099192568;1099308972
1099425384;1099541788
1099658200;1099774604
1099891016;1100007420
1100123832;1100240236
1100356648;1100473052
1100589464;1100705868
1100822280;1100938684
1101055096;1101171500
1101287912;1101404316
1101520728;1101637132
1101753544;1101869948
1101986360;1102102764
1102219176;1102335580
1102451992;1102568396
1102684808;1102801212
1102917624;1103034028
1103150440;1103266844
1103383256;1103499660
1103616072;1103732476
1103848888;1103965292
1104081704;1104198108
1104314520;1104430924
1104547336;1104663740
1104780152;1104896556
1105012968;1105129372
1105245784;1105362188
1105478600;1105595004
1105711416;1105827820
1105944232;1106060636
1106177048;1106293452
1106409864;1106526268
1106642680;1106759084
1106875496;1106991900
1107108312;1107224548
1107340660;1107457148
1107573612;1107690100
1107806580;1107923068
1108039532;1108156020
1108272500;1108388988
1108505452;1108621940
1108738420;1108854908
1108971372;1109087860
1109204340;1109320828
1109437292;1109553780
1109670260;1109786748
1109903212;1110019700
1110136180;1110252668
1110369132;1110486018
1110602380;1110718798
1110835194;1110951610
1111068006;1111184422
1111300834;1111417250
1111533646;1111650062
1111766458;1111882874
1111999270;1112115686
1112232098;1112348514
1112464910;1112581328
1112697724;1112814144
1112930540;1113046960
1113163356;1113279776
1113396172;1113512592
1113628988;1113745408
1113861804;1113978224
1114094620;1114211040
1114327436;1114443856
1114560252;1114676672
1114793068;1114909488
1115025884;1115142304
1115258700;1115375120
1115491516;1115607936
1115724332;1115840752
1115957148;1116073568
1116189964;1116306384
1116422780;1116539200
1116655596;1116772016
1116888412;1117004832
1117121228;1117237648
1117354044;1117470464
1117586860;1117703280
1117819676;1117936096
1118052492;1118168912
1118285308;1118401728
1118518124;1118634544
1118750940;1118867360
1118983756;1119100176
1119216572;1119332992
1119449388;1119565808
1119682204;1119798624
1119915020;1120031440
1120147836;1120264256
1120380652;1120497072
1120613468;1120729888
1120846284;1120962704
1121079100;1121195520
1121311916;1121428336
1121544732;1121661152
1121777548;1121893968
1122010364;1122126784
1122243180;1122359600
1122475996;1122592416
1122708812;1122825232
1122941628;1123058048
1123174444;1123290864
1123407260;1123523680
1123640076;1123756496
1123872892;1123989144
1124105240;1124221728
1124338208;1124454696
1124571160;1124687648
1124804128;1124920616
1125037080;1125153568
1125270048;1125386536
1125503000;1125619488
1125735968;1125852456
1125968920;1126085408
1126201888;1126318376
1126434840;1126551328
1126667808;1126784296
1126900760;1127017248
1127133728;1127250216
1127367047;1127483450
1127599862;1127716278
1127832674;1127949090
1128065486;1128181902
1128298298;1128414714
1128531126;1128647542
1128763938;1128880354
1128996750;1129113166
1129229562;1129345978
1129462392;1129578796
1129695208;1129811612
1129928024;1130044428
1130160840;1130277244
1130393656;1130510060
1130626472;1130742876
1130859288;1130975692
1131092104;1131208508
1131324920;1131441324
1131557736;1131674140
1131790552;1131906956
1132023368;1132139772
1132256184;1132372588
1132489000;1132605404
1132721816;1132838220
1132954632;1133071036
1133187448;1133303852
1133420264;1133536668
1133653080;1133769484
1133885896;1134002300
1134118712;1134235116
1134351528;1134467932
1134584344;1134700748
1134817160;1134933564
1135049976;1135166380
1135282792;1135399196
1135515608;1135632012
1135748424;1135864828
1135981240;1136097644
1136214056;1136330460
1136446872;1136563276
1136679688;1136796092
1136912504;1137028908
1137145320;1137261724
1137378136;1137494540
1137610952;1137727356
1137843768;1137960172
1138076584;1138192988
1138309400;1138425804
1138542216;1138658620
1138775032;1138891436
1139007848;1139124252
1139240664;1139357068
1139473480;1139589884
1139706296;1139822700
1139939112;1140055516
1140171928;1140288332
1140404744;1140521148
1140637560;1140753796
1140869908;1140986396
1141102860;1141219348
1141335828;1141452316
1141568780;1141685268
1141801748;1141918236
1142034700;1142151188
1142267668;1142384156
1142500620;1142617108
1142733588;1142850076
1142966540;1143083028
1143199508;1143315996
1143432460;1143548948
1143665428;1143781916
1143898380;1144014868
1144131715;1144248118
1144364514;1144480930
1144597326;1144713742
1144830154;1144946570
1145062966;1145179382
1145295778;1145412194
1145528590;1145645006
1145761418;1145877834
1145994230;1146110646
1146227044;1146343464
1146459860;1146576280
1146692676;1146809096
1146925492;1147041912
1147158308;1147274728
1147391124;1147507544
1147623940;1147740360
1147856756;1147973176
1148089572;1148205992
1148322388;1148438808
1148555204;1148671624
1148788020;1148904440
1149020836;1149137256
1149253652;1149370072
1149486468;1149602888
1149719284;1149835704
1149952100;1150068520
1150184916;1150301336
1150417732;1150534152
1150650548;1150766968
1150883364;1150999784
1151116180;1151232600
1151348996;1151465416
1151581812;1151698232
1151814628;1151931048
1152047444;1152163864
1152280260;1152396680
1152513076;1152629496
1152745892;1152862312
1152978708;1153095128
1153211524;1153327944
1153444340;1153560760
1153677156;1153793576
1153909972;1154026392
1154142788;1154259208
1154375604;1154492024
1154608420;1154724840
1154841236;1154957656
1155074052;1155190472
1155306868;1155423288
1155539684;1155656104
1155772500;1155888920
1156005316;1156121736
1156238132;1156354552
1156470948;1156587368
1156703764;1156820184
1156936580;1157053000
1157169396;1157285816
1157402212;1157518632
1157634860;1157750980
1157867460;1157983948
1158100412;1158216900
1158333380;1158449868
1158566332;1158682820
1158799300;1158915788
1159032252;1159148740
1159265220;1159381708
1159498172;1159614660
1159731140;1159847628
1159964092;1160080580
1160197060;1160313548
1160430012;1160546500
1160662980;1160779468
1160895932;1161012795
1161129174;1161245590
1161361986;1161478402
1161594814;1161711230
1161827626;1161944042
1162060438;1162176854
1162293250;1162409666
1162526078;1162642494
1162758890;1162875306
1162991702;1163108120
1163224516;1163340936
1163457332;1163573752
1163690148;1163806568
1163922964;1164039384
1164155780;1164272200
1164388596;1164505016
1164621412;1164737832
1164854228;1164970648
1165087044;1165203464
1165319860;1165436280
1165552676;1165669096
1165785492;1165901912
1166018308;1166134728
1166251124;1166367544
1166483940;1166600360
1166716756;1166833176
1166949572;1167065992
1167182388;1167298808
1167415204;1167531624
1167648020;1167764440
1167880836;1167997256
1168113652;1168230072
1168346468;1168462888
1168579284;1168695704
1168812100;1168928520
1169044916;1169161336
1169277732;1169394152
1169510548;1169626968
1169743364;1169859784
1169976180;1170092600
1170208996;1170325416
1170441812;1170558232
1170674628;1170791048
1170907444;1171023864
1171140260;1171256680
1171373076;1171489496
1171605892;1171722312
1171838708;1171955128
1172071524;1172187944
1172304340;1172420760
1172537156;1172653576
1172769972;1172886392
1173002788;1173119208
1173235604;1173352024
1173468420;1173584840
1173701236;1173817656
1173934052;1174050472
1174166868;1174283288
1174399516;1174515636
1174632116;1174748604
1174865068;1174981556
1175098036;1175214524
1175330988;1175447476
1175563956;1175680444
1175796908;1175913396
1176029876;1176146364
1176262828;1176379316
1176495796;1176612284
1176728748;1176845236
1176961716;1177078204
1177194668;1177311156
1177427636;1177544124
1177660588;1177777447
1177893842;1178010258
1178126654;1178243070
1178359466;1178475882
1178592278;1178708694
1178825106;1178941522
1179057918;1179174334
1179290730;1179407146
1179523542;1179639958
1179756370;1179872788
1179989184;1180105604
1180222000;1180338420
1180454816;1180571236
1180687632;1180804052
1180920448;1181036868
1181153264;1181269684
1181386080;1181502500
1181618896;1181735316
1181851712;1181968132
1182084528;1182200948
1182317344;1182433764
1182550160;1182666580
1182782976;1182899396
1183015792;1183132212
1183248608;1183365028
1183481424;1183597844
1183714240;1183830660
1183947056;1184063476
1184179872;1184296292
1184412688;1184529108
1184645504;1184761924
1184878320;1184994740
1185111136;1185227556
1185343952;1185460372
1185576768;1185693188
1185809584;1185926004
1186042400;1186158820
1186275216;1186391636
1186508032;1186624452
1186740848;1186857268
1186973664;1187090084
1187206480;1187322900
1187439296;1187555716
1187672112;1187788532
1187904928;1188021348
1188137744;1188254164
1188370560;1188486980
1188603376;1188719796
1188836192;1188952612
1189069008;1189185428
1189301824;1189418244
1189534640;1189651060
1189767456;1189883876
1190000272;1190116692
1190233088;1190349508
1190465904;1190582324
1190698720;1190815140
1190931536;1191047956
1191164184;1191280304
1191396768;1191513256
1191629736;1191746224
1191862688;1191979176
1192095656;1192212144
1192328608;1192445096
1192561576;1192678064
1192794528;1192911016
1193027496;1193143984
1193260448;1193376936
1193493416;1193609904
1193726368;1193842856
1193959336;1194075824
1194192288;1194308776
1194425256;1194542115
1194658494;1194774910
1194891306;1195007722
1195124134;1195240550
1195356946;1195473362
1195589758;1195706174
1195822570;1195938986
1196055398;1196171814
1196288210;1196404626
1196521022;1196637440
1196753836;1196870256
1196986652;1197103072
1197219468;1197335888
1197452284;1197568704
1197685100;1197801520
1197917916;1198034336
1198150732;1198267152
1198383548;1198499968
1198616364;1198732784
1198849180;1198965600
1199081996;1199198416
1199314812;1199431232
1199547628;1199664048
1199780444;1199896864
1200013260;1200129680
1200246076;1200362496
1200478892;1200595312
1200711708;1200828128
1200944524;1201060944
1201177340;1201293760
1201410156;1201526576
1201642972;1201759392
1201875788;1201992208
1202108604;1202225024
1202341420;1202457840
1202574236;1202690656
1202807052;1202923472
1203039868;1203156288
1203272684;1203389104
1203505500;1203621920
1203738316;1203854736
1203971132;1204087552
1204203948;1204320368
1204436764;1204553184
1204669580;1204786000
1204902396;1205018816
1205135212;1205251632
1205368028;1205484448
1205600844;1205717264
1205833660;1205950080
1206066476;1206182896
1206299292;1206415712
1206532108;1206648528
1206764924;1206881344
1206997740;1207114160
1207230556;1207346976
1207463372;1207579792
1207696188;1207812608
1207929004;1208045256
1208161368;1208277856
1208394320;1208510808
1208627288;1208743776
1208860240;1208976728
1209093208;1209209696
1209326160;1209442648
1209559128;1209675616
1209792080;1209908568
1210025048;1210141536
1210258000;1210374488
1210490968;1210607456
1210723920;1210840408
1210956888;1211073376
1211189840;1211306328
1211423163;1211539566
1211655978;1211772394
1211888790;1212005206
1212121602;1212238018
1212354414;1212470830
1212587242;1212703658
1212820054;1212936470
1213052866;1213169282
1213285678;1213402094
1213518508;1213634912
1213751324;1213867728
1213984140;1214100544
1214216956;1214333360
1214449772;1214566176
1214682588;1214798992
1214915404;1215031808
1215148220;1215264624
1215381036;1215497440
1215613852;1215730256
1215846668;1215963072
1216079484;1216195888
1216312300;1216428704
1216545116;1216661520
1216777932;1216894336
1217010748;1217127152
1217243564;1217359968
1217476380;1217592784
1217709196;1217825600
1217942012;1218058416
1218174828;1218291232
1218407644;1218524048
1218640460;1218756864
1218873276;1218989680
1219106092;1219222496
1219338908;1219455312
1219571724;1219688128
1219804540;1219920944
1220037356;1220153760
1220270172;1220386576
1220502988;1220619392
1220735804;1220852208
1220968620;1221085024
1221201436;1221317840
1221434252;1221550656
1221667068;1221783472
1221899884;1222016288
1222132700;1222249104
1222365516;1222481920
1222598332;1222714736
1222831148;1222947552
1223063964;1223180368
1223296780;1223413184
1223529596;1223646000
1223762412;1223878816
1223995228;1224111632
1224228044;1224344448
1224460860;1224577264
1224693676;1224809912
1224926024;1225042512
1225158976;1225275464
1225391944;1225508432
1225624896;1225741384
1225857864;1225974352
1226090816;1226207304
1226323784;1226440272
1226556736;1226673224
1226789704;1226906192
1227022656;1227139144
1227255624;1227372112
1227488576;1227605064
1227721544;1227838032
1227954496;1228070984
1228187831;1228304234
1228420630;1228537046
1228653442;1228769858
1228886270;1229002686
1229119082;1229235498
1229351894;1229468310
1229584706;1229701122
1229817534;1229933950
1230050346;1230166762
1230283160;1230399580
1230515976;1230632396
1230748792;1230865212
1230981608;1231098028
1231214424;1231330844
1231447240;1231563660
1231680056;1231796476
1231912872;1232029292
1232145688;1232262108
1232378504;1232494924
1232611320;1232727740
1232844136;1232960556
1233076952;1233193372
1233309768;1233426188
1233542584;1233659004
1233775400;1233891820
1234008216;1234124636
1234241032;1234357452
1234473848;1234590268
1234706664;1234823084
1234939480;1235055900
1235172296;1235288716
1235405112;1235521532
1235637928;1235754348
1235870744;1235987164
1236103560;1236219980
1236336376;1236452796
1236569192;1236685612
1236802008;1236918428
1237034824;1237151244
1237267640;1237384060
1237500456;1237616876
1237733272;1237849692
1237966088;1238082508
1238198904;1238315324
1238431720;1238548140
1238664536;1238780956
1238897352;1239013772
1239130168;1239246588
1239362984;1239479404
1239595800;1239712220
1239828616;1239945036
1240061432;1240177852
1240294248;1240410668
1240527064;1240643484
1240759880;1240876300
1240992696;1241109116
1241225512;1241341932
1241458328;1241574748
1241690976;1241807096
1241923576;1242040064
1242156528;1242273016
1242389496;1242505984
1242622448;1242738936
1242855416;1242971904
1243088368;1243204856
1243321336;1243437824
1243554288;1243670776
1243787256;1243903744
1244020208;1244136696
1244253176;1244369664
1244486128;1244602616
1244719096;1244835584
1244952434;1245068816
1245185226;1245301642
1245418038;1245534454
1245650850;1245767266
1245883662;1246000078
1246116490;1246232906
1246349302;1246465718
1246582114;1246698530
1246814926;1246931342
1247047756;1247164160
1247280572;1247396976
1247513388;1247629792
1247746204;1247862608
1247979020;1248095424
1248211836;1248328240
1248444652;1248561056
1248677468;1248793872
1248910284;1249026688
1249143100;1249259504
1249375916;1249492320
1249608732;1249725136
1249841548;1249957952
1250074364;1250190768
1250307180;1250423584
1250539996;1250656400
1250772812;1250889216
1251005628;1251122032
1251238444;1251354848
1251471260;1251587664
1251704076;1251820480
1251936892;1252053296
1252169708;1252286112
1252402524;1252518928
1252635340;1252751744
1252868156;1252984560
1253100972;1253217376
1253333788;1253450192
1253566604;1253683008
1253799420;1253915824
1254032236;1254148640
1254265052;1254381456
1254497868;1254614272
1254730684;1254847088
1254963500;1255079904
1255196316;1255312720
1255429132;1255545536
1255661948;1255778352
1255894764;1256011168
1256127580;1256243984
1256360396;1256476800
1256593212;1256709616
1256826028;1256942432
1257058844;1257175248
1257291660;1257408064
1257524476;1257640880
1257757292;1257873696
1257990108;1258106512
1258222924;1258339328
1258455572;1258571692
1258688156;1258804644
1258921124;1259037612
1259154076;1259270564
1259387044;1259503532
1259619996;1259736484
1259852964;1259969452
1260085916;1260202404
1260318884;1260435372
1260551836;1260668324
1260784804;1260901292
1261017756;1261134244
1261250724;1261367212
1261483676;1261600164
1261716644;1261833487
1261949882;1262066298
1262182694;1262299110
1262415506;1262531922
1262648334;1262764750
1262881146;1262997562
1263113958;1263230374
1263346770;1263463186
1263579598;1263696014
1263812410;1263928828
1264045224;1264161644
1264278040;1264394460
1264510856;1264627276
1264743672;1264860092
1264976488;1265092908
1265209304;1265325724
1265442120;1265558540
1265674936;1265791356
1265907752;1266024172
1266140568;1266256988
1266373384;1266489804
1266606200;1266722620
1266839016;1266955436
1267071832;1267188252
1267304648;1267421068
1267537464;1267653884
1267770280;1267886700
1268003096;1268119516
1268235912;1268352332
1268468728;1268585148
1268701544;1268817964
1268934360;1269050780
1269167176;1269283596
1269399992;1269516412
1269632808;1269749228
1269865624;1269982044
1270098440;1270214860
1270331256;1270447676
1270564072;1270680492
1270796888;1270913308
1271029704;1271146124
1271262520;1271378940
1271495336;1271611756
1271728152;1271844572
1271960968;1272077388
1272193784;1272310204
1272426600;1272543020
1272659416;1272775836
1272892232;1273008652
1273125048;1273241468
1273357864;1273474284
1273590680;1273707100
1273823496;1273939916
1274056312;1274172732
1274289128;1274405548
1274521944;1274638364
1274754760;1274871180
1274987576;1275103996
1275220224;1275336344
1275452824;1275569312
1275685776;1275802264
1275918744;1276035232
1276151696;1276268184
1276384664;1276501152
1276617616;1276734104
1276850584;1276967072
1277083536;1277200024
1277316504;1277432992
1277549456;1277665944
1277782424;1277898912
1278015376;1278131864
1278248344;1278364832
1278481296;1278598147
1278714542;1278830958
1278947354;1279063770
1279180166;1279296582
1279412994;1279529410
1279645806;1279762222
1279878618;1279995034
1280111430;1280227846
1280344258;1280460674
1280577070;1280693488
1280809884;1280926304
1281042700;1281159120
1281275516;1281391936
1281508332;1281624752
1281741148;1281857568
1281973964;1282090384
1282206780;1282323200
1282439596;1282556016
1282672412;1282788832
1282905228;1283021648
1283138044;1283254464
1283370860;1283487280
1283603676;1283720096
1283836492;1283952912
1284069308;1284185728
1284302124;1284418544
1284534940;1284651360
1284767756;1284884176
1285000572;1285116992
1285233388;1285349808
1285466204;1285582624
1285699020;1285815440
1285931836;1286048256
1286164652;1286281072
1286397468;1286513888
1286630284;1286746704
1286863100;1286979520
1287095916;1287212336
1287328732;1287445152
1287561548;1287677968
1287794364;1287910784
1288027180;1288143600
1288259996;1288376416
1288492812;1288609232
1288725628;1288842048
1288958444;1289074864
1289191260;1289307680
1289424076;1289540496
1289656892;1289773312
1289889708;1290006128
1290122524;1290238944
1290355340;1290471760
1290588156;1290704576
1290820972;1290937392
1291053788;1291170208
1291286604;1291403024
1291519420;1291635840
1291752236;1291868656
1291985052;1292101304
1292217400;1292333888
1292450368;1292566856
1292683320;1292799808
1292916288;1293032776
1293149240;1293265728
1293382208;1293498696
1293615160;1293731648
1293848128;1293964616
1294081080;1294197568
1294314048;1294430536
1294547000;1294663488
1294779968;1294896456
1295012920;1295129408
1295245888;1295362376
1295479215;1295595618
1295712014;1295828430
1295944826;1296061242
1296177654;1296294070
1296410466;1296526882
1296643278;1296759694
1296876090;1296992506
1297108918;1297225334
1297341730;1297458146
1297574544;1297690964
1297807360;1297923780
1298040176;1298156596
1298272992;1298389412
1298505808;1298622228
1298738624;1298855044
1298971440;1299087860
1299204256;1299320676
1299437072;1299553492
1299669888;1299786308
1299902704;1300019124
1300135520;1300251940
1300368336;1300484756
1300601152;1300717572
1300833968;1300950388
1301066784;1301183204
1301299600;1301416020
1301532416;1301648836
1301765232;1301881652
1301998048;1302114468
1302230864;1302347284
1302463680;1302580100
1302696496;1302812916
1302929312;1303045732
1303162128;1303278548
1303394944;1303511364
1303627760;1303744180
1303860576;1303976996
1304093392;1304209812
1304326208;1304442628
1304559024;1304675444
1304791840;1304908260
1305024656;1305141076
1305257472;1305373892
1305490288;1305606708
1305723104;1305839524
1305955920;1306072340
1306188736;1306305156
1306421552;1306537972
1306654368;1306770788
1306887184;1307003604
1307120000;1307236420
1307352816;1307469236
1307585632;1307702052
1307818448;1307934868
1308051264;1308167684
1308284080;1308400500
1308516896;1308633316
1308749712;1308865964
1308982060;1309098548
1309215028;1309331516
1309447980;1309564468
1309680948;1309797436
1309913900;1310030388
1310146868;1310263356
1310379820;1310496308
1310612788;1310729276
1310845740;1310962228
1311078708;1311195196
1311311660;1311428148
1311544628;1311661116
1311777580;1311894068
1312010548;1312127036
1312243871;1312360274
1312476670;1312593086
1312709498;1312825914
1312942310;1313058726
1313175122;1313291538
1313407934;1313524350
1313640762;1313757178
1313873574;1313989990
1314106386;1314222802
1314339200;1314455620
1314572016;1314688436
1314804832;1314921252
1315037648;1315154068
1315270464;1315386884
1315503280;1315619700
1315736096;1315852516
1315968912;1316085332
1316201728;1316318148
1316434544;1316550964
1316667360;1316783780
1316900176;1317016596
1317132992;1317249412
1317365808;1317482228
1317598624;1317715044
1317831440;1317947860
1318064256;1318180676
1318297072;1318413492
1318529888;1318646308
1318762704;1318879124
1318995520;1319111940
1319228336;1319344756
1319461152;1319577572
1319693968;1319810388
1319926784;1320043204
1320159600;1320276020
1320392416;1320508836
1320625232;1320741652
1320858048;1320974468
1321090864;1321207284
1321323680;1321440100
1321556496;1321672916
1321789312;1321905732
1322022128;1322138548
1322254944;1322371364
1322487760;1322604180
1322720576;1322836996
1322953392;1323069812
1323186208;1323302628
1323419024;1323535444
1323651840;1323768260
1323884656;1324001076
1324117472;1324233892
1324350288;1324466708
1324583104;1324699524
1324815920;1324932340
1325048736;1325165156
1325281552;1325397972
1325514368;1325630620
1325746732;1325863220
1325979684;1326096172
1326212652;1326329140
1326445604;1326562092
1326678572;1326795060
1326911524;1327028012
1327144492;1327260980
1327377444;1327493932
1327610412;1327726900
1327843364;1327959852
1328076332;1328192820
1328309284;1328425772
1328542252;1328658740
1328775204;1328891692
1329008527;1329124930
1329241342;1329357758
1329474154;1329590570
1329706966;1329823382
1329939778;1330056194
1330172606;1330289022
1330405418;1330521834
1330638230;1330754646
1330871042;1330987458
1331103872;1331220276
1331336688;1331453092
1331569504;1331685908
1331802320;1331918724
1332035136;1332151540
1332267952;1332384356
1332500768;1332617172
1332733584;1332849988
1332966400;1333082804
1333199216;1333315620
1333432032;1333548436
1333664848;1333781252
1333897664;1334014068
1334130480;1334246884
1334363296;1334479700
1334596112;1334712516
1334828928;1334945332
1335061744;1335178148
1335294560;1335410964
1335527376;1335643780
1335760192;1335876596
1335993008;1336109412
1336225824;1336342228
1336458640;1336575044
1336691456;1336807860
1336924272;1337040676
1337157088;1337273492
1337389904;1337506308
1337622720;1337739124
1337855536;1337971940
1338088352;1338204756
1338321168;1338437572
1338553984;1338670388
1338786800;1338903204
1339019616;1339136020
1339252432;1339368836
1339485248;1339601652
1339718064;1339834468
1339950880;1340067284
1340183696;1340300100
1340416512;1340532916
1340649328;1340765732
1340882144;1340998548
1341114960;1341231364
1341347776;1341464180
1341580592;1341696996
1341813408;1341929812
1342046224;1342162628
1342279040;1342395444
1342511688;1342627808
1342744272;1342860760
1342977240;1343093728
1343210192;1343326680
1343443160;1343559648
1343676112;1343792600
1343909080;1344025568
1344142032;1344258520
1344375000;1344491488
1344607952;1344724440
1344840920;1344957408
1345073872;1345190360
1345306840;1345423328
1345539792;1345656280
1345772760;1345889603
1346005998;1346122414
1346238810;1346355226
1346471622;1346588038
1346704450;1346820866
1346937262;1347053678
1347170074;1347286490
1347402886;1347519302
1347635714;1347752130
1347868526;1347984944
1348101340;1348217760
1348334156;1348450576
1348566972;1348683392
1348799788;1348916208
1349032604;1349149024
1349265420;1349381840
1349498236;1349614656
1349731052;1349847472
1349963868;1350080288
1350196684;1350313104
1350429500;1350545920
1350662316;1350778736
1350895132;1351011552
1351127948;1351244368
1351360764;1351477184
1351593580;1351710000
1351826396;1351942816
1352059212;1352175632
1352292028;1352408448
1352524844;1352641264
1352757660;1352874080
1352990476;1353106896
1353223292;1353339712
1353456108;1353572528
1353688924;1353805344
1353921740;1354038160
1354154556;1354270976
1354387372;1354503792
1354620188;1354736608
1354853004;1354969424
1355085820;1355202240
1355318636;1355435056
1355551452;1355667872
1355784268;1355900688
1356017084;1356133504
1356249900;1356366320
1356482716;1356599136
1356715532;1356831952
1356948348;1357064768
1357181164;1357297584
1357413980;1357530400
1357646796;1357763216
1357879612;1357996032
1358112428;1358228848
1358345244;1358461664
1358578060;1358694480
1358810876;1358927296
1359043692;1359160112
1359276340;1359392460
1359508940;1359625428
1359741892;1359858380
1359974860;1360091348
1360207812;1360324300
1360440780;1360557268
1360673732;1360790220
1360906700;1361023188
1361139652;1361256140
1361372620;1361489108
1361605572;1361722060
1361838540;1361955028
1362071492;1362187980
1362304460;1362420948
1362537412;1362654271
1362770650;1362887066
1363003478;1363119894
1363236290;1363352706
1363469102;1363585518
1363701914;1363818330
1363934742;1364051158
1364167554;1364283970
1364400366;1364516782
1364633178;1364749596
1364866008;1364982412
1365098824;1365215228
1365331640;1365448044
1365564456;1365680860
1365797272;1365913676
1366030088;1366146492
1366262904;1366379308
1366495720;1366612124
1366728536;1366844940
1366961352;1367077756
1367194168;1367310572
1367426984;1367543388
1367659800;1367776204
1367892616;1368009020
1368125432;1368241836
1368358248;1368474652
1368591064;1368707468
1368823880;1368940284
1369056696;1369173100
1369289512;1369405916
1369522328;1369638732
1369755144;1369871548
1369987960;1370104364
1370220776;1370337180
1370453592;1370569996
1370686408;1370802812
1370919224;1371035628
1371152040;1371268444
1371384856;1371501260
1371617672;1371734076
1371850488;1371966892
1372083304;1372199708
1372316120;1372432524
1372548936;1372665340
1372781752;1372898156
1373014568;1373130972
1373247384;1373363788
1373480200;1373596604
1373713016;1373829420
1373945832;1374062236
1374178648;1374295052
1374411464;1374527868
1374644280;1374760684
1374877096;1374993500
1375109912;1375226316
1375342728;1375459132
1375575544;1375691948
1375808360;1375924764
1376041176;1376157412
1376273524;1376390012
1376506476;1376622964
1376739444;1376855932
1376972396;1377088884
1377205364;1377321852
1377438316;1377554804
1377671284;1377787772
1377904236;1378020724
1378137204;1378253692
1378370156;1378486644
1378603124;1378719612
1378836076;1378952564
1379069044;1379185532
1379301996;1379418882
1379535244;1379651662
1379768058;1379884474
1380000870;1380117286
1380233698;1380350114
1380466510;1380582926
1380699322;1380815738
1380932134;1381048550
1381164962;1381281378
1381397774;1381514192
1381630588;1381747008
1381863404;1381979824
1382096220;1382212640
1382329036;1382445456
1382561852;1382678272
1382794668;1382911088
1383027484;1383143904
1383260300;1383376720
1383493116;1383609536
1383725932;1383842352
1383958748;1384075168
1384191564;1384307984
1384424380;1384540800
1384657196;1384773616
1384890012;1385006432
1385122828;1385239248
1385355644;1385472064
1385588460;1385704880
1385821276;1385937696
1386054092;1386170512
1386286908;1386403328
1386519724;1386636144
1386752540;1386868960
1386985356;1387101776
1387218172;1387334592
1387450988;1387567408
1387683804;1387800224
1387916620;1388033040
1388149436;1388265856
1388382252;1388498672
1388615068;1388731488
1388847884;1388964304
1389080700;1389197120
1389313516;1389429936
1389546332;1389662752
1389779148;1389895568
1390011964;1390128384
1390244780;1390361200
1390477596;1390594016
1390710412;1390826832
1390943228;1391059648
1391176044;1391292464
1391408860;1391525280
1391641676;1391758096
1391874492;1391990912
1392107308;1392223728
1392340124;1392456544
1392572940;1392689360
1392805756;1392922008
1393038104;1393154592
1393271072;1393387560
1393504024;1393620512
1393736992;1393853480
1393969944;1394086432
1394202912;1394319400
1394435864;1394552352
1394668832;1394785320
1394901784;1395018272
1395134752;1395251240
1395367704;1395484192
1395600672;1395717160
1395833624;1395950112
1396066592;1396183080
1396299911;1396416314
1396532726;1396649142
1396765538;1396881954
1396998350;1397114766
1397231162;1397347578
1397463990;1397580406
1397696802;1397813218
1397929614;1398046030
1398162426;1398278842
1398395256;1398511660
1398628072;1398744476
1398860888;1398977292
1399093704;1399210108
1399326520;1399442924
1399559336;1399675740
1399792152;1399908556
1400024968;1400141372
1400257784;1400374188
1400490600;1400607004
1400723416;1400839820
1400956232;1401072636
1401189048;1401305452
1401421864;1401538268
1401654680;1401771084
1401887496;1402003900
1402120312;1402236716
1402353128;1402469532
1402585944;1402702348
1402818760;1402935164
1403051576;1403167980
1403284392;1403400796
1403517208;1403633612
1403750024;1403866428
1403982840;1404099244
1404215656;1404332060
1404448472;1404564876
1404681288;1404797692
1404914104;1405030508
1405146920;1405263324
1405379736;1405496140
1405612552;1405728956
1405845368;1405961772
1406078184;1406194588
1406311000;1406427404
1406543816;1406660220
1406776632;1406893036
1407009448;1407125852
1407242264;1407358668
1407475080;1407591484
1407707896;1407824300
1407940712;1408057116
1408173528;1408289932
1408406344;1408522748
1408639160;1408755564
1408871976;1408988380
1409104792;1409221196
1409337608;1409454012
1409570424;1409686660
1409802772;1409919260
1410035724;1410152212
1410268692;1410385180
1410501644;1410618132
1410734612;1410851100
1410967564;1411084052
1411200532;1411317020
1411433484;1411549972
1411666452;1411782940
1411899404;1412015892
1412132372;1412248860
1412365324;1412481812
1412598292;1412714780
1412831244;1412947732
1413064579;1413180982
1413297378;1413413794
1413530190;1413646606
1413763018;1413879434
1413995830;1414112246
1414228642;1414345058
1414461454;1414577870
1414694282;1414810698
1414927094;1415043510
1415159908;1415276328
1415392724;1415509144
1415625540;1415741960
1415858356;1415974776
1416091172;1416207592
1416323988;1416440408
1416556804;1416673224
1416789620;1416906040
1417022436;1417138856
1417255252;1417371672
1417488068;1417604488
1417720884;1417837304
1417953700;1418070120
1418186516;1418302936
1418419332;1418535752
1418652148;1418768568
1418884964;1419001384
1419117780;1419234200
1419350596;1419467016
1419583412;1419699832
1419816228;1419932648
1420049044;1420165464
1420281860;1420398280
1420514676;1420631096
1420747492;1420863912
1420980308;1421096728
1421213124;1421329544
1421445940;1421562360
1421678756;1421795176
1421911572;1422027992
1422144388;1422260808
1422377204;1422493624
1422610020;1422726440
1422842836;1422959256
1423075652;1423192072
1423308468;1423424888
1423541284;1423657704
1423774100;1423890520
1424006916;1424123336
1424239732;1424356152
1424472548;1424588968
1424705364;1424821784
1424938180;1425054600
1425170996;1425287416
1425403812;1425520232
1425636628;1425753048
1425869444;1425985864
1426102260;1426218680
1426335076;1426451496
1426567724;1426683844
1426800324;1426916812
1427033276;1427149764
1427266244;1427382732
1427499196;1427615684
1427732164;1427848652
1427965116;1428081604
1428198084;1428314572
1428431036;1428547524
1428664004;1428780492
1428896956;1429013444
1429129924;1429246412
1429362876;1429479364
1429595844;1429712332
1429828796;1429945659
1430062038;1430178454
1430294850;1430411266
1430527678;1430644094
1430760490;1430876906
1430993302;1431109718
1431226114;1431342530
1431458942;1431575358
1431691754;1431808170
1431924566;1432040984
1432157380;1432273800
1432390196;1432506616
1432623012;1432739432
1432855828;1432972248
1433088644;1433205064
1433321460;1433437880
1433554276;1433670696
1433787092;1433903512
1434019908;1434136328
1434252724;1434369144
1434485540;1434601960
1434718356;1434834776
1434951172;1435067592
1435183988;1435300408
1435416804;1435533224
1435649620;1435766040
1435882436;1435998856
1436115252;1436231672
1436348068;1436464488
1436580884;1436697304
1436813700;1436930120
1437046516;1437162936
1437279332;1437395752
1437512148;1437628568
1437744964;1437861384
1437977780;1438094200
1438210596;1438327016
1438443412;1438559832
1438676228;1438792648
1438909044;1439025464
1439141860;1439258280
1439374676;1439491096
1439607492;1439723912
1439840308;1439956728
1440073124;1440189544
1440305940;1440422360
1440538756;1440655176
1440771572;1440887992
1441004388;1441120808
1441237204;1441353624
1441470020;1441586440
1441702836;1441819256
1441935652;1442052072
1442168468;1442284888
1442401284;1442517704
1442634100;1442750520
1442866916;1442983336
1443099732;1443216152
1443332380;1443448500
1443564980;1443681468
1443797932;1443914420
1444030900;1444147388
1444263852;1444380340
1444496820;1444613308
1444729772;1444846260
1444962740;1445079228
1445195692;1445312180
1445428660;1445545148
1445661612;1445778100
1445894580;1446011068
1446127532;1446244020
1446360500;1446476988
1446593452;1446710311
1446826706;1446943122
1447059518;1447175934
1447292330;1447408746
1447525142;1447641558
1447757970;1447874386
1447990782;1448107198
1448223594;1448340010
1448456406;1448572822
1448689234;1448805652
1448922048;1449038468
1449154864;1449271284
1449387680;1449504100
1449620496;1449736916
1449853312;1449969732
1450086128;1450202548
1450318944;1450435364
1450551760;1450668180
1450784576;1450900996
1451017392;1451133812
1451250208;1451366628
1451483024;1451599444
1451715840;1451832260
1451948656;1452065076
1452181472;1452297892
1452414288;1452530708
1452647104;1452763524
1452879920;1452996340
1453112736;1453229156
1453345552;1453461972
1453578368;1453694788
1453811184;1453927604
1454044000;1454160420
1454276816;1454393236
1454509632;1454626052
1454742448;1454858868
1454975264;1455091684
1455208080;1455324500
1455440896;1455557316
1455673712;1455790132
1455906528;1456022948
1456139344;1456255764
1456372160;1456488580
1456604976;1456721396
1456837792;1456954212
1457070608;1457187028
1457303424;1457419844
1457536240;1457652660
1457769056;1457885476
1458001872;1458118292
1458234688;1458351108
1458467504;1458583924
1458700320;1458816740
1458933136;1459049556
1459165952;1459282372
1459398768;1459515188
1459631584;1459748004
1459864400;1459980820
1460097048;1460213168
1460329632;1460446120
1460562600;1460679088
1460795552;1460912040
1461028520;1461145008
1461261472;1461377960
1461494440;1461610928
1461727392;1461843880
1461960360;1462076848
1462193312;1462309800
1462426280;1462542768
1462659232;1462775720
1462892200;1463008688
1463125152;1463241640
1463358120;1463474979
1463591358;1463707774
1463824170;1463940586
1464056998;1464173414
1464289810;1464406226
1464522622;1464639038
1464755434;1464871850
1464988262;1465104678
1465221074;1465337490
1465453886;1465570304
1465686700;1465803120
1465919516;1466035936
1466152332;1466268752
1466385148;1466501568
1466617964;1466734384
1466850780;1466967200
1467083596;1467200016
1467316412;1467432832
1467549228;1467665648
1467782044;1467898464
1468014860;1468131280
1468247676;1468364096
1468480492;1468596912
1468713308;1468829728
1468946124;1469062544
1469178940;1469295360
1469411756;1469528176
1469644572;1469760992
1469877388;1469993808
1470110204;1470226624
1470343020;1470459440
1470575836;1470692256
1470808652;1470925072
1471041468;1471157888
1471274284;1471390704
1471507100;1471623520
1471739916;1471856336
1471972732;1472089152
1472205548;1472321968
1472438364;1472554784
1472671180;1472787600
1472903996;1473020416
1473136812;1473253232
1473369628;1473486048
1473602444;1473718864
1473835260;1473951680
1474068076;1474184496
1474300892;1474417312
1474533708;1474650128
1474766524;1474882944
1474999340;1475115760
1475232156;1475348576
1475464972;1475581392
1475697788;1475814208
1475930604;1476047024
1476163420;1476279840
1476396236;1476512656
1476629052;1476745472
1476861868;1476978120
1477094232;1477210720
1477327184;1477443672
1477560152;1477676640
1477793104;1477909592
1478026072;1478142560
1478259024;1478375512
1478491992;1478608480
1478724944;1478841432
1478957912;1479074400
1479190864;1479307352
1479423832;1479540320
1479656784;1479773272
1479889752;1480006240
1480122704;1480239192
1480356027;1480472430
1480588842;1480705258
1480821654;1480938070
1481054466;1481170882
1481287278;1481403694
1481520106;1481636522
1481752918;1481869334
1481985730;1482102146
1482218542;1482334958
1482451372;1482567776
1482684188;1482800592
1482917004;1483033408
1483149820;1483266224
1483382636;1483499040
1483615452;1483731856
1483848268;1483964672
1484081084;1484197488
1484313900;1484430304
1484546716;1484663120
1484779532;1484895936
1485012348;1485128752
1485245164;1485361568
1485477980;1485594384
1485710796;1485827200
1485943612;1486060016
1486176428;1486292832
1486409244;1486525648
1486642060;1486758464
1486874876;1486991280
1487107692;1487224096
1487340508;1487456912
1487573324;1487689728
1487806140;1487922544
1488038956;1488155360
1488271772;1488388176
1488504588;1488620992
1488737404;1488853808
1488970220;1489086624
1489203036;1489319440
1489435852;1489552256
1489668668;1489785072
1489901484;1490017888
1490134300;1490250704
1490367116;1490483520
1490599932;1490716336
1490832748;1490949152
1491065564;1491181968
1491298380;1491414784
1491531196;1491647600
1491764012;1491880416
1491996828;1492113232
1492229644;1492346048
1492462460;1492578864
1492695276;1492811680
1492928092;1493044496
1493160908;1493277312
1493393724;1493510128
1493626540;1493742776
1493858888;1493975376
1494091840;1494208328
1494324808;1494441296
1494557760;1494674248
1494790728;1494907216
1495023680;1495140168
1495256648;1495373136
1495489600;1495606088
1495722568;1495839056
1495955520;1496072008
1496188488;1496304976
1496421440;1496537928
1496654408;1496770896
1496887360;1497003848
1497120695;1497237098
1497353494;1497469910
1497586306;1497702722
1497819134;1497935550
1498051946;1498168362
1498284758;1498401174
1498517570;1498633986
1498750398;1498866814
1498983210;1499099626
1499216024;1499332444
1499448840;1499565260
1499681656;1499798076
1499914472;1500030892
1500147288;1500263708
1500380104;1500496524
1500612920;1500729340
1500845736;1500962156
1501078552;1501194972
1501311368;1501427788
1501544184;1501660604
1501777000;1501893420
1502009816;1502126236
1502242632;1502359052
1502475448;1502591868
1502708264;1502824684
1502941080;1503057500
1503173896;1503290316
1503406712;1503523132
1503639528;1503755948
1503872344;1503988764
1504105160;1504221580
1504337976;1504454396
1504570792;1504687212
1504803608;1504920028
1505036424;1505152844
1505269240;1505385660
1505502056;1505618476
1505734872;1505851292
1505967688;1506084108
1506200504;1506316924
1506433320;1506549740
1506666136;1506782556
1506898952;1507015372
1507131768;1507248188
1507364584;1507481004
1507597400;1507713820
1507830216;1507946636
1508063032;1508179452
1508295848;1508412268
1508528664;1508645084
1508761480;1508877900
1508994296;1509110716
1509227112;1509343532
1509459928;1509576348
1509692744;1509809164
1509925560;1510041980
1510158376;1510274796
1510391192;1510507612
1510623840;1510739960
1510856440;1510972928
1511089392;1511205880
1511322360;1511438848
1511555312;1511671800
1511788280;1511904768
1512021232;1512137720
1512254200;1512370688
1512487152;1512603640
1512720120;1512836608
1512953072;1513069560
1513186040;1513302528
1513418992;1513535480
1513651960;1513768448
1513885298;1514001680
1514118090;1514234506
1514350902;1514467318
1514583714;1514700130
1514816526;1514932942
1515049354;1515165770
1515282166;1515398582
1515514978;1515631394
1515747790;1515864206
1515980620;1516097024
1516213436;1516329840
1516446252;1516562656
1516679068;1516795472
1516911884;1517028288
1517144700;1517261104
1517377516;1517493920
1517610332;1517726736
1517843148;1517959552
1518075964;1518192368
1518308780;1518425184
1518541596;1518658000
1518774412;1518890816
1519007228;1519123632
1519240044;1519356448
1519472860;1519589264
1519705676;1519822080
1519938492;1520054896
1520171308;1520287712
1520404124;1520520528
1520636940;1520753344
1520869756;1520986160
1521102572;1521218976
1521335388;1521451792
1521568204;1521684608
1521801020;1521917424
1522033836;1522150240
1522266652;1522383056
1522499468;1522615872
1522732284;1522848688
1522965100;1523081504
1523197916;1523314320
1523430732;1523547136
1523663548;1523779952
1523896364;1524012768
1524129180;1524245584
1524361996;1524478400
1524594812;1524711216
1524827628;1524944032
1525060444;1525176848
1525293260;1525409664
1525526076;1525642480
1525758892;1525875296
1525991708;1526108112
1526224524;1526340928
1526457340;1526573744
1526690156;1526806560
1526922972;1527039376
1527155788;1527272192
1527388436;1527504556
1527621020;1527737508
1527853988;1527970476
1528086940;1528203428
1528319908;1528436396
1528552860;1528669348
1528785828;1528902316
1529018780;1529135268
1529251748;1529368236
1529484700;1529601188
1529717668;1529834156
1529950620;1530067108
1530183588;1530300076
1530416540;1530533028
1530649508;1530766351
1530882746;1530999162
1531115558;1531231974
1531348370;1531464786
1531581198;1531697614
1531814010;1531930426
1532046822;1532163238
1532279634;1532396050
1532512462;1532628878
1532745274;1532861692
1532978088;1533094508
1533210904;1533327324
1533443720;1533560140
1533676536;1533792956
1533909352;1534025772
1534142168;1534258588
1534374984;1534491404
1534607800;1534724220
1534840616;1534957036
1535073432;1535189852
1535306248;1535422668
1535539064;1535655484
1535771880;1535888300
1536004696;1536121116
1536237512;1536353932
1536470328;1536586748
1536703144;1536819564
1536935960;1537052380
1537168776;1537285196
1537401592;1537518012
1537634408;1537750828
1537867224;1537983644
1538100040;1538216460
1538332856;1538449276
1538565672;1538682092
1538798488;1538914908
1539031304;1539147724
1539264120;1539380540
1539496936;1539613356
1539729752;1539846172
1539962568;1540078988
1540195384;1540311804
1540428200;1540544620
1540661016;1540777436
1540893832;1541010252
1541126648;1541243068
1541359464;1541475884
1541592280;1541708700
1541825096;1541941516
1542057912;1542174332
1542290728;1542407148
1542523544;1542639964
1542756360;1542872780
1542989176;1543105596
1543221992;1543338412
1543454808;1543571228
1543687624;1543804044
1543920440;1544036860
1544153088;1544269208
1544385688;1544502176
1544618640;1544735128
1544851608;1544968096
1545084560;1545201048
1545317528;1545434016
1545550480;1545666968
1545783448;1545899936
1546016400;1546132888
1546249368;1546365856
1546482320;1546598808
1546715288;1546831776
1546948240;1547064728
1547181208;1547297696
1547414160;1547531011
1547647406;1547763822
1547880218;1547996634
1548113030;1548229446
1548345858;1548462274
1548578670;1548695086
1548811482;1548927898
1549044294;1549160710
1549277122;1549393538
1549509934;1549626352
1549742748;1549859168
1549975564;1550091984
1550208380;1550324800
1550441196;1550557616
1550674012;1550790432
1550906828;1551023248
1551139644;1551256064
1551372460;1551488880
1551605276;1551721696
1551838092;1551954512
1552070908;1552187328
1552303724;1552420144
1552536540;1552652960
1552769356;1552885776
1553002172;1553118592
1553234988;1553351408
1553467804;1553584224
1553700620;1553817040
1553933436;1554049856
1554166252;1554282672
1554399068;1554515488
1554631884;1554748304
1554864700;1554981120
1555097516;1555213936
1555330332;1555446752
1555563148;1555679568
1555795964;1555912384
1556028780;1556145200
1556261596;1556378016
1556494412;1556610832
1556727228;1556843648
1556960044;1557076464
1557192860;1557309280
1557425676;1557542096
1557658492;1557774912
1557891308;1558007728
1558124124;1558240544
1558356940;1558473360
1558589756;1558706176
1558822572;1558938992
1559055388;1559171808
1559288204;1559404624
1559521020;1559637440
1559753836;1559870256
1559986652;1560103072
1560219468;1560335888
1560452284;1560568704
1560685100;1560801520
1560917916;1561034168
1561150264;1561266752
1561383232;1561499720
1561616184;1561732672
1561849152;1561965640
1562082104;1562198592
1562315072;1562431560
1562548024;1562664512
1562780992;1562897480
1563013944;1563130432
1563246912;1563363400
1563479864;1563596352
1563712832;1563829320
1563945784;1564062272
1564178752;1564295240
1564412079;1564528482
1564644878;1564761294
1564877690;1564994106
1565110518;1565226934
1565343330;1565459746
1565576142;1565692558
1565808954;1565925370
1566041782;1566158198
1566274594;1566391010
1566507408;1566623828
1566740224;1566856644
1566973040;1567089460
1567205856;1567322276
1567438672;1567555092
1567671488;1567787908
1567904304;1568020724
1568137120;1568253540
1568369936;1568486356
1568602752;1568719172
1568835568;1568951988
1569068384;1569184804
1569301200;1569417620
1569534016;1569650436
1569766832;1569883252
1569999648;1570116068
1570232464;1570348884
1570465280;1570581700
1570698096;1570814516
1570930912;1571047332
1571163728;1571280148
1571396544;1571512964
1571629360;1571745780
1571862176;1571978596
1572094992;1572211412
1572327808;1572444228
1572560624;1572677044
1572793440;1572909860
1573026256;1573142676
1573259072;1573375492
1573491888;1573608308
1573724704;1573841124
1573957520;1574073940
1574190336;1574306756
1574423152;1574539572
1574655968;1574772388
1574888784;1575005204
1575121600;1575238020
1575354416;1575470836
1575587232;1575703652
1575820048;1575936468
1576052864;1576169284
1576285680;1576402100
1576518496;1576634916
1576751312;1576867732
1576984128;1577100548
1577216944;1577333364
1577449760;1577566180
1577682576;1577798828
1577914924;1578031412
1578147892;1578264380
1578380844;1578497332
1578613812;1578730300
1578846764;1578963252
1579079732;1579196220
1579312684;1579429172
1579545652;1579662140
1579778604;1579895092
1580011572;1580128060
1580244524;1580361012
1580477492;1580593980
1580710444;1580826932
1580943412;1581059900
1581176735;1581293138
1581409534;1581525950
1581642362;1581758778
1581875174;1581991590
1582107986;1582224402
1582340798;1582457214
1582573626;1582690042
1582806438;1582922854
1583039250;1583155666
1583272064;1583388484
1583504880;1583621300
1583737696;1583854116
1583970512;1584086932
1584203328;1584319748
1584436144;1584552564
1584668960;1584785380
1584901776;1585018196
1585134592;1585251012
1585367408;1585483828
1585600224;1585716644
1585833040;1585949460
1586065856;1586182276
1586298672;1586415092
1586531488;1586647908
1586764304;1586880724
1586997120;1587113540
1587229936;1587346356
1587462752;1587579172
1587695568;1587811988
1587928384;1588044804
1588161200;1588277620
1588394016;1588510436
1588626832;1588743252
1588859648;1588976068
1589092464;1589208884
1589325280;1589441700
1589558096;1589674516
1589790912;1589907332
1590023728;1590140148
1590256544;1590372964
1590489360;1590605780
1590722176;1590838596
1590954992;1591071412
1591187808;1591304228
1591420624;1591537044
1591653440;1591769860
1591886256;1592002676
1592119072;1592235492
1592351888;1592468308
1592584704;1592701124
1592817520;1592933940
1593050336;1593166756
1593283152;1593399572
1593515968;1593632388
1593748784;1593865204
1593981600;1594098020
1594214416;1594330836
1594447232;1594563484
1594679596;1594796084
1594912548;1595029036
1595145516;1595262004
1595378468;1595494956
1595611436;1595727924
1595844388;1595960876
1596077356;1596193844
1596310308;1596426796
1596543276;1596659764
1596776228;1596892716
1597009196;1597125684
1597242148;1597358636
1597475116;1597591604
1597708068;1597824556
1597941391;1598057794
1598174206;1598290622
1598407018;1598523434
1598639830;1598756246
1598872642;1598989058
1599105470;1599221886
1599338282;1599454698
1599571094;1599687510
1599803906;1599920322
1600036736;1600153140
1600269552;1600385956
1600502368;1600618772
1600735184;1600851588
1600968000;1601084404
1601200816;1601317220
1601433632;1601550036
1601666448;1601782852
1601899264;1602015668
1602132080;1602248484
1602364896;1602481300
1602597712;1602714116
1602830528;1602946932
1603063344;1603179748
1603296160;1603412564
1603528976;1603645380
1603761792;1603878196
1603994608;1604111012
1604227424;1604343828
1604460240;1604576644
1604693056;1604809460
1604925872;1605042276
1605158688;1605275092
1605391504;1605507908
1605624320;1605740724
1605857136;1605973540
1606089952;1606206356
1606322768;1606439172
1606555584;1606671988
1606788400;1606904804
1607021216;1607137620
1607254032;1607370436
1607486848;1607603252
1607719664;1607836068
1607952480;1608068884
1608185296;1608301700
1608418112;1608534516
1608650928;1608767332
1608883744;1609000148
1609116560;1609232964
1609349376;1609465780
1609582192;1609698596
1609815008;1609931412
1610047824;1610164228
1610280640;1610397044
1610513456;1610629860
1610746272;1610862676
1610979088;1611095492
1611211904;1611328308
1611444552;1611560672
1611677136;1611793624
1611910104;1612026592
1612143056;1612259544
1612376024;1612492512
1612608976;1612725464
1612841944;1612958432
1613074896;1613191384
1613307864;1613424352
1613540816;1613657304
1613773784;1613890272
1614006736;1614123224
1614239704;1614356192
1614472656;1614589144
1614705624;1614822467
1614938862;1615055278
1615171674;1615288090
1615404486;1615520902
1615637314;1615753730
1615870126;1615986542
1616102938;1616219354
1616335750;1616452166
1616568578;1616684994
1616801390;1616917808
1617034204;1617150624
1617267020;1617383440
1617499836;1617616256
1617732652;1617849072
1617965468;1618081888
1618198284;1618314704
1618431100;1618547520
1618663916;1618780336
1618896732;1619013152
1619129548;1619245968
1619362364;1619478784
1619595180;1619711600
1619827996;1619944416
1620060812;1620177232
1620293628;1620410048
1620526444;1620642864
1620759260;1620875680
1620992076;1621108496
1621224892;1621341312
1621457708;1621574128
1621690524;1621806944
1621923340;1622039760
1622156156;1622272576
1622388972;1622505392
1622621788;1622738208
1622854604;1622971024
1623087420;1623203840
1623320236;1623436656
1623553052;1623669472
1623785868;1623902288
1624018684;1624135104
1624251500;1624367920
1624484316;1624600736
1624717132;1624833552
1624949948;1625066368
1625182764;1625299184
1625415580;1625532000
1625648396;1625764816
1625881212;1625997632
1626114028;1626230448
1626346844;1626463264
1626579660;1626696080
1626812476;1626928896
1627045292;1627161712
1627278108;1627394528
1627510924;1627627344
1627743740;1627860160
1627976556;1628092976
1628209204;1628325324
1628441804;1628558292
1628674756;1628791244
1628907724;1629024212
1629140676;1629257164
1629373644;1629490132
1629606596;1629723084
1629839564;1629956052
1630072516;1630189004
1630305484;1630421972
1630538436;1630654924
1630771404;1630887892
1631004356;1631120844
1631237324;1631353812
1631470276;1631587135
1631703514;1631819930
1631936342;1632052758
1632169154;1632285570
1632401966;1632518382
1632634778;1632751194
1632867606;1632984022
1633100418;1633216834
1633333230;1633449646
1633566042;1633682460
1633798872;1633915276
1634031688;1634148092
1634264504;1634380908
1634497320;1634613724
1634730136;1634846540
1634962952;1635079356
1635195768;1635312172
1635428584;1635544988
1635661400;1635777804
1635894216;1636010620
1636127032;1636243436
1636359848;1636476252
1636592664;1636709068
1636825480;1636941884
1637058296;1637174700
1637291112;1637407516
1637523928;1637640332
1637756744;1637873148
1637989560;1638105964
1638222376;1638338780
1638455192;1638571596
1638688008;1638804412
1638920824;1639037228
1639153640;1639270044
1639386456;1639502860
1639619272;1639735676
1639852088;1639968492
1640084904;1640201308
1640317720;1640434124
1640550536;1640666940
1640783352;1640899756
1641016168;1641132572
1641248984;1641365388
1641481800;1641598204
1641714616;1641831020
1641947432;1642063836
1642180248;1642296652
1642413064;1642529468
1642645880;1642762284
1642878696;1642995100
1643111512;1643227916
1643344328;1643460732
1643577144;1643693548
1643809960;1643926364
1644042776;1644159180
1644275592;1644391996
1644508408;1644624812
1644741224;1644857628
1644974040;1645090276
1645206388;1645322876
1645439340;1645555828
1645672308;1645788796
1645905260;1646021748
1646138228;1646254716
1646371180;1646487668
1646604148;1646720636
1646837100;1646953588
1647070068;1647186556
1647303020;1647419508
1647535988;1647652476
1647768940;1647885428
1648001908;1648118396
1648234860;1648351746
1648468108;1648584526
1648700922;1648817338
1648933734;1649050150
1649166562;1649282978
1649399374;1649515790
1649632186;1649748602
1649864998;1649981414
1650097826;1650214242
1650330638;1650447056
1650563452;1650679872
1650796268;1650912688
1651029084;1651145504
1651261900;1651378320
1651494716;1651611136
1651727532;1651843952
1651960348;1652076768
1652193164;1652309584
1652425980;1652542400
1652658796;1652775216
1652891612;1653008032
1653124428;1653240848
1653357244;1653473664
1653590060;1653706480
1653822876;1653939296
1654055692;1654172112
1654288508;1654404928
1654521324;1654637744
1654754140;1654870560
1654986956;1655103376
1655219772;1655336192
1655452588;1655569008
1655685404;1655801824
1655918220;1656034640
1656151036;1656267456
1656383852;1656500272
1656616668;1656733088
1656849484;1656965904
1657082300;1657198720
1657315116;1657431536
1657547932;1657664352
1657780748;1657897168
1658013564;1658129984
1658246380;1658362800
1658479196;1658595616
1658712012;1658828432
1658944828;1659061248
1659177644;1659294064
1659410460;1659526880
1659643276;1659759696
1659876092;1659992512
1660108908;1660225328
1660341724;1660458144
1660574540;1660690960
1660807356;1660923776
1661040172;1661156592
1661272988;1661389408
1661505804;1661622224
1661738620;1661854872
1661970968;1662087456
1662203936;1662320424
1662436888;1662553376
1662669856;1662786344
1662902808;1663019296
1663135776;1663252264
1663368728;1663485216
1663601696;1663718184
1663834648;1663951136
1664067616;1664184104
1664300568;1664417056
1664533536;1664650024
1664766488;1664882976
1664999456;1665115944
1665232775;1665349178
1665465590;1665582006
1665698402;1665814818
1665931214;1666047630
1666164026;1666280442
1666396854;1666513270
1666629666;1666746082
1666862478;1666978894
1667095290;1667211706
1667328120;1667444524
1667560936;1667677340
1667793752;1667910156
1668026568;1668142972
1668259384;1668375788
1668492200;1668608604
1668725016;1668841420
1668957832;1669074236
1669190648;1669307052
1669423464;1669539868
1669656280;1669772684
1669889096;1670005500
1670121912;1670238316
1670354728;1670471132
1670587544;1670703948
1670820360;1670936764
1671053176;1671169580
1671285992;1671402396
1671518808;1671635212
1671751624;1671868028
1671984440;1672100844
1672217256;1672333660
1672450072;1672566476
1672682888;1672799292
1672915704;1673032108
1673148520;1673264924
1673381336;1673497740
1673614152;1673730556
1673846968;1673963372
1674079784;1674196188
1674312600;1674429004
1674545416;1674661820
1674778232;1674894636
1675011048;1675127452
1675243864;1675360268
1675476680;1675593084
1675709496;1675825900
1675942312;1676058716
1676175128;1676291532
1676407944;1676524348
1676640760;1676757164
1676873576;1676989980
1677106392;1677222796
1677339208;1677455612
1677572024;1677688428
1677804840;1677921244
1678037656;1678154060
1678270472;1678386876
1678503288;1678619524
1678735636;1678852124
1678968588;1679085076
1679201556;1679318044
1679434508;1679550996
1679667476;1679783964
1679900428;1680016916
1680133396;1680249884
1680366348;1680482836
1680599316;1680715804
1680832268;1680948756
1681065236;1681181724
1681298188;1681414676
1681531156;1681647644
1681764108;1681880596
1681997443;1682113846
1682230242;1682346658
1682463054;1682579470
1682695882;1682812298
1682928694;1683045110
1683161506;1683277922
1683394318;1683510734
1683627146;1683743562
1683859958;1683976374
1684092772;1684209192
1684325588;1684442008
1684558404;1684674824
1684791220;1684907640
1685024036;1685140456
1685256852;1685373272
1685489668;1685606088
1685722484;1685838904
1685955300;1686071720
1686188116;1686304536
1686420932;1686537352
1686653748;1686770168
1686886564;1687002984
1687119380;1687235800
1687352196;1687468616
1687585012;1687701432
1687817828;1687934248
1688050644;1688167064
1688283460;1688399880
1688516276;1688632696
1688749092;1688865512
1688981908;1689098328
1689214724;1689331144
1689447540;1689563960
1689680356;1689796776
1689913172;1690029592
1690145988;1690262408
1690378804;1690495224
1690611620;1690728040
1690844436;1690960856
1691077252;1691193672
1691310068;1691426488
1691542884;1691659304
1691775700;1691892120
1692008516;1692124936
1692241332;1692357752
1692474148;1692590568
1692706964;1692823384
1692939780;1693056200
1693172596;1693289016
1693405412;1693521832
1693638228;1693754648
1693871044;1693987464
1694103860;1694220280
1694336676;1694453096
1694569492;1694685912
1694802308;1694918728
1695035124;1695151544
1695267940;1695384360
1695500588;1695616708
1695733188;1695849676
1695966140;1696082628
1696199108;1696315596
1696432060;1696548548
1696665028;1696781516
1696897980;1697014468
1697130948;1697247436
1697363900;1697480388
1697596868;1697713356
1697829820;1697946308
1698062788;1698179276
1698295740;1698412228
1698528708;1698645196
1698761660;1698878523
1698994902;1699111318
1699227714;1699344130
1699460542;1699576958
1699693354;1699809770
1699926166;1700042582
1700158978;1700275394
1700391806;1700508222
1700624618;1700741034
1700857430;1700973848
1701090244;1701206664
1701323060;1701439480
1701555876;1701672296
1701788692;1701905112
1702021508;1702137928
1702254324;1702370744
1702487140;1702603560
1702719956;1702836376
1702952772;1703069192
1703185588;1703302008
1703418404;1703534824
1703651220;1703767640
1703884036;1704000456
1704116852;1704233272
1704349668;1704466088
1704582484;1704698904
1704815300;1704931720
1705048116;1705164536
1705280932;1705397352
1705513748;1705630168
1705746564;1705862984
1705979380;1706095800
1706212196;1706328616
1706445012;1706561432
1706677828;1706794248
1706910644;1707027064
1707143460;1707259880
1707376276;1707492696
1707609092;1707725512
1707841908;1707958328
1708074724;1708191144
1708307540;1708423960
1708540356;1708656776
1708773172;1708889592
1709005988;1709122408
1709238804;1709355224
1709471620;1709588040
1709704436;1709820856
1709937252;1710053672
1710170068;1710286488
1710402884;1710519304
1710635700;1710752120
1710868516;1710984936
1711101332;1711217752
1711334148;1711450568
1711566964;1711683384
1711799780;1711916200
1712032596;1712149016
1712265244;1712381364
1712497844;1712614332
1712730796;1712847284
1712963764;1713080252
1713196716;1713313204
1713429684;1713546172
1713662636;1713779124
1713895604;1714012092
1714128556;1714245044
1714361524;1714478012
1714594476;1714710964
1714827444;1714943932
1715060396;1715176884
1715293364;1715409852
1715526316;1715643175
1715759570;1715875986
1715992382;1716108798
1716225194;1716341610
1716458006;1716574422
1716690834;1716807250
1716923646;1717040062
1717156458;1717272874
1717389270;1717505686
1717622098;1717738516
1717854912;1717971332
1718087728;1718204148
1718320544;1718436964
1718553360;1718669780
1718786176;1718902596
1719018992;1719135412
1719251808;1719368228
1719484624;1719601044
1719717440;1719833860
1719950256;1720066676
1720183072;1720299492
1720415888;1720532308
1720648704;1720765124
1720881520;1720997940
1721114336;1721230756
1721347152;1721463572
1721579968;1721696388
1721812784;1721929204
1722045600;1722162020
1722278416;1722394836
1722511232;1722627652
1722744048;1722860468
1722976864;1723093284
1723209680;1723326100
1723442496;1723558916
1723675312;1723791732
1723908128;1724024548
1724140944;1724257364
1724373760;1724490180
1724606576;1724722996
1724839392;1724955812
1725072208;1725188628
1725305024;1725421444
1725537840;1725654260
1725770656;1725887076
1726003472;1726119892
1726236288;1726352708
1726469104;1726585524
1726701920;1726818340
1726934736;1727051156
1727167552;1727283972
1727400368;1727516788
1727633184;1727749604
1727866000;1727982420
1728098816;1728215236
1728331632;1728448052
1728564448;1728680868
1728797264;1728913684
1729029912;1729146032
1729262496;1729378984
1729495464;1729611952
1729728416;1729844904
1729961384;1730077872
1730194336;1730310824
1730427304;1730543792
1730660256;1730776744
1730893224;1731009712
1731126176;1731242664
1731359144;1731475632
1731592096;1731708584
1731825064;1731941552
1732058016;1732174504
1732290984;1732407843
1732524222;1732640638
1732757034;1732873450
1732989862;1733106278
1733222674;1733339090
1733455486;1733571902
1733688298;1733804714
1733921126;1734037542
1734153938;1734270354
1734386750;1734503168
1734619564;1734735984
1734852380;1734968800
1735085196;1735201616
1735318012;1735434432
1735550828;1735667248
1735783644;1735900064
1736016460;1736132880
1736249276;1736365696
1736482092;1736598512
1736714908;1736831328
1736947724;1737064144
1737180540;1737296960
1737413356;1737529776
1737646172;1737762592
1737878988;1737995408
1738111804;1738228224
1738344620;1738461040
1738577436;1738693856
1738810252;1738926672
1739043068;1739159488
1739275884;1739392304
1739508700;1739625120
1739741516;1739857936
1739974332;1740090752
1740207148;1740323568
1740439964;1740556384
1740672780;1740789200
1740905596;1741022016
1741138412;1741254832
1741371228;1741487648
1741604044;1741720464
1741836860;1741953280
1742069676;1742186096
1742302492;1742418912
1742535308;1742651728
1742768124;1742884544
1743000940;1743117360
1743233756;1743350176
1743466572;1743582992
1743699388;1743815808
1743932204;1744048624
1744165020;1744281440
1744397836;1744514256
1744630652;1744747072
1744863468;1744979888
1745096284;1745212704
1745329100;1745445520
1745561916;1745678336
1745794732;1745910984
1746027096;1746143584
1746260048;1746376536
1746493016;1746609504
1746725968;1746842456
1746958936;1747075424
1747191888;1747308376
1747424856;1747541344
1747657808;1747774296
1747890776;1748007264
1748123728;1748240216
1748356696;1748473184
1748589648;1748706136
1748822616;1748939104
1749055568;1749172056
1749288891;1749405294
1749521706;1749638122
1749754518;1749870934
1749987330;1750103746
1750220142;1750336558
1750452970;1750569386
1750685782;1750802198
1750918594;1751035010
1751151406;1751267822
1751384236;1751500640
1751617052;1751733456
1751849868;1751966272
1752082684;1752199088
1752315500;1752431904
1752548316;1752664720
1752781132;1752897536
1753013948;1753130352
1753246764;1753363168
1753479580;1753595984
1753712396;1753828800
1753945212;1754061616
1754178028;1754294432
1754410844;1754527248
1754643660;1754760064
1754876476;1754992880
1755109292;1755225696
1755342108;1755458512
1755574924;1755691328
1755807740;1755924144
1756040556;1756156960
1756273372;1756389776
1756506188;1756622592
1756739004;1756855408
1756971820;1757088224
1757204636;1757321040
1757437452;1757553856
1757670268;1757786672
1757903084;1758019488
1758135900;1758252304
1758368716;1758485120
1758601532;1758717936
1758834348;1758950752
1759067164;1759183568
1759299980;1759416384
1759532796;1759649200
1759765612;1759882016
1759998428;1760114832
1760231244;1760347648
1760464060;1760580464
1760696876;1760813280
1760929692;1761046096
1761162508;1761278912
1761395324;1761511728
1761628140;1761744544
1761860956;1761977360
1762093772;1762210176
1762326588;1762442992
1762559404;1762675640
1762791752;1762908240
1763024704;1763141192
1763257672;1763374160
1763490624;1763607112
1763723592;1763840080
1763956544;1764073032
1764189512;1764306000
1764422464;1764538952
1764655432;1764771920
1764888384;1765004872
1765121352;1765237840
1765354304;1765470792
1765587272;1765703760
1765820224;1765936712
1766053559;1766169962
1766286358;1766402774
1766519170;1766635586
1766751998;1766868414
1766984810;1767101226
1767217622;1767334038
1767450434;1767566850
1767683262;1767799678
1767916074;1768032490
1768148888;1768265308
1768381704;1768498124
1768614520;1768730940
1768847336;1768963756
1769080152;1769196572
1769312968;1769429388
1769545784;1769662204
1769778600;1769895020
1770011416;1770127836
1770244232;1770360652
1770477048;1770593468
1770709864;1770826284
1770942680;1771059100
1771175496;1771291916
1771408312;1771524732
1771641128;1771757548
1771873944;1771990364
1772106760;1772223180
1772339576;1772455996
1772572392;1772688812
1772805208;1772921628
1773038024;1773154444
1773270840;1773387260
1773503656;1773620076
1773736472;1773852892
1773969288;1774085708
1774202104;1774318524
1774434920;1774551340
1774667736;1774784156
1774900552;1775016972
1775133368;1775249788
1775366184;1775482604
1775599000;1775715420
1775831816;1775948236
1776064632;1776181052
1776297448;1776413868
1776530264;1776646684
1776763080;1776879500
1776995896;1777112316
1777228712;1777345132
1777461528;1777577948
1777694344;1777810764
1777927160;1778043580
1778159976;1778276396
1778392792;1778509212
1778625608;1778742028
1778858424;1778974844
1779091240;1779207660
1779324056;1779440476
1779556704;1779672824
1779789304;1779905792
1780022256;1780138744
1780255224;1780371712
1780488176;1780604664
1780721144;1780837632
1780954096;1781070584
1781187064;1781303552
1781420016;1781536504
1781652984;1781769472
1781885936;1782002424
1782118904;1782235392
1782351856;1782468344
1782584824;1782701312
1782818162;1782934544
1783050954;1783167370
1783283766;1783400182
1783516578;1783632994
1783749390;1783865806
1783982218;1784098634
1784215030;1784331446
1784447842;1784564258
1784680654;1784797070
1784913484;1785029888
1785146300;1785262704
1785379116;1785495520
1785611932;1785728336
1785844748;1785961152
1786077564;1786193968
1786310380;1786426784
1786543196;1786659600
1786776012;1786892416
1787008828;1787125232
1787241644;1787358048
1787474460;1787590864
1787707276;1787823680
1787940092;1788056496
1788172908;1788289312
1788405724;1788522128
1788638540;1788754944
1788871356;1788987760
1789104172;1789220576
1789336988;1789453392
1789569804;1789686208
1789802620;1789919024
1790035436;1790151840
1790268252;1790384656
1790501068;1790617472
1790733884;1790850288
1790966700;1791083104
1791199516;1791315920
1791432332;1791548736
1791665148;1791781552
1791897964;1792014368
1792130780;1792247184
1792363596;1792480000
1792596412;1792712816
1792829228;1792945632
1793062044;1793178448
1793294860;1793411264
1793527676;1793644080
1793760492;1793876896
1793993308;1794109712
1794226124;1794342528
1794458940;1794575344
1794691756;1794808160
1794924572;1795040976
1795157388;1795273792
1795390204;1795506608
1795623020;1795739424
1795855836;1795972240
1796088652;1796205056
1796321300;1796437420
1796553884;1796670372
1796786852;1796903340
1797019804;1797136292
1797252772;1797369260
1797485724;1797602212
1797718692;1797835180
1797951644;1798068132
1798184612;1798301100
1798417564;1798534052
1798650532;1798767020
1798883484;1798999972
1799116452;1799232940
1799349404;1799465892
1799582372;1799699215
1799815610;1799932026
1800048422;1800164838
1800281234;1800397650
1800514062;1800630478
1800746874;1800863290
1800979686;1801096102
1801212498;1801328914
1801445326;1801561742
1801678138;1801794556
1801910952;1802027372
1802143768;1802260188
1802376584;1802493004
1802609400;1802725820
1802842216;1802958636
1803075032;1803191452
1803307848;1803424268
1803540664;1803657084
1803773480;1803889900
1804006296;1804122716
1804239112;1804355532
1804471928;1804588348
1804704744;1804821164
1804937560;1805053980
1805170376;1805286796
1805403192;1805519612
1805636008;1805752428
1805868824;1805985244
1806101640;1806218060
1806334456;1806450876
1806567272;1806683692
1806800088;1806916508
1807032904;1807149324
1807265720;1807382140
1807498536;1807614956
1807731352;1807847772
1807964168;1808080588
1808196984;1808313404
1808429800;1808546220
1808662616;1808779036
1808895432;1809011852
1809128248;1809244668
1809361064;1809477484
1809593880;1809710300
1809826696;1809943116
1810059512;1810175932
1810292328;1810408748
1810525144;1810641564
1810757960;1810874380
1810990776;1811107196
1811223592;1811340012
1811456408;1811572828
1811689224;1811805644
1811922040;1812038460
1812154856;1812271276
1812387672;1812504092
1812620488;1812736908
1812853304;1812969724
1813085952;1813202072
1813318552;1813435040
1813551504;1813667992
1813784472;1813900960
1814017424;1814133912
1814250392;1814366880
1814483344;1814599832
1814716312;1814832800
1814949264;1815065752
1815182232;1815298720
1815415184;1815531672
1815648152;1815764640
1815881104;1815997592
1816114072;1816230560
1816347024;1816463875
1816580270;1816696686
1816813082;1816929498
1817045894;1817162310
1817278722;1817395138
1817511534;1817627950
1817744346;1817860762
1817977158;1818093574
1818209986;1818326402
1818442798;1818559216
1818675612;1818792032
1818908428;1819024848
1819141244;1819257664
1819374060;1819490480
1819606876;1819723296
1819839692;1819956112
1820072508;1820188928
1820305324;1820421744
1820538140;1820654560
1820770956;1820887376
1821003772;1821120192
1821236588;1821353008
1821469404;1821585824
1821702220;1821818640
1821935036;1822051456
1822167852;1822284272
1822400668;1822517088
1822633484;1822749904
1822866300;1822982720
1823099116;1823215536
1823331932;1823448352
1823564748;1823681168
1823797564;1823913984
1824030380;1824146800
1824263196;1824379616
1824496012;1824612432
1824728828;1824845248
1824961644;1825078064
1825194460;1825310880
1825427276;1825543696
1825660092;1825776512
1825892908;1826009328
1826125724;1826242144
1826358540;1826474960
1826591356;1826707776
1826824172;1826940592
1827056988;1827173408
1827289804;1827406224
1827522620;1827639040
1827755436;1827871856
1827988252;1828104672
1828221068;1828337488
1828453884;1828570304
1828686700;1828803120
1828919516;1829035936
1829152332;1829268752
1829385148;1829501568
1829617964;1829734384
1829850780;1829967032
1830083128;1830199616
1830316096;1830432584
1830549048;1830665536
1830782016;1830898504
1831014968;1831131456
1831247936;1831364424
1831480888;1831597376
1831713856;1831830344
1831946808;1832063296
1832179776;1832296264
1832412728;1832529216
1832645696;1832762184
1832878648;1832995136
1833111616;1833228104
1833344943;1833461346
1833577742;1833694158
1833810554;1833926970
1834043382;1834159798
1834276194;1834392610
1834509006;1834625422
1834741818;1834858234
1834974646;1835091062
1835207458;1835323874
1835440272;1835556692
1835673088;1835789508
1835905904;1836022324
1836138720;1836255140
1836371536;1836487956
1836604352;1836720772
1836837168;1836953588
1837069984;1837186404
1837302800;1837419220
1837535616;1837652036
1837768432;1837884852
1838001248;1838117668
1838234064;1838350484
1838466880;1838583300
1838699696;1838816116
1838932512;1839048932
1839165328;1839281748
1839398144;1839514564
1839630960;1839747380
1839863776;1839980196
1840096592;1840213012
1840329408;1840445828
1840562224;1840678644
1840795040;1840911460
1841027856;1841144276
1841260672;1841377092
1841493488;1841609908
1841726304;1841842724
1841959120;1842075540
1842191936;1842308356
1842424752;1842541172
1842657568;1842773988
1842890384;1843006804
1843123200;1843239620
1843356016;1843472436
1843588832;1843705252
1843821648;1843938068
1844054464;1844170884
1844287280;1844403700
1844520096;1844636516
1844752912;1844869332
1844985728;1845102148
1845218544;1845334964
1845451360;1845567780
1845684176;1845800596
1845916992;1846033412
1846149808;1846266228
1846382624;1846499044
1846615440;1846731692
1846847788;1846964276
1847080756;1847197244
1847313708;1847430196
1847546676;1847663164
1847779628;1847896116
1848012596;1848129084
1848245548;1848362036
1848478516;1848595004
1848711468;1848827956
1848944436;1849060924
1849177388;1849293876
1849410356;1849526844
1849643308;1849759796
1849876276;1849992764
1850109599;1850226002
1850342398;1850458814
1850575226;1850691642
1850808038;1850924454
1851040850;1851157266
1851273662;1851390078
1851506490;1851622906
1851739302;1851855718
1851972114;1852088530
1852204928;1852321348
1852437744;1852554164
1852670560;1852786980
1852903376;1853019796
1853136192;1853252612
1853369008;1853485428
1853601824;1853718244
1853834640;1853951060
1854067456;1854183876
1854300272;1854416692
1854533088;1854649508
1854765904;1854882324
1854998720;1855115140
1855231536;1855347956
1855464352;1855580772
1855697168;1855813588
1855929984;1856046404
1856162800;1856279220
1856395616;1856512036
1856628432;1856744852
1856861248;1856977668
1857094064;1857210484
1857326880;1857443300
1857559696;1857676116
1857792512;1857908932
1858025328;1858141748
1858258144;1858374564
1858490960;1858607380
1858723776;1858840196
1858956592;1859073012
1859189408;1859305828
1859422224;1859538644
1859655040;1859771460
1859887856;1860004276
1860120672;1860237092
1860353488;1860469908
1860586304;1860702724
1860819120;1860935540
1861051936;1861168356
1861284752;1861401172
1861517568;1861633988
1861750384;1861866804
1861983200;1862099620
1862216016;1862332436
1862448832;1862565252
1862681648;1862798068
1862914464;1863030884
1863147280;1863263700
1863380096;1863496348
1863612460;1863728948
1863845412;1863961900
1864078380;1864194868
1864311332;1864427820
1864544300;1864660788
1864777252;1864893740
1865010220;1865126708
1865243172;1865359660
1865476140;1865592628
1865709092;1865825580
1865942060;1866058548
1866175012;1866291500
1866407980;1866524468
1866640932;1866757420
1866874255;1866990658
1867107070;1867223486
1867339882;1867456298
1867572694;1867689110
1867805506;1867921922
1868038334;1868154750
1868271146;1868387562
1868503958;1868620374
1868736770;1868853186
1868969600;1869086004
1869202416;1869318820
1869435232;1869551636
1869668048;1869784452
1869900864;1870017268
1870133680;1870250084
1870366496;1870482900
1870599312;1870715716
1870832128;1870948532
1871064944;1871181348
1871297760;1871414164
1871530576;1871646980
1871763392;1871879796
1871996208;1872112612
1872229024;1872345428
1872461840;1872578244
1872694656;1872811060
1872927472;1873043876
1873160288;1873276692
1873393104;1873509508
1873625920;1873742324
1873858736;1873975140
1874091552;1874207956
1874324368;1874440772
1874557184;1874673588
1874790000;1874906404
1875022816;1875139220
1875255632;1875372036
1875488448;1875604852
1875721264;1875837668
1875954080;1876070484
1876186896;1876303300
1876419712;1876536116
1876652528;1876768932
1876885344;1877001748
1877118160;1877234564
1877350976;1877467380
1877583792;1877700196
1877816608;1877933012
1878049424;1878165828
1878282240;1878398644
1878515056;1878631460
1878747872;1878864276
1878980688;1879097092
1879213504;1879329908
1879446320;1879562724
1879679136;1879795540
1879911952;1880028356
1880144768;1880261172
1880377416;1880493536
1880610000;1880726488
1880842968;1880959456
1881075920;1881192408
1881308888;1881425376
1881541840;1881658328
1881774808;1881891296
1882007760;1882124248
1882240728;1882357216
1882473680;1882590168
1882706648;1882823136
1882939600;1883056088
1883172568;1883289056
1883405520;1883522008
1883638488;1883755331
1883871726;1883988142
1884104538;1884220954
1884337350;1884453766
1884570178;1884686594
1884802990;1884919406
1885035802;1885152218
1885268614;1885385030
1885501442;1885617858
1885734254;1885850672
1885967068;1886083488
1886199884;1886316304
1886432700;1886549120
1886665516;1886781936
1886898332;1887014752
1887131148;1887247568
1887363964;1887480384
1887596780;1887713200
1887829596;1887946016
1888062412;1888178832
1888295228;1888411648
1888528044;1888644464
1888760860;1888877280
1888993676;1889110096
1889226492;1889342912
1889459308;1889575728
1889692124;1889808544
1889924940;1890041360
1890157756;1890274176
1890390572;1890506992
1890623388;1890739808
1890856204;1890972624
1891089020;1891205440
1891321836;1891438256
1891554652;1891671072
1891787468;1891903888
1892020284;1892136704
1892253100;1892369520
1892485916;1892602336
1892718732;1892835152
1892951548;1893067968
1893184364;1893300784
1893417180;1893533600
1893649996;1893766416
1893882812;1893999232
1894115628;1894232048
1894348444;1894464864
1894581260;1894697680
1894814076;1894930496
1895046892;1895163312
1895279708;1895396128
1895512524;1895628944
1895745340;1895861760
1895978156;1896094576
1896210972;1896327392
1896443788;1896560208
1896676604;1896793024
1896909420;1897025840
1897142068;1897258188
1897374668;1897491156
1897607620;1897724108
1897840588;1897957076
1898073540;1898190028
1898306508;1898422996
1898539460;1898655948
1898772428;1898888916
1899005380;1899121868
1899238348;1899354836
1899471300;1899587788
1899704268;1899820756
1899937220;1900053708
1900170188;1900286676
1900403140;1900519999
1900636378;1900752794
1900869206;1900985622
1901102018;1901218434
1901334830;1901451246
1901567642;1901684058
1901800470;1901916886
1902033282;1902149698
1902266094;1902382510
1902498906;1902615324
1902731736;1902848140
1902964552;1903080956
1903197368;1903313772
1903430184;1903546588
1903663000;1903779404
1903895816;1904012220
1904128632;1904245036
1904361448;1904477852
1904594264;1904710668
1904827080;1904943484
1905059896;1905176300
1905292712;1905409116
1905525528;1905641932
1905758344;1905874748
1905991160;1906107564
1906223976;1906340380
1906456792;1906573196
1906689608;1906806012
1906922424;1907038828
1907155240;1907271644
1907388056;1907504460
1907620872;1907737276
1907853688;1907970092
1908086504;1908202908
1908319320;1908435724
1908552136;1908668540
1908784952;1908901356
1909017768;1909134172
1909250584;1909366988
1909483400;1909599804
1909716216;1909832620
1909949032;1910065436
1910181848;1910298252
1910414664;1910531068
1910647480;1910763884
1910880296;1910996700
1911113112;1911229516
1911345928;1911462332
1911578744;1911695148
1911811560;1911927964
1912044376;1912160780
1912277192;1912393596
1912510008;1912626412
1912742824;1912859228
1912975640;1913092044
1913208456;1913324860
1913441272;1913557676
1913674088;1913790492
1913906904;1914023140
1914139252;1914255740
1914372204;1914488692
1914605172;1914721660
1914838124;1914954612
1915071092;1915187580
1915304044;1915420532
1915537012;1915653500
1915769964;1915886452
1916002932;1916119420
1916235884;1916352372
1916468852;1916585340
1916701804;1916818292
1916934772;1917051260
1917167724;1917284610
1917400972;1917517390
1917633786;1917750202
1917866598;1917983014
1918099426;1918215842
1918332238;1918448654
1918565050;1918681466
1918797862;1918914278
1919030690;1919147106
1919263502;1919379920
1919496316;1919612736
1919729132;1919845552
1919961948;1920078368
1920194764;1920311184
1920427580;1920544000
1920660396;1920776816
1920893212;1921009632
1921126028;1921242448
1921358844;1921475264
1921591660;1921708080
1921824476;1921940896
1922057292;1922173712
1922290108;1922406528
1922522924;1922639344
1922755740;1922872160
1922988556;1923104976
1923221372;1923337792
1923454188;1923570608
1923687004;1923803424
1923919820;1924036240
1924152636;1924269056
1924385452;1924501872
1924618268;1924734688
1924851084;1924967504
1925083900;1925200320
1925316716;1925433136
1925549532;1925665952
1925782348;1925898768
1926015164;1926131584
1926247980;1926364400
1926480796;1926597216
1926713612;1926830032
1926946428;1927062848
1927179244;1927295664
1927412060;1927528480
1927644876;1927761296
1927877692;1927994112
1928110508;1928226928
1928343324;1928459744
1928576140;1928692560
1928808956;1928925376
1929041772;1929158192
1929274588;1929391008
1929507404;1929623824
1929740220;1929856640
1929973036;1930089456
1930205852;1930322272
1930438668;1930555088
1930671484;1930787736
1930903832;1931020320
1931136800;1931253288
1931369752;1931486240
1931602720;1931719208
1931835672;1931952160
1932068640;1932185128
1932301592;1932418080
1932534560;1932651048
1932767512;1932884000
1933000480;1933116968
1933233432;1933349920
1933466400;1933582888
1933699352;1933815840
1933932320;1934048808
1934165639;1934282042
1934398454;1934514870
1934631266;1934747682
1934864078;1934980494
1935096890;1935213306
1935329718;1935446134
1935562530;1935678946
1935795342;1935911758
1936028154;1936144570
1936260984;1936377388
1936493800;1936610204
1936726616;1936843020
1936959432;1937075836
1937192248;1937308652
1937425064;1937541468
1937657880;1937774284
1937890696;1938007100
1938123512;1938239916
1938356328;1938472732
1938589144;1938705548
1938821960;1938938364
1939054776;1939171180
1939287592;1939403996
1939520408;1939636812
1939753224;1939869628
1939986040;1940102444
1940218856;1940335260
1940451672;1940568076
1940684488;1940800892
1940917304;1941033708
1941150120;1941266524
1941382936;1941499340
1941615752;1941732156
1941848568;1941964972
1942081384;1942197788
1942314200;1942430604
1942547016;1942663420
1942779832;1942896236
1943012648;1943129052
1943245464;1943361868
1943478280;1943594684
1943711096;1943827500
1943943912;1944060316
1944176728;1944293132
1944409544;1944525948
1944642360;1944758764
1944875176;1944991580
1945107992;1945224396
1945340808;1945457212
1945573624;1945690028
1945806440;1945922844
1946039256;1946155660
1946272072;1946388476
1946504888;1946621292
1946737704;1946854108
1946970520;1947086924
1947203336;1947319740
1947436152;1947552388
1947668500;1947784988
1947901452;1948017940
1948134420;1948250908
1948367372;1948483860
1948600340;1948716828
1948833292;1948949780
1949066260;1949182748
1949299212;1949415700
1949532180;1949648668
1949765132;1949881620
1949998100;1950114588
1950231052;1950347540
1950464020;1950580508
1950696972;1950813460
1950930307;1951046710
1951163106;1951279522
1951395918;1951512334
1951628746;1951745162
1951861558;1951977974
1952094370;1952210786
1952327182;1952443598
1952560010;1952676426
1952792822;1952909238
1953025636;1953142056
1953258452;1953374872
1953491268;1953607688
1953724084;1953840504
1953956900;1954073320
1954189716;1954306136
1954422532;1954538952
1954655348;1954771768
1954888164;1955004584
1955120980;1955237400
1955353796;1955470216
1955586612;1955703032
1955819428;1955935848
1956052244;1956168664
1956285060;1956401480
1956517876;1956634296
1956750692;1956867112
1956983508;1957099928
1957216324;1957332744
1957449140;1957565560
1957681956;1957798376
1957914772;1958031192
1958147588;1958264008
1958380404;1958496824
1958613220;1958729640
1958846036;1958962456
1959078852;1959195272
1959311668;1959428088
1959544484;1959660904
1959777300;1959893720
1960010116;1960126536
1960242932;1960359352
1960475748;1960592168
1960708564;1960824984
1960941380;1961057800
1961174196;1961290616
1961407012;1961523432
1961639828;1961756248
1961872644;1961989064
1962105460;1962221880
1962338276;1962454696
1962571092;1962687512
1962803908;1962920328
1963036724;1963153144
1963269540;1963385960
1963502356;1963618776
1963735172;1963851592
1963967988;1964084408
1964200804;1964317224
1964433452;1964549572
1964666052;1964782540
1964899004;1965015492
1965131972;1965248460
1965364924;1965481412
1965597892;1965714380
1965830844;1965947332
1966063812;1966180300
1966296764;1966413252
1966529732;1966646220
1966762684;1966879172
1966995652;1967112140
1967228604;1967345092
1967461572;1967578060
1967694524;1967811387
1967927766;1968044182
1968160578;1968276994
1968393406;1968509822
1968626218;1968742634
1968859030;1968975446
1969091842;1969208258
1969324670;1969441086
1969557482;1969673898
1969790294;1969906712
1970023108;1970139528
1970255924;1970372344
1970488740;1970605160
1970721556;1970837976
1970954372;1971070792
1971187188;1971303608
1971420004;1971536424
1971652820;1971769240
1971885636;1972002056
1972118452;1972234872
1972351268;1972467688
1972584084;1972700504
1972816900;1972933320
1973049716;1973166136
1973282532;1973398952
1973515348;1973631768
1973748164;1973864584
1973980980;1974097400
1974213796;1974330216
1974446612;1974563032
1974679428;1974795848
1974912244;1975028664
1975145060;1975261480
1975377876;1975494296
1975610692;1975727112
1975843508;1975959928
1976076324;1976192744
1976309140;1976425560
1976541956;1976658376
1976774772;1976891192
1977007588;1977124008
1977240404;1977356824
1977473220;1977589640
1977706036;1977822456
1977938852;1978055272
1978171668;1978288088
1978404484;1978520904
1978637300;1978753720
1978870116;1978986536
1979102932;1979219352
1979335748;1979452168
1979568564;1979684984
1979801380;1979917800
1980034196;1980150616
1980267012;1980383432
1980499828;1980616248
1980732644;1980849064
1980965460;1981081880
1981198108;1981314228
1981430708;1981547196
1981663660;1981780148
1981896628;1982013116
1982129580;1982246068
1982362548;1982479036
1982595500;1982711988
1982828468;1982944956
1983061420;1983177908
1983294388;1983410876
1983527340;1983643828
1983760308;1983876796
1983993260;1984109748
1984226228;1984342716
1984459180;1984576039
1984692434;1984808850
1984925246;1985041662
1985158058;1985274474
1985390870;1985507286
1985623698;1985740114
1985856510;1985972926
1986089322;1986205738
1986322134;1986438550
1986554962;1986671380
1986787776;1986904196
1987020592;1987137012
1987253408;1987369828
1987486224;1987602644
1987719040;1987835460
1987951856;1988068276
1988184672;1988301092
1988417488;1988533908
1988650304;1988766724
1988883120;1988999540
1989115936;1989232356
1989348752;1989465172
1989581568;1989697988
1989814384;1989930804
1990047200;1990163620
1990280016;1990396436
1990512832;1990629252
1990745648;1990862068
1990978464;1991094884
1991211280;1991327700
1991444096;1991560516
1991676912;1991793332
1991909728;1992026148
1992142544;1992258964
1992375360;1992491780
1992608176;1992724596
1992840992;1992957412
1993073808;1993190228
1993306624;1993423044
1993539440;1993655860
1993772256;1993888676
1994005072;1994121492
1994237888;1994354308
1994470704;1994587124
1994703520;1994819940
1994936336;1995052756
1995169152;1995285572
1995401968;1995518388
1995634784;1995751204
1995867600;1995984020
1996100416;1996216836
1996333232;1996449652
1996566048;1996682468
1996798864;1996915284
1997031680;1997148100
1997264496;1997380916
1997497312;1997613732
1997730128;1997846548
1997962776;1998078896
1998195360;1998311848
1998428328;1998544816
1998661280;1998777768
1998894248;1999010736
1999127200;1999243688
1999360168;1999476656
1999593120;1999709608
1999826088;1999942576
2000059040;2000175528
2000292008;2000408496
2000524960;2000641448
2000757928;2000874416
2000990880;2001107368
2001223848;2001340707
2001457086;2001573502
2001689898;2001806314
2001922726;2002039142
2002155538;2002271954
2002388350;2002504766
2002621162;2002737578
2002853990;2002970406
2003086802;2003203218
2003319614;2003436032
2003552428;2003668848
2003785244;2003901664
2004018060;2004134480
2004250876;2004367296
2004483692;2004600112
2004716508;2004832928
2004949324;2005065744
2005182140;2005298560
2005414956;2005531376
2005647772;2005764192
2005880588;2005997008
2006113404;2006229824
2006346220;2006462640
2006579036;2006695456
2006811852;2006928272
2007044668;2007161088
2007277484;2007393904
2007510300;2007626720
2007743116;2007859536
2007975932;2008092352
2008208748;2008325168
2008441564;2008557984
2008674380;2008790800
2008907196;2009023616
2009140012;2009256432
2009372828;2009489248
2009605644;2009722064
2009838460;2009954880
2010071276;2010187696
2010304092;2010420512
2010536908;2010653328
2010769724;2010886144
2011002540;2011118960
2011235356;2011351776
2011468172;2011584592
2011700988;2011817408
2011933804;2012050224
2012166620;2012283040
2012399436;2012515856
2012632252;2012748672
2012865068;2012981488
2013097884;2013214304
2013330700;2013447120
2013563516;2013679936
2013796332;2013912752
2014029148;2014145568
2014261964;2014378384
2014494780;2014611200
2014727596;2014843848
2014959960;2015076448
2015192912;2015309400
2015425880;2015542368
2015658832;2015775320
2015891800;2016008288
2016124752;2016241240
2016357720;2016474208
2016590672;2016707160
2016823640;2016940128
2017056592;2017173080
2017289560;2017406048
2017522512;2017639000
2017755480;2017871968
2017988432;2018104920
2018221755;2018338158
2018454570;2018570986
2018687382;2018803798
2018920194;2019036610
2019153006;2019269422
2019385834;2019502250
2019618646;2019735062
2019851458;2019967874
2020084270;2020200686
2020317100;2020433504
2020549916;2020666320
2020782732;2020899136
2021015548;2021131952
2021248364;2021364768
2021481180;2021597584
2021713996;2021830400
2021946812;2022063216
2022179628;2022296032
2022412444;2022528848
2022645260;2022761664
2022878076;2022994480
2023110892;2023227296
2023343708;2023460112
2023576524;2023692928
2023809340;2023925744
2024042156;2024158560
2024274972;2024391376
2024507788;2024624192
2024740604;2024857008
2024973420;2025089824
2025206236;2025322640
2025439052;2025555456
2025671868;2025788272
2025904684;2026021088
2026137500;2026253904
2026370316;2026486720
2026603132;2026719536
2026835948;2026952352
2027068764;2027185168
2027301580;2027417984
2027534396;2027650800
2027767212;2027883616
2028000028;2028116432
2028232844;2028349248
2028465660;2028582064
2028698476;2028814880
2028931292;2029047696
2029164108;2029280512
2029396924;2029513328
2029629740;2029746144
2029862556;2029978960
2030095372;2030211776
2030328188;2030444592
2030561004;2030677408
2030793820;2030910224
2031026636;2031143040
2031259452;2031375856
2031492268;2031608504
2031724616;2031841104
2031957568;2032074056
2032190536;2032307024
2032423488;2032539976
2032656456;2032772944
2032889408;2033005896
2033122376;2033238864
2033355328;2033471816
2033588296;2033704784
2033821248;2033937736
2034054216;2034170704
2034287168;2034403656
2034520136;2034636624
2034753088;2034869576
2034986423;2035102826
2035219222;2035335638
2035452034;2035568450
2035684862;2035801278
2035917674;2036034090
2036150486;2036266902
2036383298;2036499714
2036616126;2036732542
2036848938;2036965354
2037081752;2037198172
2037314568;2037430988
2037547384;2037663804
2037780200;2037896620
2038013016;2038129436
2038245832;2038362252
2038478648;2038595068
2038711464;2038827884
2038944280;2039060700
2039177096;2039293516
2039409912;2039526332
2039642728;2039759148
2039875544;2039991964
2040108360;2040224780
2040341176;2040457596
2040573992;2040690412
2040806808;2040923228
2041039624;2041156044
2041272440;2041388860
2041505256;2041621676
2041738072;2041854492
2041970888;2042087308
2042203704;2042320124
2042436520;2042552940
2042669336;2042785756
2042902152;2043018572
2043134968;2043251388
2043367784;2043484204
2043600600;2043717020
2043833416;2043949836
2044066232;2044182652
2044299048;2044415468
2044531864;2044648284
2044764680;2044881100
2044997496;2045113916
2045230312;2045346732
2045463128;2045579548
2045695944;2045812364
2045928760;2046045180
2046161576;2046277996
2046394392;2046510812
2046627208;2046743628
2046860024;2046976444
2047092840;2047209260
2047325656;2047442076
2047558472;2047674892
2047791288;2047907708
2048024104;2048140524
2048256920;2048373340
2048489568;2048605688
2048722168;2048838656
2048955120;2049071608
2049188088;2049304576
2049421040;2049537528
2049654008;2049770496
2049886960;2050003448
2050119928;2050236416
2050352880;2050469368
2050585848;2050702336
2050818800;2050935288
2051051768;2051168256
2051284720;2051401208
2051517688;2051634176
2051754426;2051867480
2051983890;2052100306
2052216702;2052333118
2052449514;2052565930
2052682326;2052798742
2052915154;2053031570
2053147966;2053264382
2053380778;2053497194
2053613590;2053730006
2053846418;2053962836
2054079232;2054195652
2054312048;2054428468
2054544864;2054661284
2054777680;2054894100
2055010496;2055126916
2055243312;2055359732
2055476128;2055592548
2055708944;2055825364
2055941760;2056058180
2056174576;2056290996
2056407392;2056523812
2056640208;2056756628
2056873024;2056989444
2057105840;2057222260
2057338656;2057455076
2057571472;2057687892
2057804288;2057920708
2058037104;2058153524
2058269920;2058386340
2058502736;2058619156
2058735552;2058851972
2058968368;2059084788
2059201184;2059317604
2059434000;2059550420
2059666816;2059783236
2059899632;2060016052
2060132448;2060248868
2060365264;2060481684
2060598080;2060714500
2060830896;2060947316
2061063712;2061180132
2061296528;2061412948
2061529344;2061645764
2061762160;2061878580
2061994976;2062111396
2062227792;2062344212
2062460608;2062577028
2062693424;2062809844
2062926240;2063042660
2063159056;2063275476
2063391872;2063508292
2063624688;2063741108
2063857504;2063973924
2064090320;2064206740
2064323136;2064439556
2064555952;2064672372
2064788768;2064905188
2065021584;2065138004
2065254232;2065370352
2065486816;2065603304
2065719784;2065836272
2065952736;2066069224
2066185704;2066302192
2066418656;2066535144
2066651624;2066768112
2066884576;2067001064
2067117544;2067234032
2067350496;2067466984
2067583464;2067699952
2067816416;2067932904
2068049384;2068165872
2068282336;2068398824
2068515304;2068632163
2068748542;2068864958
2068981354;2069097770
2069214182;2069330598
2069446994;2069563410
2069679806;2069796222
2069912618;2070029034
2070145446;2070261862
2070378258;2070494674
2070611070;2070727488
2070843884;2070960304
2071076700;2071193120
2071309516;2071425936
2071542332;2071658752
2071775148;2071891568
2072007964;2072124384
2072240780;2072357200
2072473596;2072590016
2072706412;2072822832
2072939228;2073055648
2073172044;2073288464
2073404860;2073521280
2073637676;2073754096
2073870492;2073986912
2074103308;2074219728
2074336124;2074452544
2074568940;2074685360
2074801756;2074918176
2075034572;2075150992
2075267388;2075383808
2075500204;2075616624
2075733020;2075849440
2075965836;2076082256
2076198652;2076315072
2076431468;2076547888
2076664284;2076780704
2076897100;2077013520
2077129916;2077246336
2077362732;2077479152
2077595548;2077711968
2077828364;2077944784
2078061180;2078177600
2078293996;2078410416
2078526812;2078643232
2078759628;2078876048
2078992444;2079108864
2079225260;2079341680
2079458076;2079574496
2079690892;2079807312
2079923708;2080040128
2080156524;2080272944
2080389340;2080505760
2080622156;2080738576
2080854972;2080971392
2081087788;2081204208
2081320604;2081437024
2081553420;2081669840
2081786236;2081902656
2082018884;2082135004
2082251484;2082367972
2082484436;2082600924
2082717404;2082833892
2082950356;2083066844
2083183324;2083299812
2083416276;2083532764
2083649244;2083765732
2083882196;2083998684
2084115164;2084231652
2084348116;2084464604
2084581084;2084697572
2084814036;2084930524
2085047004;2085163492
2085279956;2085396811
2085513206;2085629622
2085746018;2085862434
2085978830;2086095246
2086211658;2086328074
2086444470;2086560886
2086677282;2086793698
2086910094;2087026510
2087142922;2087259338
2087375734;2087492152
2087608548;2087724968
2087841364;2087957784
2088074180;2088190600
2088306996;2088423416
2088539812;2088656232
2088772628;2088889048
2089005444;2089121864
2089238260;2089354680
2089471076;2089587496
2089703892;2089820312
2089936708;2090053128
2090169524;2090285944
2090402340;2090518760
2090635156;2090751576
2090867972;2090984392
2091100788;2091217208
2091333604;2091450024
2091566420;2091682840
2091799236;2091915656
2092032052;2092148472
2092264868;2092381288
2092497684;2092614104
2092730500;2092846920
2092963316;2093079736
2093196132;2093312552
2093428948;2093545368
2093661764;2093778184
2093894580;2094011000
2094127396;2094243816
2094360212;2094476632
2094593028;2094709448
2094825844;2094942264
2095058660;2095175080
2095291476;2095407896
2095524292;2095640712
2095757108;2095873528
2095989924;2096106344
2096222740;2096339160
2096455556;2096571976
2096688372;2096804792
2096921188;2097037608
2097154004;2097270424
2097386820;2097503240
2097619636;2097736056
2097852452;2097968872
2098085268;2098201688
2098318084;2098434504
2098550900;2098667320
2098783716;2098899968
2099016064;2099132552
2099249032;2099365520
2099481984;2099598472
2099714952;2099831440
2099947904;2100064392
2100180872;2100297360
2100413824;2100530312
2100646792;2100763280
2100879744;2100996232
2101112712;2101229200
2101345664;2101462152
2101578632;2101695120
2101811584;2101928072
2102044552;2102161040
2102277871;2102394274
2102510686;2102627102
2102743498;2102859914
2102976310;2103092726
2103209122;2103325538
2103441950;2103558366
2103674762;2103791178
2103907574;2104023990
2104140386;2104256802
2104373216;2104489620
2104606032;2104722436
2104838848;2104955252
2105071664;2105188068
2105304480;2105420884
2105537296;2105653700
2105770112;2105886516
2106002928;2106119332
2106235744;2106352148
2106468560;2106584964
2106701376;2106817780
2106934192;2107050596
2107167008;2107283412
2107399824;2107516228
2107632640;2107749044
2107865456;2107981860
2108098272;2108214676
2108331088;2108447492
2108563904;2108680308
2108796720;2108913124
2109029536;2109145940
2109262352;2109378756
2109495168;2109611572
2109727984;2109844388
2109960800;2110077204
2110193616;2110310020
2110426432;2110542836
2110659248;2110775652
2110892064;2111008468
2111124880;2111241284
2111357696;2111474100
2111590512;2111706916
2111823328;2111939732
2112056144;2112172548
2112288960;2112405364
2112521776;2112638180
2112754592;2112870996
2112987408;2113103812
2113220224;2113336628
2113453040;2113569444
2113685856;2113802260
2113918672;2114035076
2114151488;2114267892
2114384304;2114500708
2114617120;2114733524
2114849936;2114966340
2115082752;2115199156
2115315568;2115431972
2115548384;2115664620
2115780732;2115897220
2116013684;2116130172
2116246652;2116363140
2116479604;2116596092
2116712572;2116829060
2116945524;2117062012
2117178492;2117294980
2117411444;2117527932
2117644412;2117760900
2117877364;2117993852
2118110332;2118226820
2118343284;2118459772
2118576252;2118692740
2118809204;2118925692
2119042543;2119158946
2119275342;2119391758
2119508154;2119624570
2119740966;2119857382
2119973794;2120090210
2120206606;2120323022
2120439418;2120555834
2120672230;2120788646
2120905058;2121021474
2121137872;2121254292
2121370688;2121487108
2121603504;2121719924
2121836320;2121952740
2122069136;2122185556
2122301952;2122418372
2122534768;2122651188
2122767584;2122884004
2123000400;2123116820
2123233216;2123349636
2123466032;2123582452
2123698848;2123815268
2123931664;2124048084
2124164480;2124280900
2124397296;2124513716
2124630112;2124746532
2124862928;2124979348
2125095744;2125212164
2125328560;2125444980
2125561376;2125677796
2125794192;2125910612
2126027008;2126143428
2126259824;2126376244
2126492640;2126609060
2126725456;2126841876
2126958272;2127074692
2127191088;2127307508
2127423904;2127540324
2127656720;2127773140
2127889536;2128005956
2128122352;2128238772
2128355168;2128471588
2128587984;2128704404
2128820800;2128937220
2129053616;2129170036
2129286432;2129402852
2129519248;2129635668
2129752064;2129868484
2129984880;2130101300
2130217696;2130334116
2130450512;2130566932
2130683328;2130799748
2130916144;2131032564
2131148960;2131265380
2131381776;2131498196
2131614592;2131731012
2131847408;2131963828
2132080224;2132196644
2132313040;2132429460
2132545688;2132661808
2132778272;2132894760
2133011240;2133127728
2133244192;2133360680
2133477160;2133593648
2133710112;2133826600
2133943080;2134059568
2134176032;2134292520
2134409000;2134525488
2134641952;2134758440
2134874920;2134991408
2135107872;2135224360
2135340840;2135457328
2135573792;2135690280
2135807146;2135923528
2136039922;2136156338
2136272750;2136389166
2136505562;2136621978
2136738374;2136854790
2136971186;2137087602
2137204014;2137320430
2137436826;2137553242
2137669638;2137786054
2137902452;2138018872
2138135268;2138251688
2138368084;2138484504
2138600900;2138717320
2138833716;2138950136
2139066532;2139182952
2139299348;2139415768
2139532164;2139648584
2139764980;2139881400
2139997796;2140114216
2140230612;2140347032
2140463428;2140579848
2140696244;2140812664
2140929060;2141045480
2141161876;2141278296
2141394692;2141511112
2141627508;2141743928
2141860324;2141976744
2142093140;2142209560
2142325956;2142442376
2142558772;2142675192
2142791588;2142908008
2143024404;2143140824
2143257220;2143373640
2143490036;2143606456
2143722852;2143839272
2143955668;2144072088
2144188484;2144304904
2144421300;2144537720
2144654116;2144770536
2144886932;2145003352
2145119748;2145236168
2145352564;2145468984
2145585380;2145701800
2145818196;2145934616
2146051012;2146167432
2146283828;2146400248
2146516644;2146633064
2146749460;2146865880
2146982276;2147098696
2147215092;2147331512
2147447908;2147564328
2147680724;2147797144
2147913540;2148029960
2148146356;2148262776
2148379172;2148495592
2148611988;2148728408
2148844804;2148961224
2149077620;2149194040
2149310268;2149426388
2149542868;2149659356
2149775820;2149892308
2150008788;2150125276
2150241740;2150358228
2150474708;2150591196
2150707660;2150824148
2150940628;2151057116
2151173580;2151290068
2151406548;2151523036
2151639500;2151755988
2151872468;2151988956
2152105420;2152221908
2152338388;2152454876
2152571340;2152688199
2152804594;2152921010
2153037406;2153153822
2153270218;2153386634
2153503030;2153619446
2153735858;2153852274
2153968670;2154085086
2154201482;2154317898
2154434294;2154550710
2154667122;2154783540
2154899936;2155016356
2155132752;2155249172
2155365568;2155481988
2155598384;2155714804
2155831200;2155947620
2156064016;2156180436
2156296832;2156413252
2156529648;2156646068
2156762464;2156878884
2156995280;2157111700
2157228096;2157344516
2157460912;2157577332
2157693728;2157810148
2157926544;2158042964
2158159360;2158275780
2158392176;2158508596
2158624992;2158741412
2158857808;2158974228
2159090624;2159207044
2159323440;2159439860
2159556256;2159672676
2159789072;2159905492
2160021888;2160138308
2160254704;2160371124
2160487520;2160603940
2160720336;2160836756
2160953152;2161069572
2161185968;2161302388
2161418784;2161535204
2161651600;2161768020
2161884416;2162000836
2162117232;2162233652
2162350048;2162466468
2162582864;2162699284
2162815680;2162932100
2163048496;2163164916
2163281312;2163397732
2163514128;2163630548
2163746944;2163863364
2163979760;2164096180
2164212576;2164328996
2164445392;2164561812
2164678208;2164794628
2164911024;2165027444
2165143840;2165260260
2165376656;2165493076
2165609472;2165725892
2165842288;2165958708
2166074936;2166191056
2166307520;2166424008
2166540488;2166656976
2166773440;2166889928
2167006408;2167122896
2167239360;2167355848
2167472328;2167588816
2167705280;2167821768
2167938248;2168054736
2168171200;2168287688
2168404168;2168520656
2168637120;2168753608
2168870088;2168986576
2169103040;2169219528
2169336008;2169452863
2169569242;2169685658
2169802070;2169918486
2170034882;2170151298
2170267694;2170384110
2170500506;2170616922
2170733334;2170849750
2170966146;2171082562
2171198958;2171315374
2171431770;2171548188
2171664600;2171781004
2171897416;2172013820
2172130232;2172246636
2172363048;2172479452
2172595864;2172712268
2172828680;2172945084
2173061496;2173177900
2173294312;2173410716
2173527128;2173643532
2173759944;2173876348
2173992760;2174109164
2174225576;2174341980
2174458392;2174574796
2174691208;2174807612
2174924024;2175040428
2175156840;2175273244
2175389656;2175506060
2175622472;2175738876
2175855288;2175971692
2176088104;2176204508
2176320920;2176437324
2176553736;2176670140
2176786552;2176902956
2177019368;2177135772
2177252184;2177368588
2177485000;2177601404
2177717816;2177834220
2177950632;2178067036
2178183448;2178299852
2178416264;2178532668
2178649080;2178765484
2178881896;2178998300
2179114712;2179231116
2179347528;2179463932
2179580344;2179696748
2179813160;2179929564
2180045976;2180162380
2180278792;2180395196
2180511608;2180628012
2180744424;2180860828
2180977240;2181093644
2181210056;2181326460
2181442872;2181559276
2181675688;2181792092
2181908504;2182024908
2182141320;2182257724
2182374136;2182490540
2182606952;2182723356
2182839768;2182956004
2183072116;2183188604
2183305068;2183421556
2183538036;2183654524
2183770988;2183887476
2184003956;2184120444
2184236908;2184353396
2184469876;2184586364
2184702828;2184819316
2184935796;2185052284
2185168748;2185285236
2185401716;2185518204
2185634668;2185751156
2185867636;2185984124
2186100588;2186217076
2186333915;2186450318
2186566730;2186683146
2186799542;2186915958
2187032354;2187148770
2187265166;2187381582
2187497994;2187614410
2187730806;2187847222
2187963618;2188080034
2188196430;2188312846
2188429260;2188545664
2188662076;2188778480
2188894892;2189011296
2189127708;2189244112
2189360524;2189476928
2189593340;2189709744
2189826156;2189942560
2190058972;2190175376
2190291788;2190408192
2190524604;2190641008
2190757420;2190873824
2190990236;2191106640
2191223052;2191339456
2191455868;2191572272
2191688684;2191805088
2191921500;2192037904
2192154316;2192270720
2192387132;2192503536
2192619948;2192736352
2192852764;2192969168
2193085580;2193201984
2193318396;2193434800
2193551212;2193667616
2193784028;2193900432
2194016844;2194133248
2194249660;2194366064
2194482476;2194598880
2194715292;2194831696
2194948108;2195064512
2195180924;2195297328
2195413740;2195530144
2195646556;2195762960
2195879372;2195995776
2196112188;2196228592
2196345004;2196461408
2196577820;2196694224
2196810636;2196927040
2197043452;2197159856
2197276268;2197392672
2197509084;2197625488
2197741900;2197858304
2197974716;2198091120
2198207532;2198323936
2198440348;2198556752
2198673164;2198789568
2198905980;2199022384
2199138796;2199255200
2199371612;2199488016
2199604428;2199720664
2199836776;2199953264
2200069728;2200186216
2200302696;2200419184
2200535648;2200652136
2200768616;2200885104
2201001568;2201118056
2201234536;2201351024
2201467488;2201583976
2201700456;2201816944
2201933408;2202049896
2202166376;2202282864
2202399328;2202515816
2202632296;2202748784
2202865248;2202981736
2203098587;2203214990
2203331386;2203447802
2203564198;2203680614
2203797010;2203913426
2204029838;2204146254
2204262650;2204379066
2204495462;2204611878
2204728274;2204844690
2204961102;2205077518
2205193916;2205310336
2205426732;2205543152
2205659548;2205775968
2205892364;2206008784
2206125180;2206241600
2206357996;2206474416
2206590812;2206707232
2206823628;2206940048
2207056444;2207172864
2207289260;2207405680
2207522076;2207638496
2207754892;2207871312
2207987708;2208104128
2208220524;2208336944
2208453340;2208569760
2208686156;2208802576
2208918972;2209035392
2209151788;2209268208
2209384604;2209501024
2209617420;2209733840
2209850236;2209966656
2210083052;2210199472
2210315868;2210432288
2210548684;2210665104
2210781500;2210897920
2211014316;2211130736
2211247132;2211363552
2211479948;2211596368
2211712764;2211829184
2211945580;2212062000
2212178396;2212294816
2212411212;2212527632
2212644028;2212760448
2212876844;2212993264
2213109660;2213226080
2213342476;2213458896
2213575292;2213691712
2213808108;2213924528
2214040924;2214157344
2214273740;2214390160
2214506556;2214622976
2214739372;2214855792
2214972188;2215088608
2215205004;2215321424
2215437820;2215554240
2215670636;2215787056
2215903452;2216019872
2216136268;2216252688
2216369084;2216485336
2216601432;2216717920
2216834400;2216950888
2217067352;2217183840
2217300320;2217416808
2217533272;2217649760
2217766240;2217882728
2217999192;2218115680
2218232160;2218348648
2218465112;2218581600
2218698080;2218814568
2218931032;2219047520
2219164000;2219280488
2219396952;2219513440
2219629920;2219746408
2219863243;2219979646
2220096042;2220212458
2220328854;2220445270
2220561682;2220678098
2220794494;2220910910
2221027306;2221143722
2221260118;2221376534
2221492946;2221609362
2221725758;2221842174
2221958572;2222074992
2222191388;2222307808
2222424204;2222540624
2222657020;2222773440
2222889836;2223006256
2223122652;2223239072
2223355468;2223471888
2223588284;2223704704
2223821100;2223937520
2224053916;2224170336
2224286732;2224403152
2224519548;2224635968
2224752364;2224868784
2224985180;2225101600
2225217996;2225334416
2225450812;2225567232
2225683628;2225800048
2225916444;2226032864
2226149260;2226265680
2226382076;2226498496
2226614892;2226731312
2226847708;2226964128
2227080524;2227196944
2227313340;2227429760
2227546156;2227662576
2227778972;2227895392
2228011788;2228128208
2228244604;2228361024
2228477420;2228593840
2228710236;2228826656
2228943052;2229059472
2229175868;2229292288
2229408684;2229525104
2229641500;2229757920
2229874316;2229990736
2230107132;2230223552
2230339948;2230456368
2230572764;2230689184
2230805580;2230922000
2231038396;2231154816
2231271212;2231387632
2231504028;2231620448
2231736844;2231853264
2231969660;2232086080
2232202476;2232318896
2232435292;2232551712
2232668108;2232784528
2232900924;2233017344
2233133740;2233250160
2233366388;2233482508
2233598988;2233715476
2233831940;2233948428
2234064908;2234181396
2234297860;2234414348
2234530828;2234647316
2234763780;2234880268
2234996748;2235113236
2235229700;2235346188
2235462668;2235579156
2235695620;2235812108
2235928588;2236045076
2236161540;2236278028
2236394508;2236510996
2236627460;2236744319
2236860698;2236977114
2237093526;2237209942
2237326338;2237442754
2237559150;2237675566
2237791962;2237908378
2238024790;2238141206
2238257602;2238374018
2238490414;2238606830
2238723226;2238839644
2238956056;2239072460
2239188872;2239305276
2239421688;2239538092
2239654504;2239770908
2239887320;2240003724
2240120136;2240236540
2240352952;2240469356
2240585768;2240702172
2240818584;2240934988
2241051400;2241167804
2241284216;2241400620
2241517032;2241633436
2241749848;2241866252
2241982664;2242099068
2242215480;2242331884
2242448296;2242564700
2242681112;2242797516
2242913928;2243030332
2243146744;2243263148
2243379560;2243495964
2243612376;2243728780
2243845192;2243961596
2244078008;2244194412
2244310824;2244427228
2244543640;2244660044
2244776456;2244892860
2245009272;2245125676
2245242088;2245358492
2245474904;2245591308
2245707720;2245824124
2245940536;2246056940
2246173352;2246289756
2246406168;2246522572
2246638984;2246755388
2246871800;2246988204
2247104616;2247221020
2247337432;2247453836
2247570248;2247686652
2247803064;2247919468
2248035880;2248152284
2248268696;2248385100
2248501512;2248617916
2248734328;2248850732
2248967144;2249083548
2249199960;2249316364
2249432776;2249549180
2249665592;2249781996
2249898408;2250014812
2250131056;2250247176
2250363640;2250480128
2250596608;2250713096
2250829560;2250946048
2251062528;2251179016
2251295480;2251411968
2251528448;2251644936
2251761400;2251877888
2251994368;2252110856
2252227320;2252343808
2252460288;2252576776
2252693240;2252809728
2252926208;2253042696
2253159160;2253275648
2253392128;2253508971
2253625366;2253741782
2253858178;2253974594
2254090990;2254207406
2254323818;2254440234
2254556630;2254673046
2254789442;2254905858
2255022254;2255138670
2255255082;2255371498
2255487894;2255604312
2255720708;2255837128
2255953524;2256069944
2256186340;2256302760
2256419156;2256535576
2256651972;2256768392
2256884788;2257001208
2257117604;2257234024
2257350420;2257466840
2257583236;2257699656
2257816052;2257932472
2258048868;2258165288
2258281684;2258398104
2258514500;2258630920
2258747316;2258863736
2258980132;2259096552
2259212948;2259329368
2259445764;2259562184
2259678580;2259795000
2259911396;2260027816
2260144212;2260260632
2260377028;2260493448
2260609844;2260726264
2260842660;2260959080
2261075476;2261191896
2261308292;2261424712
2261541108;2261657528
2261773924;2261890344
2262006740;2262123160
2262239556;2262355976
2262472372;2262588792
2262705188;2262821608
2262938004;2263054424
2263170820;2263287240
2263403636;2263520056
2263636452;2263752872
2263869268;2263985688
2264102084;2264218504
2264334900;2264451320
2264567716;2264684136
2264800532;2264916952
2265033348;2265149768
2265266164;2265382584
2265498980;2265615400
2265731796;2265848216
2265964612;2266081032
2266197428;2266313848
2266430244;2266546664
2266663060;2266779480
2266895876;2267012128
2267128224;2267244712
2267361192;2267477680
2267594144;2267710632
2267827112;2267943600
2268060064;2268176552
2268293032;2268409520
2268525984;2268642472
2268758952;2268875440
2268991904;2269108392
2269224872;2269341360
2269457824;2269574312
2269690792;2269807280
2269923744;2270040232
2270156712;2270273586
2270389948;2270506366
2270622762;2270739178
2270855590;2270972006
2271088402;2271204818
2271321214;2271437630
2271554026;2271670442
2271786854;2271903270
2272019666;2272136082
2272252478;2272368896
2272485292;2272601712
2272718108;2272834528
2272950924;2273067344
2273183740;2273300160
2273416556;2273532976
2273649372;2273765792
2273882188;2273998608
2274115004;2274231424
2274347820;2274464240
2274580636;2274697056
2274813452;2274929872
2275046268;2275162688
2275279084;2275395504
2275511900;2275628320
2275744716;2275861136
2275977532;2276093952
2276210348;2276326768
2276443164;2276559584
2276675980;2276792400
2276908796;2277025216
2277141612;2277258032
2277374428;2277490848
2277607244;2277723664
2277840060;2277956480
2278072876;2278189296
2278305692;2278422112
2278538508;2278654928
2278771324;2278887744
2279004140;2279120560
2279236956;2279353376
2279469772;2279586192
2279702588;2279819008
2279935404;2280051824
2280168220;2280284640
2280401036;2280517456
2280633852;2280750272
2280866668;2280983088
2281099484;2281215904
2281332300;2281448720
2281565116;2281681536
2281797932;2281914352
2282030748;2282147168
2282263564;2282379984
2282496380;2282612800
2282729196;2282845616
2282962012;2283078432
2283194828;2283311248
2283427644;2283544064
2283660460;2283776712
2283892824;2284009312
2284125776;2284242264
2284358744;2284475232
2284591696;2284708184
2284824664;2284941152
2285057616;2285174104
2285290584;2285407072
2285523536;2285640024
2285756504;2285872992
2285989456;2286105944
2286222424;2286338912
2286455376;2286571864
2286688344;2286804832
2286921296;2287037784
2287154631;2287271034
2287387430;2287503846
2287620242;2287736658
2287853054;2287969470
2288085882;2288202298
2288318694;2288435110
2288551506;2288667922
2288784318;2288900734
2289017146;2289133562
2289249960;2289366380
2289482776;2289599196
2289715592;2289832012
2289948408;2290064828
2290181224;2290297644
2290414040;2290530460
2290646856;2290763276
2290879672;2290996092
2291112488;2291228908
2291345304;2291461724
2291578120;2291694540
2291810936;2291927356
2292043752;2292160172
2292276568;2292392988
2292509384;2292625804
2292742200;2292858620
2292975016;2293091436
2293207832;2293324252
2293440648;2293557068
2293673464;2293789884
2293906280;2294022700
2294139096;2294255516
2294371912;2294488332
2294604728;2294721148
2294837544;2294953964
2295070360;2295186780
2295303176;2295419596
2295535992;2295652412
2295768808;2295885228
2296001624;2296118044
2296234440;2296350860
2296467256;2296583676
2296700072;2296816492
2296932888;2297049308
2297165704;2297282124
2297398520;2297514940
2297631336;2297747756
2297864152;2297980572
2298096968;2298213388
2298329784;2298446204
2298562600;2298679020
2298795416;2298911836
2299028232;2299144652
2299261048;2299377468
2299493864;2299610284
2299726680;2299843100
2299959496;2300075916
2300192312;2300308732
2300425128;2300541380
2300657476;2300773964
2300890444;2301006932
2301123396;2301239884
2301356364;2301472852
2301589316;2301705804
2301822284;2301938772
2302055236;2302171724
2302288204;2302404692
2302521156;2302637644
2302754124;2302870612
2302987076;2303103564
2303220044;2303336532
2303452996;2303569484
2303685964;2303802452
2303919283;2304035686
2304152082;2304268498
2304384910;2304501326
2304617722;2304734138
2304850534;2304966950
2305083346;2305199762
2305316174;2305432590
2305548986;2305665402
2305781798;2305898214
2306014612;2306131032
2306247428;2306363848
2306480244;2306596664
2306713060;2306829480
2306945876;2307062296
2307178692;2307295112
2307411508;2307527928
2307644324;2307760744
2307877140;2307993560
2308109956;2308226376
2308342772;2308459192
2308575588;2308692008
2308808404;2308924824
2309041220;2309157640
2309274036;2309390456
2309506852;2309623272
2309739668;2309856088
2309972484;2310088904
2310205300;2310321720
2310438116;2310554536
2310670932;2310787352
2310903748;2311020168
2311136564;2311252984
2311369380;2311485800
2311602196;2311718616
2311835012;2311951432
2312067828;2312184248
2312300644;2312417064
2312533460;2312649880
2312766276;2312882696
2312999092;2313115512
2313231908;2313348328
2313464724;2313581144
2313697540;2313813960
2313930356;2314046776
2314163172;2314279592
2314395988;2314512408
2314628804;2314745224
2314861620;2314978040
2315094436;2315210856
2315327252;2315443672
2315560068;2315676488
2315792884;2315909304
2316025700;2316142120
2316258516;2316374936
2316491332;2316607752
2316724148;2316840568
2316956964;2317073384
2317189780;2317306200
2317422428;2317538548
2317655028;2317771516
2317887980;2318004468
2318120948;2318237436
2318353900;2318470388
2318586868;2318703356
2318819820;2318936308
2319052788;2319169276
2319285740;2319402228
2319518708;2319635196
2319751660;2319868148
2319984628;2320101116
2320217580;2320334068
2320450548;2320567036
2320683500;2320800363
2320916742;2321033158
2321149570;2321265986
2321382382;2321498798
2321615194;2321731610
2321848006;2321964422
2322080834;2322197250
2322313646;2322430062
2322546458;2322662874
2322779270;2322895688
2323012100;2323128504
2323244916;2323361320
2323477732;2323594136
2323710548;2323826952
2323943364;2324059768
2324176180;2324292584
2324408996;2324525400
2324641812;2324758216
2324874628;2324991032
2325107444;2325223848
2325340260;2325456664
2325573076;2325689480
2325805892;2325922296
2326038708;2326155112
2326271524;2326387928
2326504340;2326620744
2326737156;2326853560
2326969972;2327086376
2327202788;2327319192
2327435604;2327552008
2327668420;2327784824
2327901236;2328017640
2328134052;2328250456
2328366868;2328483272
2328599684;2328716088
2328832500;2328948904
2329065316;2329181720
2329298132;2329414536
2329530948;2329647352
2329763764;2329880168
2329996580;2330112984
2330229396;2330345800
2330462212;2330578616
2330695028;2330811432
2330927844;2331044248
2331160660;2331277064
2331393476;2331509880
2331626292;2331742696
2331859108;2331975512
2332091924;2332208328
2332324740;2332441144
2332557556;2332673960
2332790372;2332906776
2333023188;2333139592
2333256004;2333372408
2333488820;2333605224
2333721636;2333838040
2333954452;2334070856
2334187100;2334303220
2334419684;2334536172
2334652652;2334769140
2334885604;2335002092
2335118572;2335235060
2335351524;2335468012
2335584492;2335700980
2335817444;2335933932
2336050412;2336166900
2336283364;2336399852
2336516332;2336632820
2336749284;2336865772
2336982252;2337098740
2337215204;2337331692
2337448172;2337565015
2337681410;2337797826
2337914222;2338030638
2338147034;2338263450
2338379862;2338496278
2338612674;2338729090
2338845486;2338961902
2339078298;2339194714
2339311126;2339427542
2339543938;2339660356
2339776752;2339893172
2340009568;2340125988
2340242384;2340358804
2340475200;2340591620
2340708016;2340824436
2340940832;2341057252
2341173648;2341290068
2341406464;2341522884
2341639280;2341755700
2341872096;2341988516
2342104912;2342221332
2342337728;2342454148
2342570544;2342686964
2342803360;2342919780
2343036176;2343152596
2343268992;2343385412
2343501808;2343618228
2343734624;2343851044
2343967440;2344083860
2344200256;2344316676
2344433072;2344549492
2344665888;2344782308
2344898704;2345015124
2345131520;2345247940
2345364336;2345480756
2345597152;2345713572
2345829968;2345946388
2346062784;2346179204
2346295600;2346412020
2346528416;2346644836
2346761232;2346877652
2346994048;2347110468
2347226864;2347343284
2347459680;2347576100
2347692496;2347808916
2347925312;2348041732
2348158128;2348274548
2348390944;2348507364
2348623760;2348740180
2348856576;2348972996
2349089392;2349205812
2349322208;2349438628
2349555024;2349671444
2349787840;2349904260
2350020656;2350137076
2350253472;2350369892
2350486288;2350602708
2350719104;2350835524
2350951752;2351067872
2351184352;2351300840
2351417304;2351533792
2351650272;2351766760
2351883224;2351999712
2352116192;2352232680
2352349144;2352465632
2352582112;2352698600
2352815064;2352931552
2353048032;2353164520
2353280984;2353397472
2353513952;2353630440
2353746904;2353863392
2353979872;2354096360
2354212824;2354329683
2354446062;2354562478
2354678890;2354795306
2354911702;2355028118
2355144514;2355260930
2355377326;2355493742
2355610154;2355726570
2355842966;2355959382
2356075778;2356192194
2356308590;2356425008
2356541420;2356657824
2356774236;2356890640
2357007052;2357123456
2357239868;2357356272
2357472684;2357589088
2357705500;2357821904
2357938316;2358054720
2358171132;2358287536
2358403948;2358520352
2358636764;2358753168
2358869580;2358985984
2359102396;2359218800
2359335212;2359451616
2359568028;2359684432
2359800844;2359917248
2360033660;2360150064
2360266476;2360382880
2360499292;2360615696
2360732108;2360848512
2360964924;2361081328
2361197740;2361314144
2361430556;2361546960
2361663372;2361779776
2361896188;2362012592
2362129004;2362245408
2362361820;2362478224
2362594636;2362711040
2362827452;2362943856
2363060268;2363176672
2363293084;2363409488
2363525900;2363642304
2363758716;2363875120
2363991532;2364107936
2364224348;2364340752
2364457164;2364573568
2364689980;2364806384
2364922796;2365039200
2365155612;2365272016
2365388428;2365504832
2365621244;2365737648
2365854060;2365970464
2366086876;2366203280
2366319692;2366436096
2366552508;2366668912
2366785324;2366901728
2367018140;2367134544
2367250956;2367367360
2367483772;2367600176
2367716588;2367832824
2367948936;2368065424
2368181888;2368298376
2368414856;2368531344
2368647808;2368764296
2368880776;2368997264
2369113728;2369230216
2369346696;2369463184
2369579648;2369696136
2369812616;2369929104
2370045568;2370162056
2370278536;2370395024
2370511488;2370627976
2370744456;2370860944
2370977408;2371093896
2371210747;2371327150
2371443546;2371559962
2371676358;2371792774
2371909170;2372025586
2372141998;2372258414
2372374810;2372491226
2372607622;2372724038
2372840434;2372956850
2373073262;2373189678
2373306076;2373422496
2373538892;2373655312
2373771708;2373888128
2374004524;2374120944
2374237340;2374353760
2374470156;2374586576
2374702972;2374819392
2374935788;2375052208
2375168604;2375285024
2375401420;2375517840
2375634236;2375750656
2375867052;2375983472
2376099868;2376216288
2376332684;2376449104
2376565500;2376681920
2376798316;2376914736
2377031132;2377147552
2377263948;2377380368
2377496764;2377613184
2377729580;2377846000
2377962396;2378078816
2378195212;2378311632
2378428028;2378544448
2378660844;2378777264
2378893660;2379010080
2379126476;2379242896
2379359292;2379475712
2379592108;2379708528
2379824924;2379941344
2380057740;2380174160
2380290556;2380406976
2380523372;2380639792
2380756188;2380872608
2380989004;2381105424
2381221820;2381338240
2381454636;2381571056
2381687452;2381803872
2381920268;2382036688
2382153084;2382269504
2382385900;2382502320
2382618716;2382735136
2382851532;2382967952
2383084348;2383200768
2383317164;2383433584
2383549980;2383666400
2383782796;2383899216
2384015612;2384132032
2384248428;2384364848
2384481244;2384597496
2384713592;2384830080
2384946560;2385063048
2385179512;2385296000
2385412480;2385528968
2385645432;2385761920
2385878400;2385994888
2386111352;2386227840
2386344320;2386460808
2386577272;2386693760
2386810240;2386926728
2387043192;2387159680
2387276160;2387392648
2387509112;2387625600
2387742080;2387858568
2387975399;2388091802
2388208198;2388324614
2388441026;2388557442
2388673838;2388790254
2388906650;2389023066
2389139462;2389255878
2389372290;2389488706
2389605102;2389721518
2389837914;2389954330
2390070728;2390187148
2390303544;2390419964
2390536360;2390652780
2390769176;2390885596
2391001992;2391118412
2391234808;2391351228
2391467624;2391584044
2391700440;2391816860
2391933256;2392049676
2392166072;2392282492
2392398888;2392515308
2392631704;2392748124
2392864520;2392980940
2393097336;2393213756
2393330152;2393446572
2393562968;2393679388
2393795784;2393912204
2394028600;2394145020
2394261416;2394377836
2394494232;2394610652
2394727048;2394843468
2394959864;2395076284
2395192680;2395309100
2395425496;2395541916
2395658312;2395774732
2395891128;2396007548
2396123944;2396240364
2396356760;2396473180
2396589576;2396705996
2396822392;2396938812
2397055208;2397171628
2397288024;2397404444
2397520840;2397637260
2397753656;2397870076
2397986472;2398102892
2398219288;2398335708
2398452104;2398568524
2398684920;2398801340
2398917736;2399034156
2399150552;2399266972
2399383368;2399499788
2399616184;2399732604
2399849000;2399965420
2400081816;2400198236
2400314632;2400431052
2400547448;2400663868
2400780264;2400896684
2401013080;2401129500
2401245896;2401362316
2401478544;2401594664
2401711144;2401827632
2401944096;2402060584
2402177064;2402293552
2402410016;2402526504
2402642984;2402759472
2402875936;2402992424
2403108904;2403225392
2403341856;2403458344
2403574824;2403691312
2403807776;2403924264
2404040744;2404157232
2404273696;2404390184
2404506664;2404623152
2404740018;2404856384
2404972794;2405089210
2405205606;2405322022
2405438418;2405554834
2405671246;2405787662
2405904058;2406020474
2406136870;2406253286
2406369682;2406486098
2406602510;2406718926
2406835324;2406951744
2407068140;2407184560
2407300956;2407417376
2407533772;2407650192
2407766588;2407883008
2407999404;2408115824
2408232220;2408348640
2408465036;2408581456
2408697852;2408814272
2408930668;2409047088
2409163484;2409279904
2409396300;2409512720
2409629116;2409745536
2409861932;2409978352
2410094748;2410211168
2410327564;2410443984
2410560380;2410676800
2410793196;2410909616
2411026012;2411142432
2411258828;2411375248
2411491644;2411608064
2411724460;2411840880
2411957276;2412073696
2412190092;2412306512
2412422908;2412539328
2412655724;2412772144
2412888540;2413004960
2413121356;2413237776
2413354172;2413470592
2413586988;2413703408
2413819804;2413936224
2414052620;2414169040
2414285436;2414401856
2414518252;2414634672
2414751068;2414867488
2414983884;2415100304
2415216700;2415333120
2415449516;2415565936
2415682332;2415798752
2415915148;2416031568
2416147964;2416264384
2416380780;2416497200
2416613596;2416730016
2416846412;2416962832
2417079228;2417195648
2417312044;2417428464
2417544860;2417661280
2417777676;2417894096
2418010492;2418126912
2418243140;2418359260
2418475724;2418592212
2418708692;2418825180
2418941644;2419058132
2419174612;2419291100
2419407564;2419524052
2419640532;2419757020
2419873484;2419989972
2420106452;2420222940
2420339404;2420455892
2420572372;2420688860
2420805324;2420921812
2421038292;2421154780
2421271244;2421387732
2421504212;2421621071
2421737450;2421853866
2421970262;2422086678
2422203090;2422319506
2422435902;2422552318
2422668714;2422785130
2422901526;2423017942
2423134354;2423250770
2423367166;2423483582
2423599978;2423716396
2423832792;2423949212
2424065608;2424182028
2424298424;2424414844
2424531240;2424647660
2424764056;2424880476
2424996872;2425113292
2425229688;2425346108
2425462504;2425578924
2425695320;2425811740
2425928136;2426044556
2426160952;2426277372
2426393768;2426510188
2426626584;2426743004
2426859400;2426975820
2427092216;2427208636
2427325032;2427441452
2427557848;2427674268
2427790664;2427907084
2428023480;2428139900
2428256296;2428372716
2428489112;2428605532
2428721928;2428838348
2428954744;2429071164
2429187560;2429303980
2429420376;2429536796
2429653192;2429769612
2429886008;2430002428
2430118824;2430235244
2430351640;2430468060
2430584456;2430700876
2430817272;2430933692
2431050088;2431166508
2431282904;2431399324
2431515720;2431632140
2431748536;2431864956
2431981352;2432097772
2432214168;2432330588
2432446984;2432563404
2432679800;2432796220
2432912616;2433029036
2433145432;2433261852
2433378248;2433494668
2433611064;2433727484
2433843880;2433960300
2434076696;2434193116
2434309512;2434425932
2434542328;2434658748
2434775144;2434891564
2435007792;2435123912
2435240392;2435356880
2435473344;2435589832
2435706312;2435822800
2435939264;2436055752
2436172232;2436288720
2436405184;2436521672
2436638152;2436754640
2436871104;2436987592
2437104072;2437220560
2437337024;2437453512
2437569992;2437686480
2437802944;2437919432
2438035912;2438152400
2438268864;2438385731
2438502110;2438618526
2438734922;2438851338
2438967750;2439084166
2439200562;2439316978
2439433374;2439549790
2439666186;2439782602
2439899014;2440015430
2440131826;2440248242
2440364638;2440481056
2440597452;2440713872
2440830268;2440946688
2441063084;2441179504
2441295900;2441412320
2441528716;2441645136
2441761532;2441877952
2441994348;2442110768
2442227164;2442343584
2442459980;2442576400
2442692796;2442809216
2442925612;2443042032
2443158428;2443274848
2443391244;2443507664
2443624060;2443740480
2443856876;2443973296
2444089692;2444206112
2444322508;2444438928
2444555324;2444671744
2444788140;2444904560
2445020956;2445137376
2445253772;2445370192
2445486588;2445603008
2445719404;2445835824
2445952220;2446068640
2446185036;2446301456
2446417852;2446534272
2446650668;2446767088
2446883484;2446999904
2447116300;2447232720
2447349116;2447465536
2447581932;2447698352
2447814748;2447931168
2448047564;2448163984
2448280380;2448396800
2448513196;2448629616
2448746012;2448862432
2448978828;2449095248
2449211644;2449328064
2449444460;2449560880
2449677276;2449793696
2449910092;2450026512
2450142908;2450259328
2450375724;2450492144
2450608540;2450724960
2450841356;2450957776
2451074172;2451190592
2451306988;2451423408
2451539804;2451656224
2451772620;2451888872
2452004984;2452121472
2452237936;2452354424
2452470904;2452587392
2452703856;2452820344
2452936824;2453053312
2453169776;2453286264
2453402744;2453519232
2453635696;2453752184
2453868664;2453985152
2454101616;2454218104
2454334584;2454451072
2454567536;2454684024
2454800504;2454916992
2455033456;2455149944
2455266783;2455383186
2455499582;2455615998
2455732410;2455848826
2455965222;2456081638
2456198034;2456314450
2456430846;2456547262
2456663674;2456780090
2456896486;2457012902
2457129298;2457245714
2457362112;2457478532
2457594928;2457711348
2457827744;2457944164
2458060560;2458176980
2458293376;2458409796
2458526192;2458642612
2458759008;2458875428
2458991824;2459108244
2459224640;2459341060
2459457456;2459573876
2459690272;2459806692
2459923088;2460039508
2460155904;2460272324
2460388720;2460505140
2460621536;2460737956
2460854352;2460970772
2461087168;2461203588
2461319984;2461436404
2461552800;2461669220
2461785616;2461902036
2462018432;2462134852
2462251248;2462367668
2462484064;2462600484
2462716880;2462833300
2462949696;2463066116
2463182512;2463298932
2463415328;2463531748
2463648144;2463764564
2463880960;2463997380
2464113776;2464230196
2464346592;2464463012
2464579408;2464695828
2464812224;2464928644
2465045040;2465161460
2465277856;2465394276
2465510672;2465627092
2465743488;2465859908
2465976304;2466092724
2466209120;2466325540
2466441936;2466558356
2466674752;2466791172
2466907568;2467023988
2467140384;2467256804
2467373200;2467489620
2467606016;2467722436
2467838832;2467955252
2468071648;2468188068
2468304464;2468420884
2468537280;2468653532
2468769644;2468886132
2469002596;2469119084
2469235564;2469352052
2469468516;2469585004
2469701484;2469817972
2469934436;2470050924
2470167404;2470283892
2470400356;2470516844
2470633324;2470749812
2470866276;2470982764
2471099244;2471215732
2471332196;2471448684
2471565164;2471681652
2471798116;2471914604
2472031439;2472147842
2472264254;2472380670
2472497066;2472613482
2472729878;2472846294
2472962690;2473079106
2473195518;2473311934
2473428330;2473544746
2473661142;2473777558
2473893954;2474010370
2474126784;2474243188
2474359600;2474476004
2474592416;2474708820
2474825232;2474941636
2475058048;2475174452
2475290864;2475407268
2475523680;2475640084
2475756496;2475872900
2475989312;2476105716
2476222128;2476338532
2476454944;2476571348
2476687760;2476804164
2476920576;2477036980
2477153392;2477269796
2477386208;2477502612
2477619024;2477735428
2477851840;2477968244
2478084656;2478201060
2478317472;2478433876
2478550288;2478666692
2478783104;2478899508
2479015920;2479132324
2479248736;2479365140
2479481552;2479597956
2479714368;2479830772
2479947184;2480063588
2480180000;2480296404
2480412816;2480529220
2480645632;2480762036
2480878448;2480994852
2481111264;2481227668
2481344080;2481460484
2481576896;2481693300
2481809712;2481926116
2482042528;2482158932
2482275344;2482391748
2482508160;2482624564
2482740976;2482857380
2482973792;2483090196
2483206608;2483323012
2483439424;2483555828
2483672240;2483788644
2483905056;2484021460
2484137872;2484254276
2484370688;2484487092
2484603504;2484719908
2484836320;2484952724
2485069136;2485185540
2485301952;2485418188
2485534300;2485650788
2485767252;2485883740
2486000220;2486116708
2486233172;2486349660
2486466140;2486582628
2486699092;2486815580
2486932060;2487048548
2487165012;2487281500
2487397980;2487514468
2487630932;2487747420
2487863900;2487980388
2488096852;2488213340
2488329820;2488446308
2488562772;2488679260
2488796111;2488912514
2489028910;2489145326
2489261722;2489378138
2489494534;2489610950
2489727362;2489843778
2489960174;2490076590
2490192986;2490309402
2490425798;2490542214
2490658626;2490775042
2490891440;2491007860
2491124256;2491240676
2491357072;2491473492
2491589888;2491706308
2491822704;2491939124
2492055520;2492171940
2492288336;2492404756
2492521152;2492637572
2492753968;2492870388
2492986784;2493103204
2493219600;2493336020
2493452416;2493568836
2493685232;2493801652
2493918048;2494034468
2494150864;2494267284
2494383680;2494500100
2494616496;2494732916
2494849312;2494965732
2495082128;2495198548
2495314944;2495431364
2495547760;2495664180
2495780576;2495896996
2496013392;2496129812
2496246208;2496362628
2496479024;2496595444
2496711840;2496828260
2496944656;2497061076
2497177472;2497293892
2497410288;2497526708
2497643104;2497759524
2497875920;2497992340
2498108736;2498225156
2498341552;2498457972
2498574368;2498690788
2498807184;2498923604
2499040000;2499156420
2499272816;2499389236
2499505632;2499622052
2499738448;2499854868
2499971264;2500087684
2500204080;2500320500
2500436896;2500553316
2500669712;2500786132
2500902528;2501018948
2501135344;2501251764
2501368160;2501484580
2501600976;2501717396
2501833792;2501950212
2502066608;2502183028
2502299256;2502415376
2502531840;2502648328
2502764808;2502881296
2502997760;2503114248
2503230728;2503347216
2503463680;2503580168
2503696648;2503813136
2503929600;2504046088
2504162568;2504279056
2504395520;2504512008
2504628488;2504744976
2504861440;2504977928
2505094408;2505210896
2505327360;2505443848
2505560328;2505677187
2505793566;2505909982
2506026378;2506142794
2506259206;2506375622
2506492018;2506608434
2506724830;2506841246
2506957642;2507074058
2507190470;2507306886
2507423282;2507539698
2507656094;2507772512
2507888908;2508005328
2508121724;2508238144
2508354540;2508470960
2508587356;2508703776
2508820172;2508936592
2509052988;2509169408
2509285804;2509402224
2509518620;2509635040
2509751436;2509867856
2509984252;2510100672
2510217068;2510333488
2510449884;2510566304
2510682700;2510799120
2510915516;2511031936
2511148332;2511264752
2511381148;2511497568
2511613964;2511730384
2511846780;2511963200
2512079596;2512196016
2512312412;2512428832
2512545228;2512661648
2512778044;2512894464
2513010860;2513127280
2513243676;2513360096
2513476492;2513592912
2513709308;2513825728
2513942124;2514058544
2514174940;2514291360
2514407756;2514524176
2514640572;2514756992
2514873388;2514989808
2515106204;2515222624
2515339020;2515455440
2515571836;2515688256
2515804652;2515921072
2516037468;2516153888
2516270284;2516386704
2516503100;2516619520
2516735916;2516852336
2516968732;2517085152
2517201548;2517317968
2517434364;2517550784
2517667180;2517783600
2517899996;2518016416
2518132812;2518249232
2518365628;2518482048
2518598444;2518714864
2518831260;2518947680
2519063908;2519180028
2519296508;2519412996
2519529460;2519645948
2519762428;2519878916
2519995380;2520111868
2520228348;2520344836
2520461300;2520577788
2520694268;2520810756
2520927220;2521043708
2521160188;2521276676
2521393140;2521509628
2521626108;2521742596
2521859060;2521975548
2522092028;2522208516
2522324980;2522441839
2522558234;2522674650
2522791046;2522907462
2523023858;2523140274
2523256670;2523373086
2523489498;2523605914
2523722310;2523838726
2523955122;2524071538
2524187934;2524304350
2524420762;2524537180
2524653576;2524769996
2524886392;2525002812
2525119208;2525235628
2525352024;2525468444
2525584840;2525701260
2525817656;2525934076
2526050472;2526166892
2526283288;2526399708
2526516104;2526632524
2526748920;2526865340
2526981736;2527098156
2527214552;2527330972
2527447368;2527563788
2527680184;2527796604
2527913000;2528029420
2528145816;2528262236
2528378632;2528495052
2528611448;2528727868
2528844264;2528960684
2529077080;2529193500
2529309896;2529426316
2529542712;2529659132
2529775528;2529891948
2530008344;2530124764
2530241160;2530357580
2530473976;2530590396
2530706792;2530823212
2530939608;2531056028
2531172424;2531288844
2531405240;2531521660
2531638056;2531754476
2531870872;2531987292
2532103688;2532220108
2532336504;2532452924
2532569320;2532685740
2532802136;2532918556
2533034952;2533151372
2533267768;2533384188
2533500584;2533617004
2533733400;2533849820
2533966216;2534082636
2534199032;2534315452
2534431848;2534548268
2534664664;2534781084
2534897480;2535013900
2535130296;2535246716
2535363112;2535479532
2535595928;2535712348
2535828744;2535944996
2536061092;2536177580
2536294060;2536410548
2536527012;2536643500
2536759980;2536876468
2536992932;2537109420
2537225900;2537342388
2537458852;2537575340
2537691820;2537808308
2537924772;2538041260
2538157740;2538274228
2538390692;2538507180
2538623660;2538740148
2538856612;2538973100
2539089580;2539206450
2539322812;2539439230
2539555626;2539672042
2539788454;2539904870
2540021266;2540137682
2540254078;2540370494
2540486890;2540603306
2540719718;2540836134
2540952530;2541068946
2541185342;2541301760
2541418156;2541534576
2541650972;2541767392
2541883788;2542000208
2542116604;2542233024
2542349420;2542465840
2542582236;2542698656
2542815052;2542931472
2543047868;2543164288
2543280684;2543397104
2543513500;2543629920
2543746316;2543862736
2543979132;2544095552
2544211948;2544328368
2544444764;2544561184
2544677580;2544794000
2544910396;2545026816
2545143212;2545259632
2545376028;2545492448
2545608844;2545725264
2545841660;2545958080
2546074476;2546190896
2546307292;2546423712
2546540108;2546656528
2546772924;2546889344
2547005740;2547122160
2547238556;2547354976
2547471372;2547587792
2547704188;2547820608
2547937004;2548053424
2548169820;2548286240
2548402636;2548519056
2548635452;2548751872
2548868268;2548984688
2549101084;2549217504
2549333900;2549450320
2549566716;2549683136
2549799532;2549915952
2550032348;2550148768
2550265164;2550381584
2550497980;2550614400
2550730796;2550847216
2550963612;2551080032
2551196428;2551312848
2551429244;2551545664
2551662060;2551778480
2551894876;2552011296
2552127692;2552244112
2552360508;2552476928
2552593324;2552709576
2552825688;2552942176
2553058640;2553175128
2553291608;2553408096
2553524560;2553641048
2553757528;2553874016
2553990480;2554106968
2554223448;2554339936
2554456400;2554572888
2554689368;2554805856
2554922320;2555038808
2555155288;2555271776
2555388240;2555504728
2555621208;2555737696
2555854160;2555970648
2556087495;2556203898
2556320294;2556436710
2556553106;2556669522
2556785918;2556902334
2557018746;2557135162
2557251558;2557367974
2557484370;2557600786
2557717182;2557833598
2557950010;2558066426
2558182824;2558299244
2558415640;2558532060
2558648456;2558764876
2558881272;2558997692
2559114088;2559230508
2559346904;2559463324
2559579720;2559696140
2559812536;2559928956
2560045352;2560161772
2560278168;2560394588
2560510984;2560627404
2560743800;2560860220
2560976616;2561093036
2561209432;2561325852
2561442248;2561558668
2561675064;2561791484
2561907880;2562024300
2562140696;2562257116
2562373512;2562489932
2562606328;2562722748
2562839144;2562955564
2563071960;2563188380
2563304776;2563421196
2563537592;2563654012
2563770408;2563886828
2564003224;2564119644
2564236040;2564352460
2564468856;2564585276
2564701672;2564818092
2564934488;2565050908
2565167304;2565283724
2565400120;2565516540
2565632936;2565749356
2565865752;2565982172
2566098568;2566214988
2566331384;2566447804
2566564200;2566680620
2566797016;2566913436
2567029832;2567146252
2567262648;2567379068
2567495464;2567611884
2567728280;2567844700
2567961096;2568077516
2568193912;2568310332
2568426728;2568543148
2568659544;2568775964
2568892360;2569008780
2569125176;2569241596
2569357992;2569474244
2569590340;2569706828
2569823308;2569939796
2570056260;2570172748
2570289228;2570405716
2570522180;2570638668
2570755148;2570871636
2570988100;2571104588
2571221068;2571337556
2571454020;2571570508
2571686988;2571803476
2571919940;2572036428
2572152908;2572269396
2572385860;2572502348
2572618828;2572735316
2572852147;2572968550
2573084946;2573201362
2573317774;2573434190
2573550586;2573667002
2573783398;2573899814
2574016210;2574132626
2574249038;2574365454
2574481850;2574598266
2574714662;2574831078
2574947476;2575063896
2575180292;2575296712
2575413108;2575529528
2575645924;2575762344
2575878740;2575995160
2576111556;2576227976
2576344372;2576460792
2576577188;2576693608
2576810004;2576926424
2577042820;2577159240
2577275636;2577392056
2577508452;2577624872
2577741268;2577857688
2577974084;2578090504
2578206900;2578323320
2578439716;2578556136
2578672532;2578788952
2578905348;2579021768
2579138164;2579254584
2579370980;2579487400
2579603796;2579720216
2579836612;2579953032
2580069428;2580185848
2580302244;2580418664
2580535060;2580651480
2580767876;2580884296
2581000692;2581117112
2581233508;2581349928
2581466324;2581582744
2581699140;2581815560
2581931956;2582048376
2582164772;2582281192
2582397588;2582514008
2582630404;2582746824
2582863220;2582979640
2583096036;2583212456
2583328852;2583445272
2583561668;2583678088
2583794484;2583910904
2584027300;2584143720
2584260116;2584376536
2584492932;2584609352
2584725748;2584842168
2584958564;2585074984
2585191380;2585307800
2585424196;2585540616
2585657012;2585773432
2585889828;2586006248
2586122644;2586239064
2586355292;2586471412
2586587892;2586704380
2586820844;2586937332
2587053812;2587170300
2587286764;2587403252
2587519732;2587636220
2587752684;2587869172
2587985652;2588102140
2588218604;2588335092
2588451572;2588568060
2588684524;2588801012
2588917492;2589033980
2589150444;2589266932
2589383412;2589499900
2589616364;2589733227
2589849606;2589966022
2590082434;2590198850
2590315246;2590431662
2590548058;2590664474
2590780870;2590897286
2591013698;2591130114
2591246510;2591362926
2591479322;2591595738
2591712134;2591828552
2591944964;2592061368
2592177780;2592294184
2592410596;2592527000
2592643412;2592759816
2592876228;2592992632
2593109044;2593225448
2593341860;2593458264
2593574676;2593691080
2593807492;2593923896
2594040308;2594156712
2594273124;2594389528
2594505940;2594622344
2594738756;2594855160
2594971572;2595087976
2595204388;2595320792
2595437204;2595553608
2595670020;2595786424
2595902836;2596019240
2596135652;2596252056
2596368468;2596484872
2596601284;2596717688
2596834100;2596950504
2597066916;2597183320
2597299732;2597416136
2597532548;2597648952
2597765364;2597881768
2597998180;2598114584
2598230996;2598347400
2598463812;2598580216
2598696628;2598813032
2598929444;2599045848
2599162260;2599278664
2599395076;2599511480
2599627892;2599744296
2599860708;2599977112
2600093524;2600209928
2600326340;2600442744
2600559156;2600675560
2600791972;2600908376
2601024788;2601141192
2601257604;2601374008
2601490420;2601606824
2601723236;2601839640
2601956052;2602072456
2602188868;2602305272
2602421684;2602538088
2602654500;2602770904
2602887316;2603003720
2603119964;2603236084
2603352548;2603469036
2603585516;2603702004
2603818468;2603934956
2604051436;2604167924
2604284388;2604400876
2604517356;2604633844
2604750308;2604866796
2604983276;2605099764
2605216228;2605332716
2605449196;2605565684
2605682148;2605798636
2605915116;2606031604
2606148068;2606264556
2606381036;2606497879
2606614274;2606730690
2606847086;2606963502
2607079898;2607196314
2607312726;2607429142
2607545538;2607661954
2607778350;2607894766
2608011162;2608127578
2608243990;2608360406
2608476802;2608593220
2608709616;2608826036
2608942432;2609058852
2609175248;2609291668
2609408064;2609524484
2609640880;2609757300
2609873696;2609990116
2610106512;2610222932
2610339328;2610455748
2610572144;2610688564
2610804960;2610921380
2611037776;2611154196
2611270592;2611387012
2611503408;2611619828
2611736224;2611852644
2611969040;2612085460
2612201856;2612318276
2612434672;2612551092
2612667488;2612783908
2612900304;2613016724
2613133120;2613249540
2613365936;2613482356
2613598752;2613715172
2613831568;2613947988
2614064384;2614180804
2614297200;2614413620
2614530016;2614646436
2614762832;2614879252
2614995648;2615112068
2615228464;2615344884
2615461280;2615577700
2615694096;2615810516
2615926912;2616043332
2616159728;2616276148
2616392544;2616508964
2616625360;2616741780
2616858176;2616974596
2617090992;2617207412
2617323808;2617440228
2617556624;2617673044
2617789440;2617905860
2618022256;2618138676
2618255072;2618371492
2618487888;2618604308
2618720704;2618837124
2618953520;2619069940
2619186336;2619302756
2619419152;2619535572
2619651968;2619768388
2619884616;2620000736
2620117216;2620233704
2620350168;2620466656
2620583136;2620699624
2620816088;2620932576
2621049056;2621165544
2621282008;2621398496
2621514976;2621631464
2621747928;2621864416
2621980896;2622097384
2622213848;2622330336
2622446816;2622563304
2622679768;2622796256
2622912736;2623029224
2623145688;2623262547
2623378926;2623495342
2623611754;2623728170
2623844566;2623960982
2624077378;2624193794
2624310190;2624426606
2624543018;2624659434
2624775830;2624892246
2625008642;2625125058
2625241454;2625357872
2625474284;2625590688
2625707100;2625823504
2625939916;2626056320
2626172732;2626289136
2626405548;2626521952
2626638364;2626754768
2626871180;2626987584
2627103996;2627220400
2627336812;2627453216
2627569628;2627686032
2627802444;2627918848
2628035260;2628151664
2628268076;2628384480
2628500892;2628617296
2628733708;2628850112
2628966524;2629082928
2629199340;2629315744
2629432156;2629548560
2629664972;2629781376
2629897788;2630014192
2630130604;2630247008
2630363420;2630479824
2630596236;2630712640
2630829052;2630945456
2631061868;2631178272
2631294684;2631411088
2631527500;2631643904
2631760316;2631876720
2631993132;2632109536
2632225948;2632342352
2632458764;2632575168
2632691580;2632807984
2632924396;2633040800
2633157212;2633273616
2633390028;2633506432
2633622844;2633739248
2633855660;2633972064
2634088476;2634204880
2634321292;2634437696
2634554108;2634670512
2634786924;2634903328
2635019740;2635136144
2635252556;2635368960
2635485372;2635601776
2635718188;2635834592
2635951004;2636067408
2636183820;2636300224
2636416636;2636533040
2636649452;2636765688
2636881800;2636998288
2637114752;2637231240
2637347720;2637464208
2637580672;2637697160
2637813640;2637930128
2638046592;2638163080
2638279560;2638396048
2638512512;2638629000
2638745480;2638861968
2638978432;2639094920
2639211400;2639327888
2639444352;2639560840
2639677320;2639793808
2639910272;2640026760
2640143611;2640260014
2640376410;2640492826
2640609222;2640725638
2640842034;2640958450
2641074862;2641191278
2641307674;2641424090
2641540486;2641656902
2641773298;2641889714
2642006126;2642122542
2642238940;2642355360
2642471756;2642588176
2642704572;2642820992
2642937388;2643053808
2643170204;2643286624
2643403020;2643519440
2643635836;2643752256
2643868652;2643985072
2644101468;2644217888
2644334284;2644450704
2644567100;2644683520
2644799916;2644916336
2645032732;2645149152
2645265548;2645381968
2645498364;2645614784
2645731180;2645847600
2645963996;2646080416
2646196812;2646313232
2646429628;2646546048
2646662444;2646778864
2646895260;2647011680
2647128076;2647244496
2647360892;2647477312
2647593708;2647710128
2647826524;2647942944
2648059340;2648175760
2648292156;2648408576
2648524972;2648641392
2648757788;2648874208
2648990604;2649107024
2649223420;2649339840
2649456236;2649572656
2649689052;2649805472
2649921868;2650038288
2650154684;2650271104
2650387500;2650503920
2650620316;2650736736
2650853132;2650969552
2651085948;2651202368
2651318764;2651435184
2651551580;2651668000
2651784396;2651900816
2652017212;2652133632
2652250028;2652366448
2652482844;2652599264
2652715660;2652832080
2652948476;2653064896
2653181292;2653297712
2653414108;2653530360
2653646456;2653762944
2653879424;2653995912
2654112376;2654228864
2654345344;2654461832
2654578296;2654694784
2654811264;2654927752
2655044216;2655160704
2655277184;2655393672
2655510136;2655626624
2655743104;2655859592
2655976056;2656092544
2656209024;2656325512
2656441976;2656558464
2656674944;2656791432
2656908263;2657024666
2657141062;2657257478
2657373890;2657490306
2657606702;2657723118
2657839514;2657955930
2658072326;2658188742
2658305154;2658421570
2658537966;2658654382
2658770778;2658887194
2659003592;2659120012
2659236408;2659352828
2659469224;2659585644
2659702040;2659818460
2659934856;2660051276
2660167672;2660284092
2660400488;2660516908
2660633304;2660749724
2660866120;2660982540
2661098936;2661215356
2661331752;2661448172
2661564568;2661680988
2661797384;2661913804
2662030200;2662146620
2662263016;2662379436
2662495832;2662612252
2662728648;2662845068
2662961464;2663077884
2663194280;2663310700
2663427096;2663543516
2663659912;2663776332
2663892728;2664009148
2664125544;2664241964
2664358360;2664474780
2664591176;2664707596
2664823992;2664940412
2665056808;2665173228
2665289624;2665406044
2665522440;2665638860
2665755256;2665871676
2665988072;2666104492
2666220888;2666337308
2666453704;2666570124
2666686520;2666802940
2666919336;2667035756
2667152152;2667268572
2667384968;2667501388
2667617784;2667734204
2667850600;2667967020
2668083416;2668199836
2668316232;2668432652
2668549048;2668665468
2668781864;2668898284
2669014680;2669131100
2669247496;2669363916
2669480312;2669596732
2669713128;2669829548
2669945944;2670062364
2670178760;2670295180
2670411408;2670527528
2670644008;2670760496
2670876960;2670993448
2671109928;2671226416
2671342880;2671459368
2671575848;2671692336
2671808800;2671925288
2672041768;2672158256
2672274720;2672391208
2672507688;2672624176
2672740640;2672857128
2672973608;2673090096
2673206560;2673323048
2673439528;2673556016
2673672882;2673789248
2673905658;2674022074
2674138470;2674254886
2674371282;2674487698
2674604110;2674720526
2674836922;2674953338
2675069734;2675186150
2675302546;2675418962
2675535374;2675651790
2675768188;2675884608
2676001004;2676117424
2676233820;2676350240
2676466636;2676583056
2676699452;2676815872
2676932268;2677048688
2677165084;2677281504
2677397900;2677514320
2677630716;2677747136
2677863532;2677979952
2678096348;2678212768
2678329164;2678445584
2678561980;2678678400
2678794796;2678911216
2679027612;2679144032
2679260428;2679376848
2679493244;2679609664
2679726060;2679842480
2679958876;2680075296
2680191692;2680308112
2680424508;2680540928
2680657324;2680773744
2680890140;2681006560
2681122956;2681239376
2681355772;2681472192
2681588588;2681705008
2681821404;2681937824
2682054220;2682170640
2682287036;2682403456
2682519852;2682636272
2682752668;2682869088
2682985484;2683101904
2683218300;2683334720
2683451116;2683567536
2683683932;2683800352
2683916748;2684033168
2684149564;2684265984
2684382380;2684498800
2684615196;2684731616
2684848012;2684964432
2685080828;2685197248
2685313644;2685430064
2685546460;2685662880
2685779276;2685895696
2686012092;2686128512
2686244908;2686361328
2686477724;2686594144
2686710540;2686826960
2686943356;2687059776
2687176004;2687292124
2687408588;2687525076
2687641556;2687758044
2687874508;2687990996
2688107476;2688223964
2688340428;2688456916
2688573396;2688689884
2688806348;2688922836
2689039316;2689155804
2689272268;2689388756
2689505236;2689621724
2689738188;2689854676
2689971156;2690087644
2690204108;2690320596
2690437076;2690553935
2690670314;2690786730
2690903126;2691019542
2691135954;2691252370
2691368766;2691485182
2691601578;2691717994
2691834390;2691950806
2692067218;2692183634
2692300030;2692416446
2692532842;2692649260
2692765656;2692882076
2692998472;2693114892
2693231288;2693347708
2693464104;2693580524
2693696920;2693813340
2693929736;2694046156
2694162552;2694278972
2694395368;2694511788
2694628184;2694744604
2694861000;2694977420
2695093816;2695210236
2695326632;2695443052
2695559448;2695675868
2695792264;2695908684
2696025080;2696141500
2696257896;2696374316
2696490712;2696607132
2696723528;2696839948
2696956344;2697072764
2697189160;2697305580
2697421976;2697538396
2697654792;2697771212
2697887608;2698004028
2698120424;2698236844
2698353240;2698469660
2698586056;2698702476
2698818872;2698935292
2699051688;2699168108
2699284504;2699400924
2699517320;2699633740
2699750136;2699866556
2699982952;2700099372
2700215768;2700332188
2700448584;2700565004
2700681400;2700797820
2700914216;2701030636
2701147032;2701263452
2701379848;2701496268
2701612664;2701729084
2701845480;2701961900
2702078296;2702194716
2702311112;2702427532
2702543928;2702660348
2702776744;2702893164
2703009560;2703125980
2703242376;2703358796
2703475192;2703591612
2703708008;2703824428
2703940656;2704056776
2704173256;2704289744
2704406208;2704522696
2704639176;2704755664
2704872128;2704988616
2705105096;2705221584
2705338048;2705454536
2705571016;2705687504
2705803968;2705920456
2706036936;2706153424
2706269888;2706386376
2706502856;2706619344
2706735808;2706852296
2706968776;2707085264
2707201728;2707318595
2707434974;2707551390
2707667786;2707784202
2707900614;2708017030
2708133426;2708249842
2708366238;2708482654
2708599050;2708715466
2708831878;2708948294
2709064690;2709181106
2709297502;2709413920
2709530316;2709646736
2709763132;2709879552
2709995948;2710112368
2710228764;2710345184
2710461580;2710578000
2710694396;2710810816
2710927212;2711043632
2711160028;2711276448
2711392844;2711509264
2711625660;2711742080
2711858476;2711974896
2712091292;2712207712
2712324108;2712440528
2712556924;2712673344
2712789740;2712906160
2713022556;2713138976
2713255372;2713371792
2713488188;2713604608
2713721004;2713837424
2713953820;2714070240
2714186636;2714303056
2714419452;2714535872
2714652268;2714768688
2714885084;2715001504
2715117900;2715234320
2715350716;2715467136
2715583532;2715699952
2715816348;2715932768
2716049164;2716165584
2716281980;2716398400
2716514796;2716631216
2716747612;2716864032
2716980428;2717096848
2717213244;2717329664
2717446060;2717562480
2717678876;2717795296
2717911692;2718028112
2718144508;2718260928
2718377324;2718493744
2718610140;2718726560
2718842956;2718959376
2719075772;2719192192
2719308588;2719425008
2719541404;2719657824
2719774220;2719890640
2720007036;2720123456
2720239852;2720356272
2720472668;2720589088
2720705484;2720821736
2720937848;2721054336
2721170800;2721287288
2721403768;2721520256
2721636720;2721753208
2721869688;2721986176
2722102640;2722219128
2722335608;2722452096
2722568560;2722685048
2722801528;2722918016
2723034480;2723150968
2723267448;2723383936
2723500400;2723616888
2723733368;2723849856
2723966320;2724082808
2724199647;2724316050
2724432446;2724548862
2724665274;2724781690
2724898086;2725014502
2725130898;2725247314
2725363710;2725480126
2725596538;2725712954
2725829350;2725945766
2726062162;2726178578
2726294976;2726411396
2726527792;2726644212
2726760608;2726877028
2726993424;2727109844
2727226240;2727342660
2727459056;2727575476
2727691872;2727808292
2727924688;2728041108
2728157504;2728273924
2728390320;2728506740
2728623136;2728739556
2728855952;2728972372
2729088768;2729205188
2729321584;2729438004
2729554400;2729670820
2729787216;2729903636
2730020032;2730136452
2730252848;2730369268
2730485664;2730602084
2730718480;2730834900
2730951296;2731067716
2731184112;2731300532
2731416928;2731533348
2731649744;2731766164
2731882560;2731998980
2732115376;2732231796
2732348192;2732464612
2732581008;2732697428
2732813824;2732930244
2733046640;2733163060
2733279456;2733395876
2733512272;2733628692
2733745088;2733861508
2733977904;2734094324
2734210720;2734327140
2734443536;2734559956
2734676352;2734792772
2734909168;2735025588
2735141984;2735258404
2735374800;2735491220
2735607616;2735724036
2735840432;2735956852
2736073248;2736189668
2736306064;2736422484
2736538880;2736655300
2736771696;2736888116
2737004512;2737120932
2737237328;2737353748
2737470144;2737586396
2737702508;2737818996
2737935460;2738051948
2738168428;2738284916
2738401380;2738517868
2738634348;2738750836
2738867300;2738983788
2739100268;2739216756
2739333220;2739449708
2739566188;2739682676
2739799140;2739915628
2740032108;2740148596
2740265060;2740381548
2740498028;2740614516
2740730980;2740847468
2740964303;2741080706
2741197118;2741313534
2741429930;2741546346
2741662742;2741779158
2741895554;2742011970
2742128382;2742244798
2742361194;2742477610
2742594006;2742710422
2742826818;2742943234
2743059648;2743176052
2743292464;2743408868
2743525280;2743641684
2743758096;2743874500
2743990912;2744107316
2744223728;2744340132
2744456544;2744572948
2744689360;2744805764
2744922176;2745038580
2745154992;2745271396
2745387808;2745504212
2745620624;2745737028
2745853440;2745969844
2746086256;2746202660
2746319072;2746435476
2746551888;2746668292
2746784704;2746901108
2747017520;2747133924
2747250336;2747366740
2747483152;2747599556
2747715968;2747832372
2747948784;2748065188
2748181600;2748298004
2748414416;2748530820
2748647232;2748763636
2748880048;2748996452
2749112864;2749229268
2749345680;2749462084
2749578496;2749694900
2749811312;2749927716
2750044128;2750160532
2750276944;2750393348
2750509760;2750626164
2750742576;2750858980
2750975392;2751091796
2751208208;2751324612
2751441024;2751557428
2751673840;2751790244
2751906656;2752023060
2752139472;2752255876
2752372288;2752488692
2752605104;2752721508
2752837920;2752954324
2753070736;2753187140
2753303552;2753419956
2753536368;2753652772
2753769184;2753885588
2754002000;2754118404
2754234816;2754351052
2754467164;2754583652
2754700116;2754816604
2754933084;2755049572
2755166036;2755282524
2755399004;2755515492
2755631956;2755748444
2755864924;2755981412
2756097876;2756214364
2756330844;2756447332
2756563796;2756680284
2756796764;2756913252
2757029716;2757146204
2757262684;2757379172
2757495636;2757612124
2757728975;2757845378
2757961774;2758078190
2758194586;2758311002
2758427398;2758543814
2758660226;2758776642
2758893038;2759009454
2759125850;2759242266
2759358662;2759475078
2759591490;2759707906
2759824304;2759940724
2760057120;2760173540
2760289936;2760406356
2760522752;2760639172
2760755568;2760871988
2760988384;2761104804
2761221200;2761337620
2761454016;2761570436
2761686832;2761803252
2761919648;2762036068
2762152464;2762268884
2762385280;2762501700
2762618096;2762734516
2762850912;2762967332
2763083728;2763200148
2763316544;2763432964
2763549360;2763665780
2763782176;2763898596
2764014992;2764131412
2764247808;2764364228
2764480624;2764597044
2764713440;2764829860
2764946256;2765062676
2765179072;2765295492
2765411888;2765528308
2765644704;2765761124
2765877520;2765993940
2766110336;2766226756
2766343152;2766459572
2766575968;2766692388
2766808784;2766925204
2767041600;2767158020
2767274416;2767390836
2767507232;2767623652
2767740048;2767856468
2767972864;2768089284
2768205680;2768322100
2768438496;2768554916
2768671312;2768787732
2768904128;2769020548
2769136944;2769253364
2769369760;2769486180
2769602576;2769718996
2769835392;2769951812
2770068208;2770184628
2770301024;2770417444
2770533840;2770650260
2770766656;2770883076
2770999472;2771115892
2771232120;2771348240
2771464704;2771581192
2771697672;2771814160
2771930624;2772047112
2772163592;2772280080
2772396544;2772513032
2772629512;2772746000
2772862464;2772978952
2773095432;2773211920
2773328384;2773444872
2773561352;2773677840
2773794304;2773910792
2774027272;2774143760
2774260224;2774376712
2774493192;2774610051
2774726430;2774842846
2774959242;2775075658
2775192070;2775308486
2775424882;2775541298
2775657694;2775774110
2775890506;2776006922
2776123334;2776239750
2776356146;2776472562
2776588958;2776705376
2776821772;2776938192
2777054588;2777171008
2777287404;2777403824
2777520220;2777636640
2777753036;2777869456
2777985852;2778102272
2778218668;2778335088
2778451484;2778567904
2778684300;2778800720
2778917116;2779033536
2779149932;2779266352
2779382748;2779499168
2779615564;2779731984
2779848380;2779964800
2780081196;2780197616
2780314012;2780430432
2780546828;2780663248
2780779644;2780896064
2781012460;2781128880
2781245276;2781361696
2781478092;2781594512
2781710908;2781827328
2781943724;2782060144
2782176540;2782292960
2782409356;2782525776
2782642172;2782758592
2782874988;2782991408
2783107804;2783224224
2783340620;2783457040
2783573436;2783689856
2783806252;2783922672
2784039068;2784155488
2784271884;2784388304
2784504700;2784621120
2784737516;2784853936
2784970332;2785086752
2785203148;2785319568
2785435964;2785552384
2785668780;2785785200
2785901596;2786018016
2786134412;2786250832
2786367228;2786483648
2786600044;2786716464
2786832860;2786949280
2787065676;2787182096
2787298492;2787414912
2787531308;2787647728
2787764124;2787880544
2787996772;2788112892
2788229372;2788345860
2788462324;2788578812
2788695292;2788811780
2788928244;2789044732
2789161212;2789277700
2789394164;2789510652
2789627132;2789743620
2789860084;2789976572
2790093052;2790209540
2790326004;2790442492
2790558972;2790675460
2790791924;2790908412
2791024892;2791141380
2791257844;2791374703
2791491098;2791607514
2791723910;2791840326
2791956722;2792073138
2792189534;2792305950
2792422362;2792538778
2792655174;2792771590
2792887986;2793004402
2793120798;2793237214
2793353626;2793470044
2793586440;2793702860
2793819256;2793935676
2794052072;2794168492
2794284888;2794401308
2794517704;2794634124
2794750520;2794866940
2794983336;2795099756
2795216152;2795332572
2795448968;2795565388
2795681784;2795798204
2795914600;2796031020
2796147416;2796263836
2796380232;2796496652
2796613048;2796729468
2796845864;2796962284
2797078680;2797195100
2797311496;2797427916
2797544312;2797660732
2797777128;2797893548
2798009944;2798126364
2798242760;2798359180
2798475576;2798591996
2798708392;2798824812
2798941208;2799057628
2799174024;2799290444
2799406840;2799523260
2799639656;2799756076
2799872472;2799988892
2800105288;2800221708
2800338104;2800454524
2800570920;2800687340
2800803736;2800920156
2801036552;2801152972
2801269368;2801385788
2801502184;2801618604
2801735000;2801851420
2801967816;2802084236
2802200632;2802317052
2802433448;2802549868
2802666264;2802782684
2802899080;2803015500
2803131896;2803248316
2803364712;2803481132
2803597528;2803713948
2803830344;2803946764
2804063160;2804179580
2804295976;2804412396
2804528792;2804645212
2804761608;2804877860
2804993956;2805110444
2805226924;2805343412
2805459876;2805576364
2805692844;2805809332
2805925796;2806042284
2806158764;2806275252
2806391716;2806508204
2806624684;2806741172
2806857636;2806974124
2807090604;2807207092
2807323556;2807440044
2807556524;2807673012
2807789476;2807905964
2808022444;2808139314
2808255676;2808372094
2808488490;2808604906
2808721318;2808837734
2808954130;2809070546
2809186942;2809303358
2809419754;2809536170
2809652582;2809768998
2809885394;2810001810
2810118206;2810234624
2810351020;2810467440
2810583836;2810700256
2810816652;2810933072
2811049468;2811165888
2811282284;2811398704
2811515100;2811631520
2811747916;2811864336
2811980732;2812097152
2812213548;2812329968
2812446364;2812562784
2812679180;2812795600
2812911996;2813028416
2813144812;2813261232
2813377628;2813494048
2813610444;2813726864
2813843260;2813959680
2814076076;2814192496
2814308892;2814425312
2814541708;2814658128
2814774524;2814890944
2815007340;2815123760
2815240156;2815356576
2815472972;2815589392
2815705788;2815822208
2815938604;2816055024
2816171420;2816287840
2816404236;2816520656
2816637052;2816753472
2816869868;2816986288
2817102684;2817219104
2817335500;2817451920
2817568316;2817684736
2817801132;2817917552
2818033948;2818150368
2818266764;2818383184
2818499580;2818616000
2818732396;2818848816
2818965212;2819081632
2819198028;2819314448
2819430844;2819547264
2819663660;2819780080
2819896476;2820012896
2820129292;2820245712
2820362108;2820478528
2820594924;2820711344
2820827740;2820944160
2821060556;2821176976
2821293372;2821409792
2821526188;2821642440
2821758552;2821875040
2821991504;2822107992
2822224472;2822340960
2822457424;2822573912
2822690392;2822806880
2822923344;2823039832
2823156312;2823272800
2823389264;2823505752
2823622232;2823738720
2823855184;2823971672
2824088152;2824204640
2824321104;2824437592
2824554072;2824670560
2824787024;2824903512
2825020359;2825136762
2825253158;2825369574
2825485970;2825602386
2825718782;2825835198
2825951610;2826068026
2826184422;2826300838
2826417234;2826533650
2826650046;2826766462
2826882874;2826999290
2827115688;2827232108
2827348504;2827464924
2827581320;2827697740
2827814136;2827930556
2828046952;2828163372
2828279768;2828396188
2828512584;2828629004
2828745400;2828861820
2828978216;2829094636
2829211032;2829327452
2829443848;2829560268
2829676664;2829793084
2829909480;2830025900
2830142296;2830258716
2830375112;2830491532
2830607928;2830724348
2830840744;2830957164
2831073560;2831189980
2831306376;2831422796
2831539192;2831655612
2831772008;2831888428
2832004824;2832121244
2832237640;2832354060
2832470456;2832586876
2832703272;2832819692
2832936088;2833052508
2833168904;2833285324
2833401720;2833518140
2833634536;2833750956
2833867352;2833983772
2834100168;2834216588
2834332984;2834449404
2834565800;2834682220
2834798616;2834915036
2835031432;2835147852
2835264248;2835380668
2835497064;2835613484
2835729880;2835846300
2835962696;2836079116
2836195512;2836311932
2836428328;2836544748
2836661144;2836777564
2836893960;2837010380
2837126776;2837243196
2837359592;2837476012
2837592408;2837708828
2837825224;2837941644
2838058040;2838174460
2838290856;2838407108
2838523204;2838639692
2838756172;2838872660
2838989124;2839105612
2839222092;2839338580
2839455044;2839571532
2839688012;2839804500
2839920964;2840037452
2840153932;2840270420
2840386884;2840503372
2840619852;2840736340
2840852804;2840969292
2841085772;2841202260
2841318724;2841435212
2841551692;2841668180
2841785011;2841901414
2842017810;2842134226
2842250638;2842367054
2842483450;2842599866
2842716262;2842832678
2842949074;2843065490
2843181902;2843298318
2843414714;2843531130
2843647526;2843763942
2843880340;2843996760
2844113156;2844229576
2844345972;2844462392
2844578788;2844695208
2844811604;2844928024
2845044420;2845160840
2845277236;2845393656
2845510052;2845626472
2845742868;2845859288
2845975684;2846092104
2846208500;2846324920
2846441316;2846557736
2846674132;2846790552
2846906948;2847023368
2847139764;2847256184
2847372580;2847489000
2847605396;2847721816
2847838212;2847954632
2848071028;2848187448
2848303844;2848420264
2848536660;2848653080
2848769476;2848885896
2849002292;2849118712
2849235108;2849351528
2849467924;2849584344
2849700740;2849817160
2849933556;2850049976
2850166372;2850282792
2850399188;2850515608
2850632004;2850748424
2850864820;2850981240
2851097636;2851214056
2851330452;2851446872
2851563268;2851679688
2851796084;2851912504
2852028900;2852145320
2852261716;2852378136
2852494532;2852610952
2852727348;2852843768
2852960164;2853076584
2853192980;2853309400
2853425796;2853542216
2853658612;2853775032
2853891428;2854007848
2854124244;2854240664
2854357060;2854473480
2854589876;2854706296
2854822692;2854939112
2855055508;2855171928
2855288156;2855404276
2855520756;2855637244
2855753708;2855870196
2855986676;2856103164
2856219628;2856336116
2856452596;2856569084
2856685548;2856802036
2856918516;2857035004
2857151468;2857267956
2857384436;2857500924
2857617388;2857733876
2857850356;2857966844
2858083308;2858199796
2858316276;2858432764
2858549228;2858666091
2858782470;2858898886
2859015298;2859131714
2859248110;2859364526
2859480922;2859597338
2859713734;2859830150
2859946562;2860062978
2860179374;2860295790
2860412186;2860528602
2860644998;2860761416
2860877828;2860994232
2861110644;2861227048
2861343460;2861459864
2861576276;2861692680
2861809092;2861925496
2862041908;2862158312
2862274724;2862391128
2862507540;2862623944
2862740356;2862856760
2862973172;2863089576
2863205988;2863322392
2863438804;2863555208
2863671620;2863788024
2863904436;2864020840
2864137252;2864253656
2864370068;2864486472
2864602884;2864719288
2864835700;2864952104
2865068516;2865184920
2865301332;2865417736
2865534148;2865650552
2865766964;2865883368
2865999780;2866116184
2866232596;2866349000
2866465412;2866581816
2866698228;2866814632
2866931044;2867047448
2867163860;2867280264
2867396676;2867513080
2867629492;2867745896
2867862308;2867978712
2868095124;2868211528
2868327940;2868444344
2868560756;2868677160
2868793572;2868909976
2869026388;2869142792
2869259204;2869375608
2869492020;2869608424
2869724836;2869841240
2869957652;2870074056
2870190468;2870306872
2870423284;2870539688
2870656100;2870772504
2870888916;2871005320
2871121732;2871238136
2871354548;2871470952
2871587364;2871703768
2871820180;2871936584
2872052828;2872168948
2872285412;2872401900
2872518380;2872634868
2872751332;2872867820
2872984300;2873100788
2873217252;2873333740
2873450220;2873566708
2873683172;2873799660
2873916140;2874032628
2874149092;2874265580
2874382060;2874498548
2874615012;2874731500
2874847980;2874964468
2875080932;2875197420
2875313900;2875430743
2875547138;2875663554
2875779950;2875896366
2876012762;2876129178
2876245590;2876362006
2876478402;2876594818
2876711214;2876827630
2876944026;2877060442
2877176854;2877293270
2877409666;2877526084
2877642480;2877758900
2877875296;2877991716
2878108112;2878224532
2878340928;2878457348
2878573744;2878690164
2878806560;2878922980
2879039376;2879155796
2879272192;2879388612
2879505008;2879621428
2879737824;2879854244
2879970640;2880087060
2880203456;2880319876
2880436272;2880552692
2880669088;2880785508
2880901904;2881018324
2881134720;2881251140
2881367536;2881483956
2881600352;2881716772
2881833168;2881949588
2882065984;2882182404
2882298800;2882415220
2882531616;2882648036
2882764432;2882880852
2882997248;2883113668
2883230064;2883346484
2883462880;2883579300
2883695696;2883812116
2883928512;2884044932
2884161328;2884277748
2884394144;2884510564
2884626960;2884743380
2884859776;2884976196
2885092592;2885209012
2885325408;2885441828
2885558224;2885674644
2885791040;2885907460
2886023856;2886140276
2886256672;2886373092
2886489488;2886605908
2886722304;2886838724
2886955120;2887071540
2887187936;2887304356
2887420752;2887537172
2887653568;2887769988
2887886384;2888002804
2888119200;2888235620
2888352016;2888468436
2888584832;2888701252
2888817480;2888933600
2889050080;2889166568
2889283032;2889399520
2889516000;2889632488
2889748952;2889865440
2889981920;2890098408
2890214872;2890331360
2890447840;2890564328
2890680792;2890797280
2890913760;2891030248
2891146712;2891263200
2891379680;2891496168
2891612632;2891729120
2891845600;2891962088
2892078552;2892195411
2892311790;2892428206
2892544618;2892661034
2892777430;2892893846
2893010242;2893126658
2893243054;2893359470
2893475882;2893592298
2893708694;2893825110
2893941506;2894057922
2894174318;2894290736
2894407148;2894523552
2894639964;2894756368
2894872780;2894989184
2895105596;2895222000
2895338412;2895454816
2895571228;2895687632
2895804044;2895920448
2896036860;2896153264
2896269676;2896386080
2896502492;2896618896
2896735308;2896851712
2896968124;2897084528
2897200940;2897317344
2897433756;2897550160
2897666572;2897782976
2897899388;2898015792
2898132204;2898248608
2898365020;2898481424
2898597836;2898714240
2898830652;2898947056
2899063468;2899179872
2899296284;2899412688
2899529100;2899645504
2899761916;2899878320
2899994732;2900111136
2900227548;2900343952
2900460364;2900576768
2900693180;2900809584
2900925996;2901042400
2901158812;2901275216
2901391628;2901508032
2901624444;2901740848
2901857260;2901973664
2902090076;2902206480
2902322892;2902439296
2902555708;2902672112
2902788524;2902904928
2903021340;2903137744
2903254156;2903370560
2903486972;2903603376
2903719788;2903836192
2903952604;2904069008
2904185420;2904301824
2904418236;2904534640
2904651052;2904767456
2904883868;2905000272
2905116684;2905233088
2905349500;2905465904
2905582316;2905698552
2905814664;2905931152
2906047616;2906164104
2906280584;2906397072
2906513536;2906630024
2906746504;2906862992
2906979456;2907095944
2907212424;2907328912
2907445376;2907561864
2907678344;2907794832
2907911296;2908027784
2908144264;2908260752
2908377216;2908493704
2908610184;2908726672
2908843136;2908959624
2909076475;2909192878
2909309274;2909425690
2909542086;2909658502
2909774898;2909891314
2910007726;2910124142
2910240538;2910356954
2910473350;2910589766
2910706162;2910822578
2910938990;2911055406
2911171804;2911288224
2911404620;2911521040
2911637436;2911753856
2911870252;2911986672
2912103068;2912219488
2912335884;2912452304
2912568700;2912685120
2912801516;2912917936
2913034332;2913150752
2913267148;2913383568
2913499964;2913616384
2913732780;2913849200
2913965596;2914082016
2914198412;2914314832
2914431228;2914547648
2914664044;2914780464
2914896860;2915013280
2915129676;2915246096
2915362492;2915478912
2915595308;2915711728
2915828124;2915944544
2916060940;2916177360
2916293756;2916410176
2916526572;2916642992
2916759388;2916875808
2916992204;2917108624
2917225020;2917341440
2917457836;2917574256
2917690652;2917807072
2917923468;2918039888
2918156284;2918272704
2918389100;2918505520
2918621916;2918738336
2918854732;2918971152
2919087548;2919203968
2919320364;2919436784
2919553180;2919669600
2919785996;2919902416
2920018812;2920135232
2920251628;2920368048
2920484444;2920600864
2920717260;2920833680
2920950076;2921066496
2921182892;2921299312
2921415708;2921532128
2921648524;2921764944
2921881340;2921997760
2922114156;2922230576
2922346972;2922463224
2922579320;2922695808
2922812288;2922928776
2923045240;2923161728
2923278208;2923394696
2923511160;2923627648
2923744128;2923860616
2923977080;2924093568
2924210048;2924326536
2924443000;2924559488
2924675968;2924792456
2924908920;2925025408
2925141888;2925258376
2925374840;2925491328
2925607808;2925724296
2925841127;2925957530
2926073926;2926190342
2926306754;2926423170
2926539566;2926655982
2926772378;2926888794
2927005190;2927121606
2927238018;2927354434
2927470830;2927587246
2927703642;2927820058
2927936456;2928052876
2928169272;2928285692
2928402088;2928518508
2928634904;2928751324
2928867720;2928984140
2929100536;2929216956
2929333352;2929449772
2929566168;2929682588
2929798984;2929915404
2930031800;2930148220
2930264616;2930381036
2930497432;2930613852
2930730248;2930846668
2930963064;2931079484
2931195880;2931312300
2931428696;2931545116
2931661512;2931777932
2931894328;2932010748
2932127144;2932243564
2932359960;2932476380
2932592776;2932709196
2932825592;2932942012
2933058408;2933174828
2933291224;2933407644
2933524040;2933640460
2933756856;2933873276
2933989672;2934106092
2934222488;2934338908
2934455304;2934571724
2934688120;2934804540
2934920936;2935037356
2935153752;2935270172
2935386568;2935502988
2935619384;2935735804
2935852200;2935968620
2936085016;2936201436
2936317832;2936434252
2936550648;2936667068
2936783464;2936899884
2937016280;2937132700
2937249096;2937365516
2937481912;2937598332
2937714728;2937831148
2937947544;2938063964
2938180360;2938296780
2938413176;2938529596
2938645992;2938762412
2938878808;2938995228
2939111624;2939228044
2939344272;2939460392
2939576872;2939693360
2939809824;2939926312
2940042792;2940159280
2940275744;2940392232
2940508712;2940625200
2940741664;2940858152
2940974632;2941091120
2941207584;2941324072
2941440552;2941557040
2941673504;2941789992
2941906472;2942022960
2942139424;2942255912
2942372392;2942488880
2942605746;2942722112
2942838522;2942954938
2943071334;2943187750
2943304146;2943420562
2943536974;2943653390
2943769786;2943886202
2944002598;2944119014
2944235410;2944351826
2944468238;2944584654
2944701052;2944817472
2944933868;2945050288
2945166684;2945283104
2945399500;2945515920
2945632316;2945748736
2945865132;2945981552
2946097948;2946214368
2946330764;2946447184
2946563580;2946680000
2946796396;2946912816
2947029212;2947145632
2947262028;2947378448
2947494844;2947611264
2947727660;2947844080
2947960476;2948076896
2948193292;2948309712
2948426108;2948542528
2948658924;2948775344
2948891740;2949008160
2949124556;2949240976
2949357372;2949473792
2949590188;2949706608
2949823004;2949939424
2950055820;2950172240
2950288636;2950405056
2950521452;2950637872
2950754268;2950870688
2950987084;2951103504
2951219900;2951336320
2951452716;2951569136
2951685532;2951801952
2951918348;2952034768
2952151164;2952267584
2952383980;2952500400
2952616796;2952733216
2952849612;2952966032
2953082428;2953198848
2953315244;2953431664
2953548060;2953664480
2953780876;2953897296
2954013692;2954130112
2954246508;2954362928
2954479324;2954595744
2954712140;2954828560
2954944956;2955061376
2955177772;2955294192
2955410588;2955527008
2955643404;2955759824
2955876220;2955992640
2956108868;2956224988
2956341452;2956457940
2956574420;2956690908
2956807372;2956923860
2957040340;2957156828
2957273292;2957389780
2957506260;2957622748
2957739212;2957855700
2957972180;2958088668
2958205132;2958321620
2958438100;2958554588
2958671052;2958787540
2958904020;2959020508
2959136972;2959253460
2959369940;2959486799
2959603178;2959719594
2959835990;2959952406
2960068818;2960185234
2960301630;2960418046
2960534442;2960650858
2960767254;2960883670
2961000082;2961116498
2961232894;2961349310
2961465706;2961582124
2961698520;2961814940
2961931336;2962047756
2962164152;2962280572
2962396968;2962513388
2962629784;2962746204
2962862600;2962979020
2963095416;2963211836
2963328232;2963444652
2963561048;2963677468
2963793864;2963910284
2964026680;2964143100
2964259496;2964375916
2964492312;2964608732
2964725128;2964841548
2964957944;2965074364
2965190760;2965307180
2965423576;2965539996
2965656392;2965772812
2965889208;2966005628
2966122024;2966238444
2966354840;2966471260
2966587656;2966704076
2966820472;2966936892
2967053288;2967169708
2967286104;2967402524
2967518920;2967635340
2967751736;2967868156
2967984552;2968100972
2968217368;2968333788
2968450184;2968566604
2968683000;2968799420
2968915816;2969032236
2969148632;2969265052
2969381448;2969497868
2969614264;2969730684
2969847080;2969963500
2970079896;2970196316
2970312712;2970429132
2970545528;2970661948
2970778344;2970894764
2971011160;2971127580
2971243976;2971360396
2971476792;2971593212
2971709608;2971826028
2971942424;2972058844
2972175240;2972291660
2972408056;2972524476
2972640872;2972757292
2972873520;2972989640
2973106120;2973222608
2973339072;2973455560
2973572040;2973688528
2973804992;2973921480
2974037960;2974154448
2974270912;2974387400
2974503880;2974620368
2974736832;2974853320
2974969800;2975086288
2975202752;2975319240
2975435720;2975552208
2975668672;2975785160
2975901640;2976018128
2976134592;2976251459
2976367838;2976484254
2976600650;2976717066
2976833478;2976949894
2977066290;2977182706
2977299102;2977415518
2977531914;2977648330
2977764742;2977881158
2977997554;2978113970
2978230366;2978346784
2978463180;2978579600
2978695996;2978812416
2978928812;2979045232
2979161628;2979278048
2979394444;2979510864
2979627260;2979743680
2979860076;2979976496
2980092892;2980209312
2980325708;2980442128
2980558524;2980674944
2980791340;2980907760
2981024156;2981140576
2981256972;2981373392
2981489788;2981606208
2981722604;2981839024
2981955420;2982071840
2982188236;2982304656
2982421052;2982537472
2982653868;2982770288
2982886684;2983003104
2983119500;2983235920
2983352316;2983468736
2983585132;2983701552
2983817948;2983934368
2984050764;2984167184
2984283580;2984400000
2984516396;2984632816
2984749212;2984865632
2984982028;2985098448
2985214844;2985331264
2985447660;2985564080
2985680476;2985796896
2985913292;2986029712
2986146108;2986262528
2986378924;2986495344
2986611740;2986728160
2986844556;2986960976
2987077372;2987193792
2987310188;2987426608
2987543004;2987659424
2987775820;2987892240
2988008636;2988125056
2988241452;2988357872
2988474268;2988590688
2988707084;2988823504
2988939900;2989056320
2989172716;2989289136
2989405532;2989521952
2989638348;2989754600
2989870712;2989987200
2990103664;2990220152
2990336632;2990453120
2990569584;2990686072
2990802552;2990919040
2991035504;2991151992
2991268472;2991384960
2991501424;2991617912
2991734392;2991850880
2991967344;2992083832
2992200312;2992316800
2992433264;2992549752
2992666232;2992782720
2992899184;2993015672
2993132511;2993248914
2993365310;2993481726
2993598138;2993714554
2993830950;2993947366
2994063762;2994180178
2994296574;2994412990
2994529402;2994645818
2994762214;2994878630
2994995026;2995111442
2995227840;2995344260
2995460656;2995577076
2995693472;2995809892
2995926288;2996042708
2996159104;2996275524
2996391920;2996508340
2996624736;2996741156
2996857552;2996973972
2997090368;2997206788
2997323184;2997439604
2997556000;2997672420
2997788816;2997905236
2998021632;2998138052
2998254448;2998370868
2998487264;2998603684
2998720080;2998836500
2998952896;2999069316
2999185712;2999302132
2999418528;2999534948
2999651344;2999767764
2999884160;3000000580
3000116976;3000233396
3000349792;3000466212
3000582608;3000699028
3000815424;3000931844
3001048240;3001164660
3001281056;3001397476
3001513872;3001630292
3001746688;3001863108
3001979504;3002095924
3002212320;3002328740
3002445136;3002561556
3002677952;3002794372
3002910768;3003027188
3003143584;3003260004
3003376400;3003492820
3003609216;3003725636
3003842032;3003958452
3004074848;3004191268
3004307664;3004424084
3004540480;3004656900
3004773296;3004889716
3005006112;3005122532
3005238928;3005355348
3005471744;3005588164
3005704560;3005820980
3005937376;3006053796
3006170192;3006286612
3006403008;3006519260
3006635372;3006751860
3006868324;3006984812
3007101292;3007217780
3007334244;3007450732
3007567212;3007683700
3007800164;3007916652
3008033132;3008149620
3008266084;3008382572
3008499052;3008615540
3008732004;3008848492
3008964972;3009081460
3009197924;3009314412
3009430892;3009547380
3009663844;3009780332
3009897167;3010013570
3010129982;3010246398
3010362794;3010479210
3010595606;3010712022
3010828418;3010944834
3011061246;3011177662
3011294058;3011410474
3011526870;3011643286
3011759682;3011876098
3011992512;3012108916
3012225328;3012341732
3012458144;3012574548
3012690960;3012807364
3012923776;3013040180
3013156592;3013272996
3013389408;3013505812
3013622224;3013738628
3013855040;3013971444
3014087856;3014204260
3014320672;3014437076
3014553488;3014669892
3014786304;3014902708
3015019120;3015135524
3015251936;3015368340
3015484752;3015601156
3015717568;3015833972
3015950384;3016066788
3016183200;3016299604
3016416016;3016532420
3016648832;3016765236
3016881648;3016998052
3017114464;3017230868
3017347280;3017463684
3017580096;3017696500
3017812912;3017929316
3018045728;3018162132
3018278544;3018394948
3018511360;3018627764
3018744176;3018860580
3018976992;3019093396
3019209808;3019326212
3019442624;3019559028
3019675440;3019791844
3019908256;3020024660
3020141072;3020257476
3020373888;3020490292
3020606704;3020723108
3020839520;3020955924
3021072336;3021188740
3021305152;3021421556
3021537968;3021654372
3021770784;3021887188
3022003600;3022120004
3022236416;3022352820
3022469232;3022585636
3022702048;3022818452
3022934864;3023051268
3023167680;3023283916
3023400028;3023516516
3023632980;3023749468
3023865948;3023982436
3024098900;3024215388
3024331868;3024448356
3024564820;3024681308
3024797788;3024914276
3025030740;3025147228
3025263708;3025380196
3025496660;3025613148
3025729628;3025846116
3025962580;3026079068
3026195548;3026312036
3026428500;3026544988
3026661839;3026778242
3026894638;3027011054
3027127450;3027243866
3027360262;3027476678
3027593090;3027709506
3027825902;3027942318
3028058714;3028175130
3028291526;3028407942
3028524354;3028640770
3028757168;3028873588
3028989984;3029106404
3029222800;3029339220
3029455616;3029572036
3029688432;3029804852
3029921248;3030037668
3030154064;3030270484
3030386880;3030503300
3030619696;3030736116
3030852512;3030968932
3031085328;3031201748
3031318144;3031434564
3031550960;3031667380
3031783776;3031900196
3032016592;3032133012
3032249408;3032365828
3032482224;3032598644
3032715040;3032831460
3032947856;3033064276
3033180672;3033297092
3033413488;3033529908
3033646304;3033762724
3033879120;3033995540
3034111936;3034228356
3034344752;3034461172
3034577568;3034693988
3034810384;3034926804
3035043200;3035159620
3035276016;3035392436
3035508832;3035625252
3035741648;3035858068
3035974464;3036090884
3036207280;3036323700
3036440096;3036556516
3036672912;3036789332
3036905728;3037022148
3037138544;3037254964
3037371360;3037487780
3037604176;3037720596
3037836992;3037953412
3038069808;3038186228
3038302624;3038419044
3038535440;3038651860
3038768256;3038884676
3039001072;3039117492
3039233888;3039350308
3039466704;3039583124
3039699520;3039815940
3039932336;3040048756
3040164984;3040281104
3040397568;3040514056
3040630536;3040747024
3040863488;3040979976
3041096456;3041212944
3041329408;3041445896
3041562376;3041678864
3041795328;3041911816
3042028296;3042144784
3042261248;3042377736
3042494216;3042610704
3042727168;3042843656
3042960136;3043076624
3043193088;3043309576
3043426056;3043542915
3043659294;3043775710
3043892106;3044008522
3044124934;3044241350
3044357746;3044474162
3044590558;3044706974
3044823370;3044939786
3045056198;3045172614
3045289010;3045405426
3045521822;3045638240
3045754636;3045871056
3045987452;3046103872
3046220268;3046336688
3046453084;3046569504
3046685900;3046802320
3046918716;3047035136
3047151532;3047267952
3047384348;3047500768
3047617164;3047733584
3047849980;3047966400
3048082796;3048199216
3048315612;3048432032
3048548428;3048664848
3048781244;3048897664
3049014060;3049130480
3049246876;3049363296
3049479692;3049596112
3049712508;3049828928
3049945324;3050061744
3050178140;3050294560
3050410956;3050527376
3050643772;3050760192
3050876588;3050993008
3051109404;3051225824
3051342220;3051458640
3051575036;3051691456
3051807852;3051924272
3052040668;3052157088
3052273484;3052389904
3052506300;3052622720
3052739116;3052855536
3052971932;3053088352
3053204748;3053321168
3053437564;3053553984
3053670380;3053786800
3053903196;3054019616
3054136012;3054252432
3054368828;3054485248
3054601644;3054718064
3054834460;3054950880
3055067276;3055183696
3055300092;3055416512
3055532908;3055649328
3055765724;3055882144
3055998540;3056114960
3056231356;3056347776
3056464172;3056580592
3056696988;3056813408
3056929636;3057045756
3057162236;3057278724
3057395188;3057511676
3057628156;3057744644
3057861108;3057977596
3058094076;3058210564
3058327028;3058443516
3058559996;3058676484
3058792948;3058909436
3059025916;3059142404
3059258868;3059375356
3059491836;3059608324
3059724788;3059841276
3059957756;3060074244
3060190708;3060307567
3060423962;3060540378
3060656774;3060773190
3060889586;3061006002
3061122398;3061238814
3061355226;3061471642
3061588038;3061704454
3061820850;3061937266
3062053662;3062170078
3062286490;3062402908
3062519304;3062635724
3062752120;3062868540
3062984936;3063101356
3063217752;3063334172
3063450568;3063566988
3063683384;3063799804
3063916200;3064032620
3064149016;3064265436
3064381832;3064498252
3064614648;3064731068
3064847464;3064963884
3065080280;3065196700
3065313096;3065429516
3065545912;3065662332
3065778728;3065895148
3066011544;3066127964
3066244360;3066360780
3066477176;3066593596
3066709992;3066826412
3066942808;3067059228
3067175624;3067292044
3067408440;3067524860
3067641256;3067757676
3067874072;3067990492
3068106888;3068223308
3068339704;3068456124
3068572520;3068688940
3068805336;3068921756
3069038152;3069154572
3069270968;3069387388
3069503784;3069620204
3069736600;3069853020
3069969416;3070085836
3070202232;3070318652
3070435048;3070551468
3070667864;3070784284
3070900680;3071017100
3071133496;3071249916
3071366312;3071482732
3071599128;3071715548
3071831944;3071948364
3072064760;3072181180
3072297576;3072413996
3072530392;3072646812
3072763208;3072879628
3072996024;3073112444
3073228840;3073345260
3073461656;3073578076
3073694472;3073810724
3073926820;3074043308
3074159788;3074276276
3074392740;3074509228
3074625708;3074742196
3074858660;3074975148
3075091628;3075208116
3075324580;3075441068
3075557548;3075674036
3075790500;3075906988
3076023468;3076139956
3076256420;3076372908
3076489388;3076605876
3076722340;3076838828
3076955308;3077072176
3077188536;3077304954
3077421366;3077537782
3077654178;3077770594
3077886990;3078003406
3078119802;3078236218
3078352630;3078469046
3078585442;3078701858
3078818254;3078934670
3079051066;3079167484
3079283896;3079400300
3079516712;3079633116
3079749528;3079865932
3079982344;3080098748
3080215160;3080331564
3080447976;3080564380
3080680792;3080797196
3080913608;3081030012
3081146424;3081262828
3081379240;3081495644
3081612056;3081728460
3081844872;3081961276
3082077688;3082194092
3082310504;3082426908
3082543320;3082659724
3082776136;3082892540
3083008952;3083125356
3083241768;3083358172
3083474584;3083590988
3083707400;3083823804
3083940216;3084056620
3084173032;3084289436
3084405848;3084522252
3084638664;3084755068
3084871480;3084987884
3085104296;3085220700
3085337112;3085453516
3085569928;3085686332
3085802744;3085919148
3086035560;3086151964
3086268376;3086384780
3086501192;3086617596
3086734008;3086850412
3086966824;3087083228
3087199640;3087316044
3087432456;3087548860
3087665272;3087781676
3087898088;3088014492
3088130904;3088247308
3088363720;3088480124
3088596536;3088712940
3088829352;3088945756
3089062168;3089178572
3089294984;3089411388
3089527800;3089644204
3089760616;3089877020
3089993432;3090109836
3090226248;3090342652
3090459064;3090575300
3090691412;3090807900
3090924364;3091040852
3091157332;3091273820
3091390284;3091506772
3091623252;3091739740
3091856204;3091972692
3092089172;3092205660
3092322124;3092438612
3092555092;3092671580
3092788044;3092904532
3093021012;3093137500
3093253964;3093370452
3093486932;3093603420
3093719884;3093836372
3093953223;3094069626
3094186022;3094302438
3094418834;3094535250
3094651646;3094768062
3094884474;3095000890
3095117286;3095233702
3095350098;3095466514
3095582910;3095699326
3095815738;3095932154
3096048552;3096164972
3096281368;3096397788
3096514184;3096630604
3096747000;3096863420
3096979816;3097096236
3097212632;3097329052
3097445448;3097561868
3097678264;3097794684
3097911080;3098027500
3098143896;3098260316
3098376712;3098493132
3098609528;3098725948
3098842344;3098958764
3099075160;3099191580
3099307976;3099424396
3099540792;3099657212
3099773608;3099890028
3100006424;3100122844
3100239240;3100355660
3100472056;3100588476
3100704872;3100821292
3100937688;3101054108
3101170504;3101286924
3101403320;3101519740
3101636136;3101752556
3101868952;3101985372
3102101768;3102218188
3102334584;3102451004
3102567400;3102683820
3102800216;3102916636
3103033032;3103149452
3103265848;3103382268
3103498664;3103615084
3103731480;3103847900
3103964296;3104080716
3104197112;3104313532
3104429928;3104546348
3104662744;3104779164
3104895560;3105011980
3105128376;3105244796
3105361192;3105477612
3105594008;3105710428
3105826824;3105943244
3106059640;3106176060
3106292456;3106408876
3106525272;3106641692
3106758088;3106874508
3106990904;3107107324
3107223720;3107339972
3107456068;3107572556
3107689036;3107805524
3107921988;3108038476
3108154956;3108271444
3108387908;3108504396
3108620876;3108737364
3108853828;3108970316
3109086796;3109203284
3109319748;3109436236
3109552716;3109669204
3109785668;3109902156
3110018636;3110135124
3110251588;3110368076
3110484556;3110601044
3110717875;3110834278
3110950674;3111067090
3111183502;3111299918
3111416314;3111532730
3111649126;3111765542
3111881938;3111998354
3112114766;3112231182
3112347578;3112463994
3112580390;3112696806
3112813204;3112929624
3113046020;3113162440
3113278836;3113395256
3113511652;3113628072
3113744468;3113860888
3113977284;3114093704
3114210100;3114326520
3114442916;3114559336
3114675732;3114792152
3114908548;3115024968
3115141364;3115257784
3115374180;3115490600
3115606996;3115723416
3115839812;3115956232
3116072628;3116189048
3116305444;3116421864
3116538260;3116654680
3116771076;3116887496
3117003892;3117120312
3117236708;3117353128
3117469524;3117585944
3117702340;3117818760
3117935156;3118051576
3118167972;3118284392
3118400788;3118517208
3118633604;3118750024
3118866420;3118982840
3119099236;3119215656
3119332052;3119448472
3119564868;3119681288
3119797684;3119914104
3120030500;3120146920
3120263316;3120379736
3120496132;3120612552
3120728948;3120845368
3120961764;3121078184
3121194580;3121311000
3121427396;3121543816
3121660212;3121776632
3121893028;3122009448
3122125844;3122242264
3122358660;3122475080
3122591476;3122707896
3122824292;3122940712
3123057108;3123173528
3123289924;3123406344
3123522740;3123639160
3123755556;3123871976
3123988372;3124104792
3124221020;3124337140
3124453620;3124570108
3124686572;3124803060
3124919540;3125036028
3125152492;3125268980
3125385460;3125501948
3125618412;3125734900
3125851380;3125967868
3126084332;3126200820
3126317300;3126433788
3126550252;3126666740
3126783220;3126899708
3127016172;3127132660
3127249140;3127365628
3127482092;3127598955
3127715334;3127831750
3127948162;3128064578
3128180974;3128297390
3128413786;3128530202
3128646598;3128763014
3128879426;3128995842
3129112238;3129228654
3129345050;3129461466
3129577862;3129694280
3129810692;3129927096
3130043508;3130159912
3130276324;3130392728
3130509140;3130625544
3130741956;3130858360
3130974772;3131091176
3131207588;3131323992
3131440404;3131556808
3131673220;3131789624
3131906036;3132022440
3132138852;3132255256
3132371668;3132488072
3132604484;3132720888
3132837300;3132953704
3133070116;3133186520
3133302932;3133419336
3133535748;3133652152
3133768564;3133884968
3134001380;3134117784
3134234196;3134350600
3134467012;3134583416
3134699828;3134816232
3134932644;3135049048
3135165460;3135281864
3135398276;3135514680
3135631092;3135747496
3135863908;3135980312
3136096724;3136213128
3136329540;3136445944
3136562356;3136678760
3136795172;3136911576
3137027988;3137144392
3137260804;3137377208
3137493620;3137610024
3137726436;3137842840
3137959252;3138075656
3138192068;3138308472
3138424884;3138541288
3138657700;3138774104
3138890516;3139006920
3139123332;3139239736
3139356148;3139472552
3139588964;3139705368
3139821780;3139938184
3140054596;3140171000
3140287412;3140403816
3140520228;3140636632
3140753044;3140869448
3140985692;3141101812
3141218276;3141334764
3141451244;3141567732
3141684196;3141800684
3141917164;3142033652
3142150116;3142266604
3142383084;3142499572
3142616036;3142732524
3142849004;3142965492
3143081956;3143198444
3143314924;3143431412
3143547876;3143664364
3143780844;3143897332
3144013796;3144130284
3144246764;3144363607
3144480002;3144596418
3144712814;3144829230
3144945626;3145062042
3145178454;3145294870
3145411266;3145527682
3145644078;3145760494
3145876890;3145993306
3146109718;3146226134
3146342530;3146458948
3146575344;3146691764
3146808160;3146924580
3147040976;3147157396
3147273792;3147390212
3147506608;3147623028
3147739424;3147855844
3147972240;3148088660
3148205056;3148321476
3148437872;3148554292
3148670688;3148787108
3148903504;3149019924
3149136320;3149252740
3149369136;3149485556
3149601952;3149718372
3149834768;3149951188
3150067584;3150184004
3150300400;3150416820
3150533216;3150649636
3150766032;3150882452
3150998848;3151115268
3151231664;3151348084
3151464480;3151580900
3151697296;3151813716
3151930112;3152046532
3152162928;3152279348
3152395744;3152512164
3152628560;3152744980
3152861376;3152977796
3153094192;3153210612
3153327008;3153443428
3153559824;3153676244
3153792640;3153909060
3154025456;3154141876
3154258272;3154374692
3154491088;3154607508
3154723904;3154840324
3154956720;3155073140
3155189536;3155305956
3155422352;3155538772
3155655168;3155771588
3155887984;3156004404
3156120800;3156237220
3156353616;3156470036
3156586432;3156702852
3156819248;3156935668
3157052064;3157168484
3157284880;3157401300
3157517696;3157634116
3157750344;3157866464
3157982944;3158099432
3158215896;3158332384
3158448864;3158565352
3158681816;3158798304
3158914784;3159031272
3159147736;3159264224
3159380704;3159497192
3159613656;3159730144
3159846624;3159963112
3160079576;3160196064
3160312544;3160429032
3160545496;3160661984
3160778464;3160894952
3161011416;3161128275
3161244654;3161361070
3161477482;3161593898
3161710294;3161826710
3161943106;3162059522
3162175918;3162292334
3162408746;3162525162
3162641558;3162757974
3162874370;3162990786
3163107182;3163223600
3163340012;3163456416
3163572828;3163689232
3163805644;3163922048
3164038460;3164154864
3164271276;3164387680
3164504092;3164620496
3164736908;3164853312
3164969724;3165086128
3165202540;3165318944
3165435356;3165551760
3165668172;3165784576
3165900988;3166017392
3166133804;3166250208
3166366620;3166483024
3166599436;3166715840
3166832252;3166948656
3167065068;3167181472
3167297884;3167414288
3167530700;3167647104
3167763516;3167879920
3167996332;3168112736
3168229148;3168345552
3168461964;3168578368
3168694780;3168811184
3168927596;3169044000
3169160412;3169276816
3169393228;3169509632
3169626044;3169742448
3169858860;3169975264
3170091676;3170208080
3170324492;3170440896
3170557308;3170673712
3170790124;3170906528
3171022940;3171139344
3171255756;3171372160
3171488572;3171604976
3171721388;3171837792
3171954204;3172070608
3172187020;3172303424
3172419836;3172536240
3172652652;3172769056
3172885468;3173001872
3173118284;3173234688
3173351100;3173467504
3173583916;3173700320
3173816732;3173933136
3174049548;3174165952
3174282364;3174398768
3174515180;3174631416
3174747528;3174864016
3174980480;3175096968
3175213448;3175329936
3175446400;3175562888
3175679368;3175795856
3175912320;3176028808
3176145288;3176261776
3176378240;3176494728
3176611208;3176727696
3176844160;3176960648
3177077128;3177193616
3177310080;3177426568
3177543048;3177659536
3177776000;3177892488
3178009339;3178125742
3178242138;3178358554
3178474950;3178591366
3178707762;3178824178
3178940590;3179057006
3179173402;3179289818
3179406214;3179522630
3179639026;3179755442
3179871854;3179988270
3180104668;3180221088
3180337484;3180453904
3180570300;3180686720
3180803116;3180919536
3181035932;3181152352
3181268748;3181385168
3181501564;3181617984
3181734380;3181850800
3181967196;3182083616
3182200012;3182316432
3182432828;3182549248
3182665644;3182782064
3182898460;3183014880
3183131276;3183247696
3183364092;3183480512
3183596908;3183713328
3183829724;3183946144
3184062540;3184178960
3184295356;3184411776
3184528172;3184644592
3184760988;3184877408
3184993804;3185110224
3185226620;3185343040
3185459436;3185575856
3185692252;3185808672
3185925068;3186041488
3186157884;3186274304
3186390700;3186507120
3186623516;3186739936
3186856332;3186972752
3187089148;3187205568
3187321964;3187438384
3187554780;3187671200
3187787596;3187904016
3188020412;3188136832
3188253228;3188369648
3188486044;3188602464
3188718860;3188835280
3188951676;3189068096
3189184492;3189300912
3189417308;3189533728
3189650124;3189766544
3189882940;3189999360
3190115756;3190232176
3190348572;3190464992
3190581388;3190697808
3190814204;3190930624
3191047020;3191163440
3191279836;3191396088
3191512184;3191628672
3191745152;3191861640
3191978104;3192094592
3192211072;3192327560
3192444024;3192560512
3192676992;3192793480
3192909944;3193026432
3193142912;3193259400
3193375864;3193492352
3193608832;3193725320
3193841784;3193958272
3194074752;3194191240
3194307704;3194424192
3194540672;3194657160
3194773991;3194890394
3195006790;3195123206
3195239618;3195356034
3195472430;3195588846
3195705242;3195821658
3195938054;3196054470
3196170882;3196287298
3196403694;3196520110
3196636506;3196752922
3196869320;3196985740
3197102136;3197218556
3197334952;3197451372
3197567768;3197684188
3197800584;3197917004
3198033400;3198149820
3198266216;3198382636
3198499032;3198615452
3198731848;3198848268
3198964664;3199081084
3199197480;3199313900
3199430296;3199546716
3199663112;3199779532
3199895928;3200012348
3200128744;3200245164
3200361560;3200477980
3200594376;3200710796
3200827192;3200943612
3201060008;3201176428
3201292824;3201409244
3201525640;3201642060
3201758456;3201874876
3201991272;3202107692
3202224088;3202340508
3202456904;3202573324
3202689720;3202806140
3202922536;3203038956
3203155352;3203271772
3203388168;3203504588
3203620984;3203737404
3203853800;3203970220
3204086616;3204203036
3204319432;3204435852
3204552248;3204668668
3204785064;3204901484
3205017880;3205134300
3205250696;3205367116
3205483512;3205599932
3205716328;3205832748
3205949144;3206065564
3206181960;3206298380
3206414776;3206531196
3206647592;3206764012
3206880408;3206996828
3207113224;3207229644
3207346040;3207462460
3207578856;3207695276
3207811672;3207928092
3208044488;3208160908
3208277136;3208393256
3208509736;3208626224
3208742688;3208859176
3208975656;3209092144
3209208608;3209325096
3209441576;3209558064
3209674528;3209791016
3209907496;3210023984
3210140448;3210256936
3210373416;3210489904
3210606368;3210722856
3210839336;3210955824
3211072288;3211188776
3211305256;3211421744
3211538606;3211654988
3211771382;3211887798
3212004194;3212120610
3212237022;3212353438
3212469834;3212586250
3212702646;3212819062
3212935458;3213051874
3213168286;3213284702
3213401098;3213517514
3213633912;3213750332
3213866728;3213983148
3214099544;3214215964
3214332360;3214448780
3214565176;3214681596
3214797992;3214914412
3215030808;3215147228
3215263624;3215380044
3215496440;3215612860
3215729256;3215845676
3215962072;3216078492
3216194888;3216311308
3216427704;3216544124
3216660520;3216776940
3216893336;3217009756
3217126152;3217242572
3217358968;3217475388
3217591784;3217708204
3217824600;3217941020
3218057416;3218173836
3218290232;3218406652
3218523048;3218639468
3218755864;3218872284
3218988680;3219105100
3219221496;3219337916
3219454312;3219570732
3219687128;3219803548
3219919944;3220036364
3220152760;3220269180
3220385576;3220501996
3220618392;3220734812
3220851208;3220967628
3221084024;3221200444
3221316840;3221433260
3221549656;3221666076
3221782472;3221898892
3222015288;3222131708
3222248104;3222364524
3222480920;3222597340
3222713736;3222830156
3222946552;3223062972
3223179368;3223295788
3223412184;3223528604
3223645000;3223761420
3223877816;3223994236
3224110632;3224227052
3224343448;3224459868
3224576264;3224692684
3224809080;3224925500
3225041728;3225157848
3225274328;3225390816
3225507280;3225623768
3225740248;3225856736
3225973200;3226089688
3226206168;3226322656
3226439120;3226555608
3226672088;3226788576
3226905040;3227021528
3227138008;3227254496
3227370960;3227487448
3227603928;3227720416
3227836880;3227953368
3228069848;3228186336
3228302800;3228419659
3228536038;3228652454
3228768866;3228885282
3229001678;3229118094
3229234490;3229350906
3229467302;3229583718
3229700130;3229816546
3229932942;3230049358
3230165754;3230282170
3230398566;3230514984
3230631396;3230747800
3230864212;3230980616
3231097028;3231213432
3231329844;3231446248
3231562660;3231679064
3231795476;3231911880
3232028292;3232144696
3232261108;3232377512
3232493924;3232610328
3232726740;3232843144
3232959556;3233075960
3233192372;3233308776
3233425188;3233541592
3233658004;3233774408
3233890820;3234007224
3234123636;3234240040
3234356452;3234472856
3234589268;3234705672
3234822084;3234938488
3235054900;3235171304
3235287716;3235404120
3235520532;3235636936
3235753348;3235869752
3235986164;3236102568
3236218980;3236335384
3236451796;3236568200
3236684612;3236801016
3236917428;3237033832
3237150244;3237266648
3237383060;3237499464
3237615876;3237732280
3237848692;3237965096
3238081508;3238197912
3238314324;3238430728
3238547140;3238663544
3238779956;3238896360
3239012772;3239129176
3239245588;3239361992
3239478404;3239594808
3239711220;3239827624
3239944036;3240060440
3240176852;3240293256
3240409668;3240526072
3240642484;3240758888
3240875300;3240991704
3241108116;3241224520
3241340932;3241457336
3241573748;3241690152
3241806396;3241922516
3242038980;3242155468
3242271948;3242388436
3242504900;3242621388
3242737868;3242854356
3242970820;3243087308
3243203788;3243320276
3243436740;3243553228
3243669708;3243786196
3243902660;3244019148
3244135628;3244252116
3244368580;3244485068
3244601548;3244718036
3244834500;3244950988
3245067468;3245184323
3245300702;3245417118
3245533514;3245649930
3245766342;3245882758
3245999154;3246115570
3246231966;3246348382
3246464778;3246581194
3246697606;3246814022
3246930418;3247046834
3247163230;3247279648
3247396044;3247512464
3247628860;3247745280
3247861676;3247978096
3248094492;3248210912
3248327308;3248443728
3248560124;3248676544
3248792940;3248909360
3249025756;3249142176
3249258572;3249374992
3249491388;3249607808
3249724204;3249840624
3249957020;3250073440
3250189836;3250306256
3250422652;3250539072
3250655468;3250771888
3250888284;3251004704
3251121100;3251237520
3251353916;3251470336
3251586732;3251703152
3251819548;3251935968
3252052364;3252168784
3252285180;3252401600
3252517996;3252634416
3252750812;3252867232
3252983628;3253100048
3253216444;3253332864
3253449260;3253565680
3253682076;3253798496
3253914892;3254031312
3254147708;3254264128
3254380524;3254496944
3254613340;3254729760
3254846156;3254962576
3255078972;3255195392
3255311788;3255428208
3255544604;3255661024
3255777420;3255893840
3256010236;3256126656
3256243052;3256359472
3256475868;3256592288
3256708684;3256825104
3256941500;3257057920
3257174316;3257290736
3257407132;3257523552
3257639948;3257756368
3257872764;3257989184
3258105580;3258222000
3258338396;3258454816
3258571212;3258687464
3258803576;3258920064
3259036528;3259153016
3259269496;3259385984
3259502448;3259618936
3259735416;3259851904
3259968368;3260084856
3260201336;3260317824
3260434288;3260550776
3260667256;3260783744
3260900208;3261016696
3261133176;3261249664
3261366128;3261482616
3261599096;3261715584
3261832048;3261948536
3262065375;3262181778
3262298174;3262414590
3262531002;3262647418
3262763814;3262880230
3262996626;3263113042
3263229438;3263345854
3263462266;3263578682
3263695078;3263811494
3263927890;3264044306
3264160704;3264277124
3264393520;3264509940
3264626336;3264742756
3264859152;3264975572
3265091968;3265208388
3265324784;3265441204
3265557600;3265674020
3265790416;3265906836
3266023232;3266139652
3266256048;3266372468
3266488864;3266605284
3266721680;3266838100
3266954496;3267070916
3267187312;3267303732
3267420128;3267536548
3267652944;3267769364
3267885760;3268002180
3268118576;3268234996
3268351392;3268467812
3268584208;3268700628
3268817024;3268933444
3269049840;3269166260
3269282656;3269399076
3269515472;3269631892
3269748288;3269864708
3269981104;3270097524
3270213920;3270330340
3270446736;3270563156
3270679552;3270795972
3270912368;3271028788
3271145184;3271261604
3271378000;3271494420
3271610816;3271727236
3271843632;3271960052
3272076448;3272192868
3272309264;3272425684
3272542080;3272658500
3272774896;3272891316
3273007712;3273124132
3273240528;3273356948
3273473344;3273589764
3273706160;3273822580
3273938976;3274055396
3274171792;3274288212
3274404608;3274521028
3274637424;3274753844
3274870240;3274986660
3275103056;3275219476
3275335872;3275452124
3275568236;3275684724
3275801188;3275917676
3276034156;3276150644
3276267108;3276383596
3276500076;3276616564
3276733028;3276849516
3276965996;3277082484
3277198948;3277315436
3277431916;3277548404
3277664868;3277781356
3277897836;3278014324
3278130788;3278247276
3278363756;3278480244
3278596708;3278713196
3278830031;3278946434
3279062846;3279179262
3279295658;3279412074
3279528470;3279644886
3279761282;3279877698
3279994110;3280110526
3280226922;3280343338
3280459734;3280576150
3280692546;3280808962
3280925376;3281041780
3281158192;3281274596
3281391008;3281507412
3281623824;3281740228
3281856640;3281973044
3282089456;3282205860
3282322272;3282438676
3282555088;3282671492
3282787904;3282904308
3283020720;3283137124
3283253536;3283369940
3283486352;3283602756
3283719168;3283835572
3283951984;3284068388
3284184800;3284301204
3284417616;3284534020
3284650432;3284766836
3284883248;3284999652
3285116064;3285232468
3285348880;3285465284
3285581696;3285698100
3285814512;3285930916
3286047328;3286163732
3286280144;3286396548
3286512960;3286629364
3286745776;3286862180
3286978592;3287094996
3287211408;3287327812
3287444224;3287560628
3287677040;3287793444
3287909856;3288026260
3288142672;3288259076
3288375488;3288491892
3288608304;3288724708
3288841120;3288957524
3289073936;3289190340
3289306752;3289423156
3289539568;3289655972
3289772384;3289888788
3290005200;3290121604
3290238016;3290354420
3290470832;3290587236
3290703648;3290820052
3290936464;3291052868
3291169280;3291285684
3291402096;3291518500
3291634912;3291751316
3291867728;3291984132
3292100544;3292216780
3292332892;3292449380
3292565844;3292682332
3292798812;3292915300
3293031764;3293148252
3293264732;3293381220
3293497684;3293614172
3293730652;3293847140
3293963604;3294080092
3294196572;3294313060
3294429524;3294546012
3294662492;3294778980
3294895444;3295011932
3295128412;3295244900
3295361364;3295477852
3295594703;3295711106
3295827502;3295943918
3296060314;3296176730
3296293126;3296409542
3296525954;3296642370
3296758766;3296875182
3296991578;3297107994
3297224390;3297340806
3297457218;3297573634
3297690032;3297806452
3297922848;3298039268
3298155664;3298272084
3298388480;3298504900
3298621296;3298737716
3298854112;3298970532
3299086928;3299203348
3299319744;3299436164
3299552560;3299668980
3299785376;3299901796
3300018192;3300134612
3300251008;3300367428
3300483824;3300600244
3300716640;3300833060
3300949456;3301065876
3301182272;3301298692
3301415088;3301531508
3301647904;3301764324
3301880720;3301997140
3302113536;3302229956
3302346352;3302462772
3302579168;3302695588
3302811984;3302928404
3303044800;3303161220
3303277616;3303394036
3303510432;3303626852
3303743248;3303859668
3303976064;3304092484
3304208880;3304325300
3304441696;3304558116
3304674512;3304790932
3304907328;3305023748
3305140144;3305256564
3305372960;3305489380
3305605776;3305722196
3305838592;3305955012
3306071408;3306187828
3306304224;3306420644
3306537040;3306653460
3306769856;3306886276
3307002672;3307119092
3307235488;3307351908
3307468304;3307584724
3307701120;3307817540
3307933936;3308050356
3308166752;3308283172
3308399568;3308515988
3308632384;3308748804
3308865200;3308981620
3309097848;3309213968
3309330432;3309446920
3309563400;3309679888
3309796352;3309912840
3310029320;3310145808
3310262272;3310378760
3310495240;3310611728
3310728192;3310844680
3310961160;3311077648
3311194112;3311310600
3311427080;3311543568
3311660032;3311776520
3311893000;3312009488
3312125952;3312242440
3312358920;3312475779
3312592158;3312708574
3312824970;3312941386
3313057798;3313174214
3313290610;3313407026
3313523422;3313639838
3313756234;3313872650
3313989062;3314105478
3314221874;3314338290
3314454686;3314571104
3314687500;3314803920
3314920316;3315036736
3315153132;3315269552
3315385948;3315502368
3315618764;3315735184
3315851580;3315968000
3316084396;3316200816
3316317212;3316433632
3316550028;3316666448
3316782844;3316899264
3317015660;3317132080
3317248476;3317364896
3317481292;3317597712
3317714108;3317830528
3317946924;3318063344
3318179740;3318296160
3318412556;3318528976
3318645372;3318761792
3318878188;3318994608
3319111004;3319227424
3319343820;3319460240
3319576636;3319693056
3319809452;3319925872
3320042268;3320158688
3320275084;3320391504
3320507900;3320624320
3320740716;3320857136
3320973532;3321089952
3321206348;3321322768
3321439164;3321555584
3321671980;3321788400
3321904796;3322021216
3322137612;3322254032
3322370428;3322486848
3322603244;3322719664
3322836060;3322952480
3323068876;3323185296
3323301692;3323418112
3323534508;3323650928
3323767324;3323883744
3324000140;3324116560
3324232956;3324349376
3324465772;3324582192
3324698588;3324815008
3324931404;3325047824
3325164220;3325280640
3325397036;3325513456
3325629852;3325746272
3325862500;3325978620
3326095100;3326211588
3326328052;3326444540
3326561020;3326677508
3326793972;3326910460
3327026940;3327143428
3327259892;3327376380
3327492860;3327609348
3327725812;3327842300
3327958780;3328075268
3328191732;3328308220
3328424700;3328541188
3328657652;3328774140
3328890620;3329007108
3329123572;3329240431
3329356826;3329473242
3329589638;3329706054
3329822450;3329938866
3330055262;3330171678
3330288090;3330404506
3330520902;3330637318
3330753714;3330870130
3330986526;3331102942
3331219354;3331335772
3331452168;3331568588
3331684984;3331801404
3331917800;3332034220
3332150616;3332267036
3332383432;3332499852
3332616248;3332732668
3332849064;3332965484
3333081880;3333198300
3333314696;3333431116
3333547512;3333663932
3333780328;3333896748
3334013144;3334129564
3334245960;3334362380
3334478776;3334595196
3334711592;3334828012
3334944408;3335060828
3335177224;3335293644
3335410040;3335526460
3335642856;3335759276
3335875672;3335992092
3336108488;3336224908
3336341304;3336457724
3336574120;3336690540
3336806936;3336923356
3337039752;3337156172
3337272568;3337388988
3337505384;3337621804
3337738200;3337854620
3337971016;3338087436
3338203832;3338320252
3338436648;3338553068
3338669464;3338785884
3338902280;3339018700
3339135096;3339251516
3339367912;3339484332
3339600728;3339717148
3339833544;3339949964
3340066360;3340182780
3340299176;3340415596
3340531992;3340648412
3340764808;3340881228
3340997624;3341114044
3341230440;3341346860
3341463256;3341579676
3341696072;3341812492
3341928888;3342045308
3342161704;3342278124
3342394520;3342510940
3342627336;3342743588
3342859684;3342976172
3343092652;3343209140
3343325604;3343442092
3343558572;3343675060
3343791524;3343908012
3344024492;3344140980
3344257444;3344373932
3344490412;3344606900
3344723364;3344839852
3344956332;3345072820
3345189284;3345305772
3345422252;3345538740
3345655204;3345771692
3345888172;3346005038
3346121400;3346237818
3346354230;3346470646
3346587042;3346703458
3346819854;3346936270
3347052666;3347169082
3347285494;3347401910
3347518306;3347634722
3347751118;3347867534
3347983930;3348100348
3348216760;3348333164
3348449576;3348565980
3348682392;3348798796
3348915208;3349031612
3349148024;3349264428
3349380840;3349497244
3349613656;3349730060
3349846472;3349962876
3350079288;3350195692
3350312104;3350428508
3350544920;3350661324
3350777736;3350894140
3351010552;3351126956
3351243368;3351359772
3351476184;3351592588
3351709000;3351825404
3351941816;3352058220
3352174632;3352291036
3352407448;3352523852
3352640264;3352756668
3352873080;3352989484
3353105896;3353222300
3353338712;3353455116
3353571528;3353687932
3353804344;3353920748
3354037160;3354153564
3354269976;3354386380
3354502792;3354619196
3354735608;3354852012
3354968424;3355084828
3355201240;3355317644
3355434056;3355550460
3355666872;3355783276
3355899688;3356016092
3356132504;3356248908
3356365320;3356481724
3356598136;3356714540
3356830952;3356947356
3357063768;3357180172
3357296584;3357412988
3357529400;3357645804
3357762216;3357878620
3357995032;3358111436
3358227848;3358344252
3358460664;3358577068
3358693480;3358809884
3358926296;3359042700
3359159112;3359275516
3359391928;3359508164
3359624276;3359740764
3359857228;3359973716
3360090196;3360206684
3360323148;3360439636
3360556116;3360672604
3360789068;3360905556
3361022036;3361138524
3361254988;3361371476
3361487956;3361604444
3361720908;3361837396
3361953876;3362070364
3362186828;3362303316
3362419796;3362536284
3362652748;3362769236
3362886087;3363002490
3363118886;3363235302
3363351698;3363468114
3363584510;3363700926
3363817338;3363933754
3364050150;3364166566
3364282962;3364399378
3364515774;3364632190
3364748602;3364865018
3364981416;3365097836
3365214232;3365330652
3365447048;3365563468
3365679864;3365796284
3365912680;3366029100
3366145496;3366261916
3366378312;3366494732
3366611128;3366727548
3366843944;3366960364
3367076760;3367193180
3367309576;3367425996
3367542392;3367658812
3367775208;3367891628
3368008024;3368124444
3368240840;3368357260
3368473656;3368590076
3368706472;3368822892
3368939288;3369055708
3369172104;3369288524
3369404920;3369521340
3369637736;3369754156
3369870552;3369986972
3370103368;3370219788
3370336184;3370452604
3370569000;3370685420
3370801816;3370918236
3371034632;3371151052
3371267448;3371383868
3371500264;3371616684
3371733080;3371849500
3371965896;3372082316
3372198712;3372315132
3372431528;3372547948
3372664344;3372780764
3372897160;3373013580
3373129976;3373246396
3373362792;3373479212
3373595608;3373712028
3373828424;3373944844
3374061240;3374177660
3374294056;3374410476
3374526872;3374643292
3374759688;3374876108
3374992504;3375108924
3375225320;3375341740
3375458136;3375574556
3375690952;3375807372
3375923768;3376040188
3376156584;3376272836
3376388932;3376505420
3376621900;3376738388
3376854852;3376971340
3377087820;3377204308
3377320772;3377437260
3377553740;3377670228
3377786692;3377903180
3378019660;3378136148
3378252612;3378369100
3378485580;3378602068
3378718532;3378835020
3378951500;3379067988
3379184452;3379300940
3379417420;3379533908
3379650739;3379767142
3379883538;3379999954
3380116366;3380232782
3380349178;3380465594
3380581990;3380698406
3380814802;3380931218
3381047630;3381164046
3381280442;3381396858
3381513254;3381629670
3381746068;3381862488
3381978884;3382095304
3382211700;3382328120
3382444516;3382560936
3382677332;3382793752
3382910148;3383026568
3383142964;3383259384
3383375780;3383492200
3383608596;3383725016
3383841412;3383957832
3384074228;3384190648
3384307044;3384423464
3384539860;3384656280
3384772676;3384889096
3385005492;3385121912
3385238308;3385354728
3385471124;3385587544
3385703940;3385820360
3385936756;3386053176
3386169572;3386285992
3386402388;3386518808
3386635204;3386751624
3386868020;3386984440
3387100836;3387217256
3387333652;3387450072
3387566468;3387682888
3387799284;3387915704
3388032100;3388148520
3388264916;3388381336
3388497732;3388614152
3388730548;3388846968
3388963364;3389079784
3389196180;3389312600
3389428996;3389545416
3389661812;3389778232
3389894628;3390011048
3390127444;3390243864
3390360260;3390476680
3390593076;3390709496
3390825892;3390942312
3391058708;3391175128
3391291524;3391407944
3391524340;3391640760
3391757156;3391873576
3391989972;3392106392
3392222788;3392339208
3392455604;3392572024
3392688420;3392804840
3392921236;3393037656
3393153884;3393270004
3393386484;3393502972
3393619436;3393735924
3393852404;3393968892
3394085356;3394201844
3394318324;3394434812
3394551276;3394667764
3394784244;3394900732
3395017196;3395133684
3395250164;3395366652
3395483116;3395599604
3395716084;3395832572
3395949036;3396065524
3396182004;3396298492
3396414956;3396531819
3396648198;3396764614
3396881026;3396997442
3397113838;3397230254
3397346650;3397463066
3397579462;3397695878
3397812290;3397928706
3398045102;3398161518
3398277914;3398394330
3398510726;3398627144
3398743556;3398859960
3398976372;3399092776
3399209188;3399325592
3399442004;3399558408
3399674820;3399791224
3399907636;3400024040
3400140452;3400256856
3400373268;3400489672
3400606084;3400722488
3400838900;3400955304
3401071716;3401188120
3401304532;3401420936
3401537348;3401653752
3401770164;3401886568
3402002980;3402119384
3402235796;3402352200
3402468612;3402585016
3402701428;3402817832
3402934244;3403050648
3403167060;3403283464
3403399876;3403516280
3403632692;3403749096
3403865508;3403981912
3404098324;3404214728
3404331140;3404447544
3404563956;3404680360
3404796772;3404913176
3405029588;3405145992
3405262404;3405378808
3405495220;3405611624
3405728036;3405844440
3405960852;3406077256
3406193668;3406310072
3406426484;3406542888
3406659300;3406775704
3406892116;3407008520
3407124932;3407241336
3407357748;3407474152
3407590564;3407706968
3407823380;3407939784
3408056196;3408172600
3408289012;3408405416
3408521828;3408638232
3408754644;3408871048
3408987460;3409103864
3409220276;3409336680
3409453092;3409569496
3409685908;3409802312
3409918556;3410034676
3410151140;3410267628
3410384108;3410500596
3410617060;3410733548
3410850028;3410966516
3411082980;3411199468
3411315948;3411432436
3411548900;3411665388
3411781868;3411898356
3412014820;3412131308
3412247788;3412364276
3412480740;3412597228
3412713708;3412830196
3412946660;3413063148
3413179628;3413296471
3413412866;3413529282
3413645678;3413762094
3413878490;3413994906
3414111318;3414227734
3414344130;3414460546
3414576942;3414693358
3414809754;3414926170
3415042582;3415158998
3415275394;3415391812
3415508208;3415624628
3415741024;3415857444
3415973840;3416090260
3416206656;3416323076
3416439472;3416555892
3416672288;3416788708
3416905104;3417021524
3417137920;3417254340
3417370736;3417487156
3417603552;3417719972
3417836368;3417952788
3418069184;3418185604
3418302000;3418418420
3418534816;3418651236
3418767632;3418884052
3419000448;3419116868
3419233264;3419349684
3419466080;3419582500
3419698896;3419815316
3419931712;3420048132
3420164528;3420280948
3420397344;3420513764
3420630160;3420746580
3420862976;3420979396
3421095792;3421212212
3421328608;3421445028
3421561424;3421677844
3421794240;3421910660
3422027056;3422143476
3422259872;3422376292
3422492688;3422609108
3422725504;3422841924
3422958320;3423074740
3423191136;3423307556
3423423952;3423540372
3423656768;3423773188
3423889584;3424006004
3424122400;3424238820
3424355216;3424471636
3424588032;3424704452
3424820848;3424937268
3425053664;3425170084
3425286480;3425402900
3425519296;3425635716
3425752112;3425868532
3425984928;3426101348
3426217744;3426334164
3426450560;3426566980
3426683208;3426799328
3426915808;3427032296
3427148760;3427265248
3427381728;3427498216
3427614680;3427731168
3427847648;3427964136
3428080600;3428197088
3428313568;3428430056
3428546520;3428663008
3428779488;3428895976
3429012440;3429128928
3429245408;3429361896
3429478360;3429594848
3429711328;3429827816
3429944280;3430061139
3430177518;3430293934
3430410346;3430526762
3430643158;3430759574
3430875970;3430992386
3431108782;3431225198
3431341610;3431458026
3431574422;3431690838
3431807234;3431923650
3432040046;3432156464
3432272876;3432389280
3432505692;3432622096
3432738508;3432854912
3432971324;3433087728
3433204140;3433320544
3433436956;3433553360
3433669772;3433786176
3433902588;3434018992
3434135404;3434251808
3434368220;3434484624
3434601036;3434717440
3434833852;3434950256
3435066668;3435183072
3435299484;3435415888
3435532300;3435648704
3435765116;3435881520
3435997932;3436114336
3436230748;3436347152
3436463564;3436579968
3436696380;3436812784
3436929196;3437045600
3437162012;3437278416
3437394828;3437511232
3437627644;3437744048
3437860460;3437976864
3438093276;3438209680
3438326092;3438442496
3438558908;3438675312
3438791724;3438908128
3439024540;3439140944
3439257356;3439373760
3439490172;3439606576
3439722988;3439839392
3439955804;3440072208
3440188620;3440305024
3440421436;3440537840
3440654252;3440770656
3440887068;3441003472
3441119884;3441236288
3441352700;3441469104
3441585516;3441701920
3441818332;3441934736
3442051148;3442167552
3442283964;3442400368
3442516780;3442633184
3442749596;3442866000
3442982412;3443098816
3443215228;3443331632
3443448044;3443564280
3443680392;3443796880
3443913344;3444029832
3444146312;3444262800
3444379264;3444495752
3444612232;3444728720
3444845184;3444961672
3445078152;3445194640
3445311104;3445427592
3445544072;3445660560
3445777024;3445893512
3446009992;3446126480
3446242944;3446359432
3446475912;3446592400
3446708864;3446825352
3446942203;3447058606
3447175002;3447291418
3447407814;3447524230
3447640626;3447757042
3447873454;3447989870
3448106266;3448222682
3448339078;3448455494
3448571890;3448688306
3448804718;3448921134
3449037532;3449153952
3449270348;3449386768
3449503164;3449619584
3449735980;3449852400
3449968796;3450085216
3450201612;3450318032
3450434428;3450550848
3450667244;3450783664
3450900060;3451016480
3451132876;3451249296
3451365692;3451482112
3451598508;3451714928
3451831324;3451947744
3452064140;3452180560
3452296956;3452413376
3452529772;3452646192
3452762588;3452879008
3452995404;3453111824
3453228220;3453344640
3453461036;3453577456
3453693852;3453810272
3453926668;3454043088
3454159484;3454275904
3454392300;3454508720
3454625116;3454741536
3454857932;3454974352
3455090748;3455207168
3455323564;3455439984
3455556380;3455672800
3455789196;3455905616
3456022012;3456138432
3456254828;3456371248
3456487644;3456604064
3456720460;3456836880
3456953276;3457069696
3457186092;3457302512
3457418908;3457535328
3457651724;3457768144
3457884540;3458000960
3458117356;3458233776
3458350172;3458466592
3458582988;3458699408
3458815804;3458932224
3459048620;3459165040
3459281436;3459397856
3459514252;3459630672
3459747068;3459863488
3459979884;3460096304
3460212700;3460328952
3460445048;3460561536
3460678016;3460794504
3460910968;3461027456
3461143936;3461260424
3461376888;3461493376
3461609856;3461726344
3461842808;3461959296
3462075776;3462192264
3462308728;3462425216
3462541696;3462658184
3462774648;3462891136
3463007616;3463124104
3463240568;3463357056
3463473536;3463590024
3463706855;3463823258
3463939654;3464056070
3464172482;3464288898
3464405294;3464521710
3464638106;3464754522
3464870918;3464987334
3465103746;3465220162
3465336558;3465452974
3465569370;3465685786
3465802184;3465918604
3466035000;3466151420
3466267816;3466384236
3466500632;3466617052
3466733448;3466849868
3466966264;3467082684
3467199080;3467315500
3467431896;3467548316
3467664712;3467781132
3467897528;3468013948
3468130344;3468246764
3468363160;3468479580
3468595976;3468712396
3468828792;3468945212
3469061608;3469178028
3469294424;3469410844
3469527240;3469643660
3469760056;3469876476
3469992872;3470109292
3470225688;3470342108
3470458504;3470574924
3470691320;3470807740
3470924136;3471040556
3471156952;3471273372
3471389768;3471506188
3471622584;3471739004
3471855400;3471971820
3472088216;3472204636
3472321032;3472437452
3472553848;3472670268
3472786664;3472903084
3473019480;3473135900
3473252296;3473368716
3473485112;3473601532
3473717928;3473834348
3473950744;3474067164
3474183560;3474299980
3474416376;3474532796
3474649192;3474765612
3474882008;3474998428
3475114824;3475231244
3475347640;3475464060
3475580456;3475696876
3475813272;3475929692
3476046088;3476162508
3476278904;3476395324
3476511720;3476628140
3476744536;3476860956
3476977352;3477093772
3477210000;3477326120
3477442600;3477559088
3477675552;3477792040
3477908520;3478025008
3478141472;3478257960
3478374440;3478490928
3478607392;3478723880
3478840360;3478956848
3479073312;3479189800
3479306280;3479422768
3479539232;3479655720
3479772200;3479888688
3480005152;3480121640
3480238120;3480354608
3480471470;3480587852
3480704246;3480820662
3480937058;3481053474
3481169886;3481286302
3481402698;3481519114
3481635510;3481751926
3481868322;3481984738
3482101150;3482217566
3482333962;3482450378
3482566776;3482683196
3482799592;3482916012
3483032408;3483148828
3483265224;3483381644
3483498040;3483614460
3483730856;3483847276
3483963672;3484080092
3484196488;3484312908
3484429304;3484545724
3484662120;3484778540
3484894936;3485011356
3485127752;3485244172
3485360568;3485476988
3485593384;3485709804
3485826200;3485942620
3486059016;3486175436
3486291832;3486408252
3486524648;3486641068
3486757464;3486873884
3486990280;3487106700
3487223096;3487339516
3487455912;3487572332
3487688728;3487805148
3487921544;3488037964
3488154360;3488270780
3488387176;3488503596
3488619992;3488736412
3488852808;3488969228
3489085624;3489202044
3489318440;3489434860
3489551256;3489667676
3489784072;3489900492
3490016888;3490133308
3490249704;3490366124
3490482520;3490598940
3490715336;3490831756
3490948152;3491064572
3491180968;3491297388
3491413784;3491530204
3491646600;3491763020
3491879416;3491995836
3492112232;3492228652
3492345048;3492461468
3492577864;3492694284
3492810680;3492927100
3493043496;3493159916
3493276312;3493392732
3493509128;3493625548
3493741944;3493858364
3493974592;3494090712
3494207192;3494323680
3494440144;3494556632
3494673112;3494789600
3494906064;3495022552
3495139032;3495255520
3495371984;3495488472
3495604952;3495721440
3495837904;3495954392
3496070872;3496187360
3496303824;3496420312
3496536792;3496653280
3496769744;3496886232
3497002712;3497119200
3497235664;3497352523
3497468902;3497585318
3497701730;3497818146
3497934542;3498050958
3498167354;3498283770
3498400166;3498516582
3498632994;3498749410
3498865806;3498982222
3499098618;3499215034
3499331430;3499447848
3499564260;3499680664
3499797076;3499913480
3500029892;3500146296
3500262708;3500379112
3500495524;3500611928
3500728340;3500844744
3500961156;3501077560
3501193972;3501310376
3501426788;3501543192
3501659604;3501776008
3501892420;3502008824
3502125236;3502241640
3502358052;3502474456
3502590868;3502707272
3502823684;3502940088
3503056500;3503172904
3503289316;3503405720
3503522132;3503638536
3503754948;3503871352
3503987764;3504104168
3504220580;3504336984
3504453396;3504569800
3504686212;3504802616
3504919028;3505035432
3505151844;3505268248
3505384660;3505501064
3505617476;3505733880
3505850292;3505966696
3506083108;3506199512
3506315924;3506432328
3506548740;3506665144
3506781556;3506897960
3507014372;3507130776
3507247188;3507363592
3507480004;3507596408
3507712820;3507829224
3507945636;3508062040
3508178452;3508294856
3508411268;3508527672
3508644084;3508760488
3508876900;3508993304
3509109716;3509226120
3509342532;3509458936
3509575348;3509691752
3509808164;3509924568
3510040980;3510157384
3510273796;3510390200
3510506612;3510623016
3510739260;3510855380
3510971844;3511088332
3511204812;3511321300
3511437764;3511554252
3511670732;3511787220
3511903684;3512020172
3512136652;3512253140
3512369604;3512486092
3512602572;3512719060
3512835524;3512952012
3513068492;3513184980
3513301444;3513417932
3513534412;3513650900
3513767364;3513883852
3514000332;3514117175
3514233570;3514349986
3514466382;3514582798
3514699194;3514815610
3514932022;3515048438
3515164834;3515281250
3515397646;3515514062
3515630458;3515746874
3515863286;3515979702
3516096098;3516212516
3516328912;3516445332
3516561728;3516678148
3516794544;3516910964
3517027360;3517143780
3517260176;3517376596
3517492992;3517609412
3517725808;3517842228
3517958624;3518075044
3518191440;3518307860
3518424256;3518540676
3518657072;3518773492
3518889888;3519006308
3519122704;3519239124
3519355520;3519471940
3519588336;3519704756
3519821152;3519937572
3520053968;3520170388
3520286784;3520403204
3520519600;3520636020
3520752416;3520868836
3520985232;3521101652
3521218048;3521334468
3521450864;3521567284
3521683680;3521800100
3521916496;3522032916
3522149312;3522265732
3522382128;3522498548
3522614944;3522731364
3522847760;3522964180
3523080576;3523196996
3523313392;3523429812
3523546208;3523662628
3523779024;3523895444
3524011840;3524128260
3524244656;3524361076
3524477472;3524593892
3524710288;3524826708
3524943104;3525059524
3525175920;3525292340
3525408736;3525525156
3525641552;3525757972
3525874368;3525990788
3526107184;3526223604
3526340000;3526456420
3526572816;3526689236
3526805632;3526922052
3527038448;3527154868
3527271264;3527387684
3527504080;3527620332
3527736428;3527852916
3527969396;3528085884
3528202348;3528318836
3528435316;3528551804
3528668268;3528784756
3528901236;3529017724
3529134188;3529250676
3529367156;3529483644
3529600108;3529716596
3529833076;3529949564
3530066028;3530182516
3530298996;3530415484
3530531948;3530648436
3530764916;3530881404
3530998239;3531114642
3531231038;3531347454
3531463866;3531580282
3531696678;3531813094
3531929490;3532045906
3532162302;3532278718
3532395130;3532511546
3532627942;3532744358
3532860754;3532977170
3533093568;3533209988
3533326384;3533442804
3533559200;3533675620
3533792016;3533908436
3534024832;3534141252
3534257648;3534374068
3534490464;3534606884
3534723280;3534839700
3534956096;3535072516
3535188912;3535305332
3535421728;3535538148
3535654544;3535770964
3535887360;3536003780
3536120176;3536236596
3536352992;3536469412
3536585808;3536702228
3536818624;3536935044
3537051440;3537167860
3537284256;3537400676
3537517072;3537633492
3537749888;3537866308
3537982704;3538099124
3538215520;3538331940
3538448336;3538564756
3538681152;3538797572
3538913968;3539030388
3539146784;3539263204
3539379600;3539496020
3539612416;3539728836
3539845232;3539961652
3540078048;3540194468
3540310864;3540427284
3540543680;3540660100
3540776496;3540892916
3541009312;3541125732
3541242128;3541358548
3541474944;3541591364
3541707760;3541824180
3541940576;3542056996
3542173392;3542289812
3542406208;3542522628
3542639024;3542755444
3542871840;3542988260
3543104656;3543221076
3543337472;3543453892
3543570288;3543686708
3543803104;3543919524
3544035920;3544152340
3544268736;3544384988
3544501100;3544617588
3544734052;3544850540
3544967020;3545083508
3545199972;3545316460
3545432940;3545549428
3545665892;3545782380
3545898860;3546015348
3546131812;3546248300
3546364780;3546481268
3546597732;3546714220
3546830700;3546947188
3547063652;3547180140
3547296620;3547413108
3547529572;3547646060
3547762895;3547879298
3547995710;3548112126
3548228522;3548344938
3548461334;3548577750
3548694146;3548810562
3548926974;3549043390
3549159786;3549276202
3549392598;3549509014
3549625410;3549741826
3549858240;3549974644
3550091056;3550207460
3550323872;3550440276
3550556688;3550673092
3550789504;3550905908
3551022320;3551138724
3551255136;3551371540
3551487952;3551604356
3551720768;3551837172
3551953584;3552069988
3552186400;3552302804
3552419216;3552535620
3552652032;3552768436
3552884848;3553001252
3553117664;3553234068
3553350480;3553466884
3553583296;3553699700
3553816112;3553932516
3554048928;3554165332
3554281744;3554398148
3554514560;3554630964
3554747376;3554863780
3554980192;3555096596
3555213008;3555329412
3555445824;3555562228
3555678640;3555795044
3555911456;3556027860
3556144272;3556260676
3556377088;3556493492
3556609904;3556726308
3556842720;3556959124
3557075536;3557191940
3557308352;3557424756
3557541168;3557657572
3557773984;3557890388
3558006800;3558123204
3558239616;3558356020
3558472432;3558588836
3558705248;3558821652
3558938064;3559054468
3559170880;3559287284
3559403696;3559520100
3559636512;3559752916
3559869328;3559985732
3560102144;3560218548
3560334960;3560451364
3560567776;3560684180
3560800592;3560916996
3561033408;3561149812
3561266056;3561382176
3561498640;3561615128
3561731608;3561848096
3561964560;3562081048
3562197528;3562314016
3562430480;3562546968
3562663448;3562779936
3562896400;3563012888
3563129368;3563245856
3563362320;3563478808
3563595288;3563711776
3563828240;3563944728
3564061208;3564177696
3564294160;3564410648
3564527514;3564643896
3564760290;3564876706
3564993102;3565109518
3565225930;3565342346
3565458742;3565575158
3565691554;3565807970
3565924366;3566040782
3566157194;3566273610
3566390006;3566506422
3566622820;3566739240
3566855636;3566972056
3567088452;3567204872
3567321268;3567437688
3567554084;3567670504
3567786900;3567903320
3568019716;3568136136
3568252532;3568368952
3568485348;3568601768
3568718164;3568834584
3568950980;3569067400
3569183796;3569300216
3569416612;3569533032
3569649428;3569765848
3569882244;3569998664
3570115060;3570231480
3570347876;3570464296
3570580692;3570697112
3570813508;3570929928
3571046324;3571162744
3571279140;3571395560
3571511956;3571628376
3571744772;3571861192
3571977588;3572094008
3572210404;3572326824
3572443220;3572559640
3572676036;3572792456
3572908852;3573025272
3573141668;3573258088
3573374484;3573490904
3573607300;3573723720
3573840116;3573956536
3574072932;3574189352
3574305748;3574422168
3574538564;3574654984
3574771380;3574887800
3575004196;3575120616
3575237012;3575353432
3575469828;3575586248
3575702644;3575819064
3575935460;3576051880
3576168276;3576284696
3576401092;3576517512
3576633908;3576750328
3576866724;3576983144
3577099540;3577215960
3577332356;3577448776
3577565172;3577681592
3577797988;3577914408
3578030636;3578146756
3578263236;3578379724
3578496188;3578612676
3578729156;3578845644
3578962108;3579078596
3579195076;3579311564
3579428028;3579544516
3579660996;3579777484
3579893948;3580010436
3580126916;3580243404
3580359868;3580476356
3580592836;3580709324
3580825788;3580942276
3581058756;3581175244
3581291708;3581408567
3581524946;3581641362
3581757774;3581874190
3581990586;3582107002
3582223398;3582339814
3582456210;3582572626
3582689038;3582805454
3582921850;3583038266
3583154662;3583271078
3583387474;3583503892
3583620304;3583736708
3583853120;3583969524
3584085936;3584202340
3584318752;3584435156
3584551568;3584667972
3584784384;3584900788
3585017200;3585133604
3585250016;3585366420
3585482832;3585599236
3585715648;3585832052
3585948464;3586064868
3586181280;3586297684
3586414096;3586530500
3586646912;3586763316
3586879728;3586996132
3587112544;3587228948
3587345360;3587461764
3587578176;3587694580
3587810992;3587927396
3588043808;3588160212
3588276624;3588393028
3588509440;3588625844
3588742256;3588858660
3588975072;3589091476
3589207888;3589324292
3589440704;3589557108
3589673520;3589789924
3589906336;3590022740
3590139152;3590255556
3590371968;3590488372
3590604784;3590721188
3590837600;3590954004
3591070416;3591186820
3591303232;3591419636
3591536048;3591652452
3591768864;3591885268
3592001680;3592118084
3592234496;3592350900
3592467312;3592583716
3592700128;3592816532
3592932944;3593049348
3593165760;3593282164
3593398576;3593514980
3593631392;3593747796
3593864208;3593980612
3594097024;3594213428
3594329840;3594446244
3594562656;3594679060
3594795304;3594911424
3595027888;3595144376
3595260856;3595377344
3595493808;3595610296
3595726776;3595843264
3595959728;3596076216
3596192696;3596309184
3596425648;3596542136
3596658616;3596775104
3596891568;3597008056
3597124536;3597241024
3597357488;3597473976
3597590456;3597706944
3597823408;3597939896
3598056376;3598173231
3598289610;3598406026
3598522422;3598638838
3598755250;3598871666
3598988062;3599104478
3599220874;3599337290
3599453686;3599570102
3599686514;3599802930
3599919326;3600035742
3600152138;3600268556
3600384952;3600501372
3600617768;3600734188
3600850584;3600967004
3601083400;3601199820
3601316216;3601432636
3601549032;3601665452
3601781848;3601898268
3602014664;3602131084
3602247480;3602363900
3602480296;3602596716
3602713112;3602829532
3602945928;3603062348
3603178744;3603295164
3603411560;3603527980
3603644376;3603760796
3603877192;3603993612
3604110008;3604226428
3604342824;3604459244
3604575640;3604692060
3604808456;3604924876
3605041272;3605157692
3605274088;3605390508
3605506904;3605623324
3605739720;3605856140
3605972536;3606088956
3606205352;3606321772
3606438168;3606554588
3606670984;3606787404
3606903800;3607020220
3607136616;3607253036
3607369432;3607485852
3607602248;3607718668
3607835064;3607951484
3608067880;3608184300
3608300696;3608417116
3608533512;3608649932
3608766328;3608882748
3608999144;3609115564
3609231960;3609348380
3609464776;3609581196
3609697592;3609814012
3609930408;3610046828
3610163224;3610279644
3610396040;3610512460
3610628856;3610745276
3610861672;3610978092
3611094488;3611210908
3611327304;3611443724
3611560120;3611676372
3611792484;3611908972
3612025436;3612141924
3612258404;3612374892
3612491356;3612607844
3612724324;3612840812
3612957276;3613073764
3613190244;3613306732
3613423196;3613539684
3613656164;3613772652
3613889116;3614005604
3614122084;3614238572
3614355036;3614471524
3614588004;3614704492
3614820956;3614937444
3615054283;3615170686
3615287082;3615403498
3615519910;3615636326
3615752722;3615869138
3615985534;3616101950
3616218346;3616334762
3616451174;3616567590
3616683986;3616800402
3616916798;3617033214
3617149612;3617266032
3617382428;3617498848
3617615244;3617731664
3617848060;3617964480
3618080876;3618197296
3618313692;3618430112
3618546508;3618662928
3618779324;3618895744
3619012140;3619128560
3619244956;3619361376
3619477772;3619594192
3619710588;3619827008
3619943404;3620059824
3620176220;3620292640
3620409036;3620525456
3620641852;3620758272
3620874668;3620991088
3621107484;3621223904
3621340300;3621456720
3621573116;3621689536
3621805932;3621922352
3622038748;3622155168
3622271564;3622387984
3622504380;3622620800
3622737196;3622853616
3622970012;3623086432
3623202828;3623319248
3623435644;3623552064
3623668460;3623784880
3623901276;3624017696
3624134092;3624250512
3624366908;3624483328
3624599724;3624716144
3624832540;3624948960
3625065356;3625181776
3625298172;3625414592
3625530988;3625647408
3625763804;3625880224
3625996620;3626113040
3626229436;3626345856
3626462252;3626578672
3626695068;3626811488
3626927884;3627044304
3627160700;3627277120
3627393516;3627509936
3627626332;3627742752
3627859148;3627975568
3628091964;3628208384
3628324780;3628441032
3628557144;3628673632
3628790096;3628906584
3629023064;3629139552
3629256016;3629372504
3629488984;3629605472
3629721936;3629838424
3629954904;3630071392
3630187856;3630304344
3630420824;3630537312
3630653776;3630770264
3630886744;3631003232
3631119696;3631236184
3631352664;3631469152
3631585616;3631702104
3631818939;3631935342
3632051754;3632168170
3632284566;3632400982
3632517378;3632633794
3632750190;3632866606
3632983018;3633099434
3633215830;3633332246
3633448642;3633565058
3633681454;3633797870
3633914284;3634030688
3634147100;3634263504
3634379916;3634496320
3634612732;3634729136
3634845548;3634961952
3635078364;3635194768
3635311180;3635427584
3635543996;3635660400
3635776812;3635893216
3636009628;3636126032
3636242444;3636358848
3636475260;3636591664
3636708076;3636824480
3636940892;3637057296
3637173708;3637290112
3637406524;3637522928
3637639340;3637755744
3637872156;3637988560
3638104972;3638221376
3638337788;3638454192
3638570604;3638687008
3638803420;3638919824
3639036236;3639152640
3639269052;3639385456
3639501868;3639618272
3639734684;3639851088
3639967500;3640083904
3640200316;3640316720
3640433132;3640549536
3640665948;3640782352
3640898764;3641015168
3641131580;3641247984
3641364396;3641480800
3641597212;3641713616
3641830028;3641946432
3642062844;3642179248
3642295660;3642412064
3642528476;3642644880
3642761292;3642877696
3642994108;3643110512
3643226924;3643343328
3643459740;3643576144
3643692556;3643808960
3643925372;3644041776
3644158188;3644274592
3644391004;3644507408
3644623820;3644740224
3644856636;3644973040
3645089452;3645205688
3645321800;3645438288
3645554752;3645671240
3645787720;3645904208
3646020672;3646137160
3646253640;3646370128
3646486592;3646603080
3646719560;3646836048
3646952512;3647069000
3647185480;3647301968
3647418432;3647534920
3647651400;3647767888
3647884352;3648000840
3648117320;3648233808
3648350272;3648466760
3648583611;3648700014
3648816410;3648932826
3649049222;3649165638
3649282034;3649398450
3649514862;3649631278
3649747674;3649864090
3649980486;3650096902
3650213298;3650329714
3650446126;3650562542
3650678940;3650795360
3650911756;3651028176
3651144572;3651260992
3651377388;3651493808
3651610204;3651726624
3651843020;3651959440
3652075836;3652192256
3652308652;3652425072
3652541468;3652657888
3652774284;3652890704
3653007100;3653123520
3653239916;3653356336
3653472732;3653589152
3653705548;3653821968
3653938364;3654054784
3654171180;3654287600
3654403996;3654520416
3654636812;3654753232
3654869628;3654986048
3655102444;3655218864
3655335260;3655451680
3655568076;3655684496
3655800892;3655917312
3656033708;3656150128
3656266524;3656382944
3656499340;3656615760
3656732156;3656848576
3656964972;3657081392
3657197788;3657314208
3657430604;3657547024
3657663420;3657779840
3657896236;3658012656
3658129052;3658245472
3658361868;3658478288
3658594684;3658711104
3658827500;3658943920
3659060316;3659176736
3659293132;3659409552
3659525948;3659642368
3659758764;3659875184
3659991580;3660108000
3660224396;3660340816
3660457212;3660573632
3660690028;3660806448
3660922844;3661039264
3661155660;3661272080
3661388476;3661504896
3661621292;3661737712
3661854108;3661970528
3662086756;3662202876
3662319340;3662435828
3662552308;3662668796
3662785260;3662901748
3663018228;3663134716
3663251180;3663367668
3663484148;3663600636
3663717100;3663833588
3663950068;3664066556
3664183020;3664299508
3664415988;3664532476
3664648940;3664765428
3664881908;3664998396
3665114860;3665231348
3665347828;3665464687
3665581066;3665697482
3665813878;3665930294
3666046706;3666163122
3666279518;3666395934
3666512330;3666628746
3666745142;3666861558
3666977970;3667094386
3667210782;3667327198
3667443594;3667560012
3667676408;3667792828
3667909224;3668025644
3668142040;3668258460
3668374856;3668491276
3668607672;3668724092
3668840488;3668956908
3669073304;3669189724
3669306120;3669422540
3669538936;3669655356
3669771752;3669888172
3670004568;3670120988
3670237384;3670353804
3670470200;3670586620
3670703016;3670819436
3670935832;3671052252
3671168648;3671285068
3671401464;3671517884
3671634280;3671750700
3671867096;3671983516
3672099912;3672216332
3672332728;3672449148
3672565544;3672681964
3672798360;3672914780
3673031176;3673147596
3673263992;3673380412
3673496808;3673613228
3673729624;3673846044
3673962440;3674078860
3674195256;3674311676
3674428072;3674544492
3674660888;3674777308
3674893704;3675010124
3675126520;3675242940
3675359336;3675475756
3675592152;3675708572
3675824968;3675941388
3676057784;3676174204
3676290600;3676407020
3676523416;3676639836
3676756232;3676872652
3676989048;3677105468
3677221864;3677338284
3677454680;3677571100
3677687496;3677803916
3677920312;3678036732
3678153128;3678269548
3678385944;3678502364
3678618760;3678735180
3678851408;3678967528
3679084008;3679200496
3679316960;3679433448
3679549928;3679666416
3679782880;3679899368
3680015848;3680132336
3680248800;3680365288
3680481768;3680598256
3680714720;3680831208
3680947688;3681064176
3681180640;3681297128
3681413608;3681530096
3681646560;3681763048
3681879528;3681996016
3682112480;3682229339
3682345734;3682462150
3682578546;3682694962
3682811358;3682927774
3683044170;3683160586
3683276998;3683393414
3683509810;3683626226
3683742622;3683859038
3683975434;3684091850
3684208262;3684324680
3684441076;3684557496
3684673892;3684790312
3684906708;3685023128
3685139524;3685255944
3685372340;3685488760
3685605156;3685721576
3685837972;3685954392
3686070788;3686187208
3686303604;3686420024
3686536420;3686652840
3686769236;3686885656
3687002052;3687118472
3687234868;3687351288
3687467684;3687584104
3687700500;3687816920
3687933316;3688049736
3688166132;3688282552
3688398948;3688515368
3688631764;3688748184
3688864580;3688981000
3689097396;3689213816
3689330212;3689446632
3689563028;3689679448
3689795844;3689912264
3690028660;3690145080
3690261476;3690377896
3690494292;3690610712
3690727108;3690843528
3690959924;3691076344
3691192740;3691309160
3691425556;3691541976
3691658372;3691774792
3691891188;3692007608
3692124004;3692240424
3692356820;3692473240
3692589636;3692706056
3692822452;3692938872
3693055268;3693171688
3693288084;3693404504
3693520900;3693637320
3693753716;3693870136
3693986532;3694102952
3694219348;3694335768
3694452164;3694568584
3694684980;3694801400
3694917796;3695034216
3695150612;3695267032
3695383428;3695499848
3695616244;3695732496
3695848592;3695965080
3696081560;3696198048
3696314512;3696431000
3696547480;3696663968
3696780432;3696896920
3697013400;3697129888
3697246352;3697362840
3697479320;3697595808
3697712272;3697828760
3697945240;3698061728
3698178192;3698294680
3698411160;3698527648
3698644112;3698760600
3698877080;3698997006
3699110312;3699226730
3699343126;3699459542
3699575954;3699692370
3699808766;3699925182
3700041578;3700157994
3700274390;3700390806
3700507218;3700623634
3700740030;3700856446
3700972842;3701089260
3701205656;3701322076
3701438472;3701554892
3701671288;3701787708
3701904104;3702020524
3702136920;3702253340
3702369736;3702486156
3702602552;3702718972
3702835368;3702951788
3703068184;3703184604
3703301000;3703417420
3703533816;3703650236
3703766632;3703883052
3703999448;3704115868
3704232264;3704348684
3704465080;3704581500
3704697896;3704814316
3704930712;3705047132
3705163528;3705279948
3705396344;3705512764
3705629160;3705745580
3705861976;3705978396
3706094792;3706211212
3706327608;3706444028
3706560424;3706676844
3706793240;3706909660
3707026056;3707142476
3707258872;3707375292
3707491688;3707608108
3707724504;3707840924
3707957320;3708073740
3708190136;3708306556
3708422952;3708539372
3708655768;3708772188
3708888584;3709005004
3709121400;3709237820
3709354216;3709470636
3709587032;3709703452
3709819848;3709936268
3710052664;3710169084
3710285480;3710401900
3710518296;3710634716
3710751112;3710867532
3710983928;3711100348
3711216744;3711333164
3711449560;3711565980
3711682376;3711798796
3711915192;3712031612
3712148008;3712264428
3712380824;3712497076
3712613188;3712729676
3712846140;3712962628
3713079108;3713195596
3713312060;3713428548
3713545028;3713661516
3713777980;3713894468
3714010948;3714127436
3714243900;3714360388
3714476868;3714593356
3714709820;3714826308
3714942788;3715059276
3715175740;3715292228
3715408708;3715525196
3715641660;3715758148
3715874983;3715991386
3716107798;3716224214
3716340610;3716457026
3716573422;3716689838
3716806234;3716922650
3717039062;3717155478
3717271874;3717388290
3717504686;3717621102
3717737498;3717853914
3717970328;3718086732
3718203144;3718319548
3718435960;3718552364
3718668776;3718785180
3718901592;3719017996
3719134408;3719250812
3719367224;3719483628
3719600040;3719716444
3719832856;3719949260
3720065672;3720182076
3720298488;3720414892
3720531304;3720647708
3720764120;3720880524
3720996936;3721113340
3721229752;3721346156
3721462568;3721578972
3721695384;3721811788
3721928200;3722044604
3722161016;3722277420
3722393832;3722510236
3722626648;3722743052
3722859464;3722975868
3723092280;3723208684
3723325096;3723441500
3723557912;3723674316
3723790728;3723907132
3724023544;3724139948
3724256360;3724372764
3724489176;3724605580
3724721992;3724838396
3724954808;3725071212
3725187624;3725304028
3725420440;3725536844
3725653256;3725769660
3725886072;3726002476
3726118888;3726235292
3726351704;3726468108
3726584520;3726700924
3726817336;3726933740
3727050152;3727166556
3727282968;3727399372
3727515784;3727632188
3727748600;3727865004
3727981416;3728097820
3728214232;3728330636
3728447048;3728563452
3728679864;3728796268
3728912680;3729029084
3729145496;3729261732
3729377844;3729494332
3729610796;3729727284
3729843764;3729960252
3730076716;3730193204
3730309684;3730426172
3730542636;3730659124
3730775604;3730892092
3731008556;3731125044
3731241524;3731358012
3731474476;3731590964
3731707444;3731823932
3731940396;3732056884
3732173364;3732289852
3732406316;3732522804
3732639651;3732756054
3732872450;3732988866
3733105262;3733221678
3733338090;3733454506
3733570902;3733687318
3733803714;3733920130
3734036526;3734152942
3734269354;3734385770
3734502166;3734618582
3734734980;3734851400
3734967796;3735084216
3735200612;3735317032
3735433428;3735549848
3735666244;3735782664
3735899060;3736015480
3736131876;3736248296
3736364692;3736481112
3736597508;3736713928
3736830324;3736946744
3737063140;3737179560
3737295956;3737412376
3737528772;3737645192
3737761588;3737878008
3737994404;3738110824
3738227220;3738343640
3738460036;3738576456
3738692852;3738809272
3738925668;3739042088
3739158484;3739274904
3739391300;3739507720
3739624116;3739740536
3739856932;3739973352
3740089748;3740206168
3740322564;3740438984
3740555380;3740671800
3740788196;3740904616
3741021012;3741137432
3741253828;3741370248
3741486644;3741603064
3741719460;3741835880
3741952276;3742068696
3742185092;3742301512
3742417908;3742534328
3742650724;3742767144
3742883540;3742999960
3743116356;3743232776
3743349172;3743465592
3743581988;3743698408
3743814804;3743931224
3744047620;3744164040
3744280436;3744396856
3744513252;3744629672
3744746068;3744862488
3744978884;3745095304
3745211700;3745328120
3745444516;3745560936
3745677332;3745793752
3745910148;3746026568
3746142796;3746258916
3746375396;3746491884
3746608348;3746724836
3746841316;3746957804
3747074268;3747190756
3747307236;3747423724
3747540188;3747656676
3747773156;3747889644
3748006108;3748122596
3748239076;3748355564
3748472028;3748588516
3748704996;3748821484
3748937948;3749054436
3749170916;3749287404
3749403868;3749520731
3749637110;3749753526
3749869922;3749986338
3750102750;3750219166
3750335562;3750451978
3750568374;3750684790
3750801186;3750917602
3751034014;3751150430
3751266826;3751383242
3751499638;3751616056
3751732452;3751848872
3751965268;3752081688
3752198084;3752314504
3752430900;3752547320
3752663716;3752780136
3752896532;3753012952
3753129348;3753245768
3753362164;3753478584
3753594980;3753711400
3753827796;3753944216
3754060612;3754177032
3754293428;3754409848
3754526244;3754642664
3754759060;3754875480
3754991876;3755108296
3755224692;3755341112
3755457508;3755573928
3755690324;3755806744
3755923140;3756039560
3756155956;3756272376
3756388772;3756505192
3756621588;3756738008
3756854404;3756970824
3757087220;3757203640
3757320036;3757436456
3757552852;3757669272
3757785668;3757902088
3758018484;3758134904
3758251300;3758367720
3758484116;3758600536
3758716932;3758833352
3758949748;3759066168
3759182564;3759298984
3759415380;3759531800
3759648196;3759764616
3759881012;3759997432
3760113828;3760230248
3760346644;3760463064
3760579460;3760695880
3760812276;3760928696
3761045092;3761161512
3761277908;3761394328
3761510724;3761627144
3761743540;3761859960
3761976356;3762092776
3762209172;3762325592
3762441988;3762558408
3762674804;3762791224
3762907452;3763023572
3763140052;3763256540
3763373004;3763489492
3763605972;3763722460
3763838924;3763955412
3764071892;3764188380
3764304844;3764421332
3764537812;3764654300
3764770764;3764887252
3765003732;3765120220
3765236684;3765353172
3765469652;3765586140
3765702604;3765819092
3765935572;3766052060
3766168524;3766285383
3766401778;3766518194
3766634590;3766751006
3766867402;3766983818
3767100214;3767216630
3767333042;3767449458
3767565854;3767682270
3767798666;3767915082
3768031478;3768147894
3768264306;3768380724
3768497120;3768613540
3768729936;3768846356
3768962752;3769079172
3769195568;3769311988
3769428384;3769544804
3769661200;3769777620
3769894016;3770010436
3770126832;3770243252
3770359648;3770476068
3770592464;3770708884
3770825280;3770941700
3771058096;3771174516
3771290912;3771407332
3771523728;3771640148
3771756544;3771872964
3771989360;3772105780
3772222176;3772338596
3772454992;3772571412
3772687808;3772804228
3772920624;3773037044
3773153440;3773269860
3773386256;3773502676
3773619072;3773735492
3773851888;3773968308
3774084704;3774201124
3774317520;3774433940
3774550336;3774666756
3774783152;3774899572
3775015968;3775132388
3775248784;3775365204
3775481600;3775598020
3775714416;3775830836
3775947232;3776063652
3776180048;3776296468
3776412864;3776529284
3776645680;3776762100
3776878496;3776994916
3777111312;3777227732
3777344128;3777460548
3777576944;3777693364
3777809760;3777926180
3778042576;3778158996
3778275392;3778391812
3778508208;3778624628
3778741024;3778857444
3778973840;3779090260
3779206656;3779323076
3779439472;3779555892
3779672288;3779788540
3779904636;3780021124
3780137604;3780254092
3780370556;3780487044
3780603524;3780720012
3780836476;3780952964
3781069444;3781185932
3781302396;3781418884
3781535364;3781651852
3781768316;3781884804
3782001284;3782117772
3782234236;3782350724
3782467204;3782583692
3782700156;3782816644
3782933124;3783049979
3783166358;3783282774
3783399170;3783515586
3783631998;3783748414
3783864810;3783981226
3784097622;3784214038
3784330434;3784446850
3784563262;3784679678
3784796074;3784912490
3785028886;3785145304
3785261700;3785378120
3785494516;3785610936
3785727332;3785843752
3785960148;3786076568
3786192964;3786309384
3786425780;3786542200
3786658596;3786775016
3786891412;3787007832
3787124228;3787240648
3787357044;3787473464
3787589860;3787706280
3787822676;3787939096
3788055492;3788171912
3788288308;3788404728
3788521124;3788637544
3788753940;3788870360
3788986756;3789103176
3789219572;3789335992
3789452388;3789568808
3789685204;3789801624
3789918020;3790034440
3790150836;3790267256
3790383652;3790500072
3790616468;3790732888
3790849284;3790965704
3791082100;3791198520
3791314916;3791431336
3791547732;3791664152
3791780548;3791896968
3792013364;3792129784
3792246180;3792362600
3792478996;3792595416
3792711812;3792828232
3792944628;3793061048
3793177444;3793293864
3793410260;3793526680
3793643076;3793759496
3793875892;3793992312
3794108708;3794225128
3794341524;3794457944
3794574340;3794690760
3794807156;3794923576
3795039972;3795156392
3795272788;3795389208
3795505604;3795622024
3795738420;3795854840
3795971236;3796087656
3796204052;3796320472
3796436868;3796553120
3796669232;3796785720
3796902184;3797018672
3797135152;3797251640
3797368104;3797484592
3797601072;3797717560
3797834024;3797950512
3798066992;3798183480
3798299944;3798416432
3798532912;3798649400
3798765864;3798882352
3798998832;3799115320
3799231784;3799348272
3799464752;3799581240
3799697704;3799814192
3799931039;3800047442
3800163838;3800280254
3800396650;3800513066
3800629462;3800745878
3800862290;3800978706
3801095102;3801211518
3801327914;3801444330
3801560726;3801677142
3801793554;3801909970
3802026368;3802142788
3802259184;3802375604
3802492000;3802608420
3802724816;3802841236
3802957632;3803074052
3803190448;3803306868
3803423264;3803539684
3803656080;3803772500
3803888896;3804005316
3804121712;3804238132
3804354528;3804470948
3804587344;3804703764
3804820160;3804936580
3805052976;3805169396
3805285792;3805402212
3805518608;3805635028
3805751424;3805867844
3805984240;3806100660
3806217056;3806333476
3806449872;3806566292
3806682688;3806799108
3806915504;3807031924
3807148320;3807264740
3807381136;3807497556
3807613952;3807730372
3807846768;3807963188
3808079584;3808196004
3808312400;3808428820
3808545216;3808661636
3808778032;3808894452
3809010848;3809127268
3809243664;3809360084
3809476480;3809592900
3809709296;3809825716
3809942112;3810058532
3810174928;3810291348
3810407744;3810524164
3810640560;3810756980
3810873376;3810989796
3811106192;3811222612
3811339008;3811455428
3811571824;3811688244
3811804640;3811921060
3812037456;3812153876
3812270272;3812386692
3812503088;3812619508
3812735904;3812852324
3812968720;3813085140
3813201536;3813317788
3813433884;3813550372
3813666852;3813783340
3813899804;3814016292
3814132772;3814249260
3814365724;3814482212
3814598692;3814715180
3814831644;3814948132
3815064612;3815181100
3815297564;3815414052
3815530532;3815647020
3815763484;3815879972
3815996452;3816112940
3816229404;3816345892
3816462372;3816578860
3816695695;3816812098
3816928494;3817044910
3817161306;3817277722
3817394134;3817510550
3817626946;3817743362
3817859758;3817976174
3818092570;3818208986
3818325398;3818441814
3818558210;3818674626
3818791024;3818907444
3819023840;3819140260
3819256656;3819373076
3819489472;3819605892
3819722288;3819838708
3819955104;3820071524
3820187920;3820304340
3820420736;3820537156
3820653552;3820769972
3820886368;3821002788
3821119184;3821235604
3821352000;3821468420
3821584816;3821701236
3821817632;3821934052
3822050448;3822166868
3822283264;3822399684
3822516080;3822632500
3822748896;3822865316
3822981712;3823098132
3823214528;3823330948
3823447344;3823563764
3823680160;3823796580
3823912976;3824029396
3824145792;3824262212
3824378608;3824495028
3824611424;3824727844
3824844240;3824960660
3825077056;3825193476
3825309872;3825426292
3825542688;3825659108
3825775504;3825891924
3826008320;3826124740
3826241136;3826357556
3826473952;3826590372
3826706768;3826823188
3826939584;3827056004
3827172400;3827288820
3827405216;3827521636
3827638032;3827754452
3827870848;3827987268
3828103664;3828220084
3828336480;3828452900
3828569296;3828685716
3828802112;3828918532
3829034928;3829151348
3829267744;3829384164
3829500560;3829616980
3829733376;3829849796
3829966192;3830082612
3830198840;3830314960
3830431440;3830547928
3830664392;3830780880
3830897360;3831013848
3831130312;3831246800
3831363280;3831479768
3831596232;3831712720
3831829200;3831945688
3832062152;3832178640
3832295120;3832411608
3832528072;3832644560
3832761040;3832877528
3832993992;3833110480
3833226960;3833343448
3833464198;3833576676
3833693086;3833809502
3833925898;3834042314
3834158710;3834275126
3834391538;3834507954
3834624350;3834740766
3834857162;3834973578
3835089974;3835206390
3835322802;3835439218
3835555614;3835672032
3835788428;3835904848
3836021244;3836137664
3836254060;3836370480
3836486876;3836603296
3836719692;3836836112
3836952508;3837068928
3837185324;3837301744
3837418140;3837534560
3837650956;3837767376
3837883772;3838000192
3838116588;3838233008
3838349404;3838465824
3838582220;3838698640
3838815036;3838931456
3839047852;3839164272
3839280668;3839397088
3839513484;3839629904
3839746300;3839862720
3839979116;3840095536
3840211932;3840328352
3840444748;3840561168
3840677564;3840793984
3840910380;3841026800
3841143196;3841259616
3841376012;3841492432
3841608828;3841725248
3841841644;3841958064
3842074460;3842190880
3842307276;3842423696
3842540092;3842656512
3842772908;3842889328
3843005724;3843122144
3843238540;3843354960
3843471356;3843587776
3843704172;3843820592
3843936988;3844053408
3844169804;3844286224
3844402620;3844519040
3844635436;3844751856
3844868252;3844984672
3845101068;3845217488
3845333884;3845450304
3845566700;3845683120
3845799516;3845915936
3846032332;3846148752
3846265148;3846381568
3846497964;3846614384
3846730780;3846847200
3846963428;3847079548
3847196028;3847312516
3847428980;3847545468
3847661948;3847778436
3847894900;3848011388
3848127868;3848244356
3848360820;3848477308
3848593788;3848710276
3848826740;3848943228
3849059708;3849176196
3849292660;3849409148
3849525628;3849642116
3849758580;3849875068
3849991548;3850108036
3850224500;3850341351
3850457746;3850574162
3850690558;3850806974
3850923370;3851039786
3851156198;3851272614
3851389010;3851505426
3851621822;3851738238
3851854634;3851971050
3852087462;3852203878
3852320274;3852436692
3852553088;3852669508
3852785904;3852902324
3853018720;3853135140
3853251536;3853367956
3853484352;3853600772
3853717168;3853833588
3853949984;3854066404
3854182800;3854299220
3854415616;3854532036
3854648432;3854764852
3854881248;3854997668
3855114064;3855230484
3855346880;3855463300
3855579696;3855696116
3855812512;3855928932
3856045328;3856161748
3856278144;3856394564
3856510960;3856627380
3856743776;3856860196
3856976592;3857093012
3857209408;3857325828
3857442224;3857558644
3857675040;3857791460
3857907856;3858024276
3858140672;3858257092
3858373488;3858489908
3858606304;3858722724
3858839120;3858955540
3859071936;3859188356
3859304752;3859421172
3859537568;3859653988
3859770384;3859886804
3860003200;3860119620
3860236016;3860352436
3860468832;3860585252
3860701648;3860818068
3860934464;3861050884
3861167280;3861283700
3861400096;3861516516
3861632912;3861749332
3861865728;3861982148
3862098544;3862214964
3862331360;3862447780
3862564176;3862680596
3862796992;3862913412
3863029808;3863146228
3863262624;3863379044
3863495440;3863611860
3863728088;3863844208
3863960688;3864077176
3864193640;3864310128
3864426608;3864543096
3864659560;3864776048
3864892528;3865009016
3865125480;3865241968
3865358448;3865474936
3865591400;3865707888
3865824368;3865940856
3866057320;3866173808
3866290288;3866406776
3866523240;3866639728
3866756208;3866872696
3866989160;3867106019
3867222398;3867338814
3867455226;3867571642
3867688038;3867804454
3867920850;3868037266
3868153662;3868270078
3868386490;3868502906
3868619302;3868735718
3868852114;3868968530
3869084926;3869201344
3869317756;3869434160
3869550572;3869666976
3869783388;3869899792
3870016204;3870132608
3870249020;3870365424
3870481836;3870598240
3870714652;3870831056
3870947468;3871063872
3871180284;3871296688
3871413100;3871529504
3871645916;3871762320
3871878732;3871995136
3872111548;3872227952
3872344364;3872460768
3872577180;3872693584
3872809996;3872926400
3873042812;3873159216
3873275628;3873392032
3873508444;3873624848
3873741260;3873857664
3873974076;3874090480
3874206892;3874323296
3874439708;3874556112
3874672524;3874788928
3874905340;3875021744
3875138156;3875254560
3875370972;3875487376
3875603788;3875720192
3875836604;3875953008
3876069420;3876185824
3876302236;3876418640
3876535052;3876651456
3876767868;3876884272
3877000684;3877117088
3877233500;3877349904
3877466316;3877582720
3877699132;3877815536
3877931948;3878048352
3878164764;3878281168
3878397580;3878513984
3878630396;3878746800
3878863212;3878979616
3879096028;3879212432
3879328844;3879445248
3879561660;3879678064
3879794476;3879910880
3880027292;3880143696
3880260108;3880376512
3880492924;3880609160
3880725272;3880841760
3880958224;3881074712
3881191192;3881307680
3881424144;3881540632
3881657112;3881773600
3881890064;3882006552
3882123032;3882239520
3882355984;3882472472
3882588952;3882705440
3882821904;3882938392
3883054872;3883171360
3883287824;3883404312
3883520792;3883637280
3883753744;3883870232
3883987083;3884103486
3884219882;3884336298
3884452694;3884569110
3884685506;3884801922
3884918334;3885034750
3885151146;3885267562
3885383958;3885500374
3885616770;3885733186
3885849598;3885966014
3886082412;3886198832
3886315228;3886431648
3886548044;3886664464
3886780860;3886897280
3887013676;3887130096
3887246492;3887362912
3887479308;3887595728
3887712124;3887828544
3887944940;3888061360
3888177756;3888294176
3888410572;3888526992
3888643388;3888759808
3888876204;3888992624
3889109020;3889225440
3889341836;3889458256
3889574652;3889691072
3889807468;3889923888
3890040284;3890156704
3890273100;3890389520
3890505916;3890622336
3890738732;3890855152
3890971548;3891087968
3891204364;3891320784
3891437180;3891553600
3891669996;3891786416
3891902812;3892019232
3892135628;3892252048
3892368444;3892484864
3892601260;3892717680
3892834076;3892950496
3893066892;3893183312
3893299708;3893416128
3893532524;3893648944
3893765340;3893881760
3893998156;3894114576
3894230972;3894347392
3894463788;3894580208
3894696604;3894813024
3894929420;3895045840
3895162236;3895278656
3895395052;3895511472
3895627868;3895744288
3895860684;3895977104
3896093500;3896209920
3896326316;3896442736
3896559132;3896675552
3896791948;3896908368
3897024764;3897141184
3897257580;3897373832
3897489928;3897606416
3897722896;3897839384
3897955848;3898072336
3898188816;3898305304
3898421768;3898538256
3898654736;3898771224
3898887688;3899004176
3899120656;3899237144
3899353608;3899470096
3899586576;3899703064
3899819528;3899936016
3900052496;3900168984
3900285448;3900401936
3900518416;3900634904
3900751735;3900868138
3900984534;3901100950
3901217362;3901333778
3901450174;3901566590
3901682986;3901799402
3901915798;3902032214
3902148626;3902265042
3902381438;3902497854
3902614250;3902730666
3902847064;3902963484
3903079880;3903196300
3903312696;3903429116
3903545512;3903661932
3903778328;3903894748
3904011144;3904127564
3904243960;3904360380
3904476776;3904593196
3904709592;3904826012
3904942408;3905058828
3905175224;3905291644
3905408040;3905524460
3905640856;3905757276
3905873672;3905990092
3906106488;3906222908
3906339304;3906455724
3906572120;3906688540
3906804936;3906921356
3907037752;3907154172
3907270568;3907386988
3907503384;3907619804
3907736200;3907852620
3907969016;3908085436
3908201832;3908318252
3908434648;3908551068
3908667464;3908783884
3908900280;3909016700
3909133096;3909249516
3909365912;3909482332
3909598728;3909715148
3909831544;3909947964
3910064360;3910180780
3910297176;3910413596
3910529992;3910646412
3910762808;3910879228
3910995624;3911112044
3911228440;3911344860
3911461256;3911577676
3911694072;3911810492
3911926888;3912043308
3912159704;3912276124
3912392520;3912508940
3912625336;3912741756
3912858152;3912974572
3913090968;3913207388
3913323784;3913440204
3913556600;3913673020
3913789416;3913905836
3914022232;3914138652
3914254880;3914371000
3914487480;3914603968
3914720432;3914836920
3914953400;3915069888
3915186352;3915302840
3915419320;3915535808
3915652272;3915768760
3915885240;3916001728
3916118192;3916234680
3916351160;3916467648
3916584112;3916700600
3916817080;3916933568
3917050032;3917166520
3917283000;3917399488
3917516354;3917632722
3917749134;3917865550
3917981946;3918098362
3918214758;3918331174
3918447570;3918563986
3918680398;3918796814
3918913210;3919029626
3919146022;3919262438
3919378834;3919495250
3919611664;3919728068
3919844480;3919960884
3920077296;3920193700
3920310112;3920426516
3920542928;3920659332
3920775744;3920892148
3921008560;3921124964
3921241376;3921357780
3921474192;3921590596
3921707008;3921823412
3921939824;3922056228
3922172640;3922289044
3922405456;3922521860
3922638272;3922754676
3922871088;3922987492
3923103904;3923220308
3923336720;3923453124
3923569536;3923685940
3923802352;3923918756
3924035168;3924151572
3924267984;3924384388
3924500800;3924617204
3924733616;3924850020
3924966432;3925082836
3925199248;3925315652
3925432064;3925548468
3925664880;3925781284
3925897696;3926014100
3926130512;3926246916
3926363328;3926479732
3926596144;3926712548
3926828960;3926945364
3927061776;3927178180
3927294592;3927410996
3927527408;3927643812
3927760224;3927876628
3927993040;3928109444
3928225856;3928342260
3928458672;3928575076
3928691488;3928807892
3928924304;3929040708
3929157120;3929273524
3929389936;3929506340
3929622752;3929739156
3929855568;3929971972
3930088384;3930204788
3930321200;3930437604
3930554016;3930670420
3930786832;3930903236
3931019480;3931135600
3931252064;3931368552
3931485032;3931601520
3931717984;3931834472
3931950952;3932067440
3932183904;3932300392
3932416872;3932533360
3932649824;3932766312
3932882792;3932999280
3933115744;3933232232
3933348712;3933465200
3933581664;3933698152
3933814632;3933931120
3934047584;3934164072
3934280552;3934397407
3934513786;3934630202
3934746598;3934863014
3934979426;3935095842
3935212238;3935328654
3935445050;3935561466
3935677862;3935794278
3935910690;3936027106
3936143502;3936259918
3936376314;3936492732
3936609128;3936725548
3936841944;3936958364
3937074760;3937191180
3937307576;3937423996
3937540392;3937656812
3937773208;3937889628
3938006024;3938122444
3938238840;3938355260
3938471656;3938588076
3938704472;3938820892
3938937288;3939053708
3939170104;3939286524
3939402920;3939519340
3939635736;3939752156
3939868552;3939984972
3940101368;3940217788
3940334184;3940450604
3940567000;3940683420
3940799816;3940916236
3941032632;3941149052
3941265448;3941381868
3941498264;3941614684
3941731080;3941847500
3941963896;3942080316
3942196712;3942313132
3942429528;3942545948
3942662344;3942778764
3942895160;3943011580
3943127976;3943244396
3943360792;3943477212
3943593608;3943710028
3943826424;3943942844
3944059240;3944175660
3944292056;3944408476
3944524872;3944641292
3944757688;3944874108
3944990504;3945106924
3945223320;3945339740
3945456136;3945572556
3945688952;3945805372
3945921768;3946038188
3946154584;3946271004
3946387400;3946503820
3946620216;3946736636
3946853032;3946969452
3947085848;3947202268
3947318664;3947435084
3947551480;3947667900
3947784128;3947900248
3948016728;3948133216
3948249680;3948366168
3948482648;3948599136
3948715600;3948832088
3948948568;3949065056
3949181520;3949298008
3949414488;3949530976
3949647440;3949763928
3949880408;3949996896
3950113360;3950229848
3950346328;3950462816
3950579280;3950695768
3950812248;3950928736
3951045200;3951162067
3951278446;3951394862
3951511258;3951627674
3951744086;3951860502
3951976898;3952093314
3952209710;3952326126
3952442522;3952558938
3952675350;3952791766
3952908162;3953024578
3953140974;3953257392
3953373788;3953490208
3953606604;3953723024
3953839420;3953955840
3954072236;3954188656
3954305052;3954421472
3954537868;3954654288
3954770684;3954887104
3955003500;3955119920
3955236316;3955352736
3955469132;3955585552
3955701948;3955818368
3955934764;3956051184
3956167580;3956284000
3956400396;3956516816
3956633212;3956749632
3956866028;3956982448
3957098844;3957215264
3957331660;3957448080
3957564476;3957680896
3957797292;3957913712
3958030108;3958146528
3958262924;3958379344
3958495740;3958612160
3958728556;3958844976
3958961372;3959077792
3959194188;3959310608
3959427004;3959543424
3959659820;3959776240
3959892636;3960009056
3960125452;3960241872
3960358268;3960474688
3960591084;3960707504
3960823900;3960940320
3961056716;3961173136
3961289532;3961405952
3961522348;3961638768
3961755164;3961871584
3961987980;3962104400
3962220796;3962337216
3962453612;3962570032
3962686428;3962802848
3962919244;3963035664
3963152060;3963268480
3963384876;3963501296
3963617692;3963734112
3963850508;3963966928
3964083324;3964199744
3964316140;3964432560
3964548956;3964665208
3964781320;3964897808
3965014272;3965130760
3965247240;3965363728
3965480192;3965596680
3965713160;3965829648
3965946112;3966062600
3966179080;3966295568
3966412032;3966528520
3966645000;3966761488
3966877952;3966994440
3967110920;3967227408
3967343872;3967460360
3967576840;3967693328
3967809792;3967929730
3968043100;3968159518
3968275930;3968392346
3968508742;3968625158
3968741554;3968857970
3968974366;3969090782
3969207194;3969323610
3969440006;3969556422
3969672818;3969789234
3969905630;3970022046
3970138460;3970254864
3970371276;3970487680
3970604092;3970720496
3970836908;3970953312
3971069724;3971186128
3971302540;3971418944
3971535356;3971651760
3971768172;3971884576
3972000988;3972117392
3972233804;3972350208
3972466620;3972583024
3972699436;3972815840
3972932252;3973048656
3973165068;3973281472
3973397884;3973514288
3973630700;3973747104
3973863516;3973979920
3974096332;3974212736
3974329148;3974445552
3974561964;3974678368
3974794780;3974911184
3975027596;3975144000
3975260412;3975376816
3975493228;3975609632
3975726044;3975842448
3975958860;3976075264
3976191676;3976308080
3976424492;3976540896
3976657308;3976773712
3976890124;3977006528
3977122940;3977239344
3977355756;3977472160
3977588572;3977704976
3977821388;3977937792
3978054204;3978170608
3978287020;3978403424
3978519836;3978636240
3978752652;3978869056
3978985468;3979101872
3979218284;3979334688
3979451100;3979567504
3979683916;3979800320
3979916732;3980033136
3980149548;3980265952
3980382364;3980498768
3980615180;3980731584
3980847996;3980964400
3981080812;3981197216
3981313628;3981429864
3981545976;3981662464
3981778928;3981895416
3982011896;3982128384
3982244848;3982361336
3982477816;3982594304
3982710768;3982827256
3982943736;3983060224
3983176688;3983293176
3983409656;3983526144
3983642608;3983759096
3983875576;3983992064
3984108528;3984225016
3984341496;3984457984
3984574448;3984690936
3984807787;3984924190
3985040586;3985157002
3985273398;3985389814
3985506210;3985622626
3985739038;3985855454
3985971850;3986088266
3986204662;3986321078
3986437474;3986553890
3986670302;3986786718
3986903116;3987019536
3987135932;3987252352
3987368748;3987485168
3987601564;3987717984
3987834380;3987950800
3988067196;3988183616
3988300012;3988416432
3988532828;3988649248
3988765644;3988882064
3988998460;3989114880
3989231276;3989347696
3989464092;3989580512
3989696908;3989813328
3989929724;3990046144
3990162540;3990278960
3990395356;3990511776
3990628172;3990744592
3990860988;3990977408
3991093804;3991210224
3991326620;3991443040
3991559436;3991675856
3991792252;3991908672
3992025068;3992141488
3992257884;3992374304
3992490700;3992607120
3992723516;3992839936
3992956332;3993072752
3993189148;3993305568
3993421964;3993538384
3993654780;3993771200
3993887596;3994004016
3994120412;3994236832
3994353228;3994469648
3994586044;3994702464
3994818860;3994935280
3995051676;3995168096
3995284492;3995400912
3995517308;3995633728
3995750124;3995866544
3995982940;3996099360
3996215756;3996332176
3996448572;3996564992
3996681388;3996797808
3996914204;3997030624
3997147020;3997263440
3997379836;3997496256
3997612652;3997729072
3997845468;3997961888
3998078284;3998194536
3998310632;3998427120
3998543600;3998660088
3998776552;3998893040
3999009520;3999126008
3999242472;3999358960
3999475440;3999591928
3999708392;3999824880
3999941360;4000057848
4000174312;4000290800
4000407280;4000523768
4000640232;4000756720
4000873200;4000989688
4001106152;4001222640
4001339120;4001455608
4001572443;4001688846
4001805242;4001921658
4002038054;4002154470
4002270882;4002387298
4002503694;4002620110
4002736506;4002852922
4002969318;4003085734
4003202146;4003318562
4003434958;4003551374
4003667772;4003784192
4003900588;4004017008
4004133404;4004249824
4004366220;4004482640
4004599036;4004715456
4004831852;4004948272
4005064668;4005181088
4005297484;4005413904
4005530300;4005646720
4005763116;4005879536
4005995932;4006112352
4006228748;4006345168
4006461564;4006577984
4006694380;4006810800
4006927196;4007043616
4007160012;4007276432
4007392828;4007509248
4007625644;4007742064
4007858460;4007974880
4008091276;4008207696
4008324092;4008440512
4008556908;4008673328
4008789724;4008906144
4009022540;4009138960
4009255356;4009371776
4009488172;4009604592
4009720988;4009837408
4009953804;4010070224
4010186620;4010303040
4010419436;4010535856
4010652252;4010768672
4010885068;4011001488
4011117884;4011234304
4011350700;4011467120
4011583516;4011699936
4011816332;4011932752
4012049148;4012165568
4012281964;4012398384
4012514780;4012631200
4012747596;4012864016
4012980412;4013096832
4013213228;4013329648
4013446044;4013562464
4013678860;4013795280
4013911676;4014028096
4014144492;4014260912
4014377308;4014493728
4014610124;4014726544
4014842940;4014959360
4015075588;4015191708
4015308188;4015424676
4015541140;4015657628
4015774108;4015890596
4016007060;4016123548
4016240028;4016356516
4016472980;4016589468
4016705948;4016822436
4016938900;4017055388
4017171868;4017288356
4017404820;4017521308
4017637788;4017754276
4017870740;4017987228
4018103708;4018220196
4018336660;4018453519
4018569898;4018686314
4018802726;4018919142
4019035538;4019151954
4019268350;4019384766
4019501162;4019617578
4019733990;4019850406
4019966802;4020083218
4020199614;4020316030
4020432426;4020548844
4020665256;4020781660
4020898072;4021014476
4021130888;4021247292
4021363704;4021480108
4021596520;4021712924
4021829336;4021945740
4022062152;4022178556
4022294968;4022411372
4022527784;4022644188
4022760600;4022877004
4022993416;4023109820
4023226232;4023342636
4023459048;4023575452
4023691864;4023808268
4023924680;4024041084
4024157496;4024273900
4024390312;4024506716
4024623128;4024739532
4024855944;4024972348
4025088760;4025205164
4025321576;4025437980
4025554392;4025670796
4025787208;4025903612
4026020024;4026136428
4026252840;4026369244
4026485656;4026602060
4026718472;4026834876
4026951288;4027067692
4027184104;4027300508
4027416920;4027533324
4027649736;4027766140
4027882552;4027998956
4028115368;4028231772
4028348184;4028464588
4028581000;4028697404
4028813816;4028930220
4029046632;4029163036
4029279448;4029395852
4029512264;4029628668
4029745080;4029861484
4029977896;4030094300
4030210712;4030327116
4030443528;4030559932
4030676344;4030792748
4030909160;4031025564
4031141976;4031258380
4031374792;4031491196
4031607608;4031724012
4031840256;4031956376
4032072840;4032189328
4032305808;4032422296
4032538760;4032655248
4032771728;4032888216
4033004680;4033121168
4033237648;4033354136
4033470600;4033587088
4033703568;4033820056
4033936520;4034053008
4034169488;4034285976
4034402440;4034518928
4034635408;4034751896
4034868360;4034984848
4035101328;4035218171
4035334566;4035450982
4035567378;4035683794
4035800190;4035916606
4036033018;4036149434
4036265830;4036382246
4036498642;4036615058
4036731454;4036847870
4036964282;4037080698
4037197094;4037313512
4037429908;4037546328
4037662724;4037779144
4037895540;4038011960
4038128356;4038244776
4038361172;4038477592
4038593988;4038710408
4038826804;4038943224
4039059620;4039176040
4039292436;4039408856
4039525252;4039641672
4039758068;4039874488
4039990884;4040107304
4040223700;4040340120
4040456516;4040572936
4040689332;4040805752
4040922148;4041038568
4041154964;4041271384
4041387780;4041504200
4041620596;4041737016
4041853412;4041969832
4042086228;4042202648
4042319044;4042435464
4042551860;4042668280
4042784676;4042901096
4043017492;4043133912
4043250308;4043366728
4043483124;4043599544
4043715940;4043832360
4043948756;4044065176
4044181572;4044297992
4044414388;4044530808
4044647204;4044763624
4044880020;4044996440
4045112836;4045229256
4045345652;4045462072
4045578468;4045694888
4045811284;4045927704
4046044100;4046160520
4046276916;4046393336
4046509732;4046626152
4046742548;4046858968
4046975364;4047091784
4047208180;4047324600
4047440996;4047557416
4047673812;4047790232
4047906628;4048023048
4048139444;4048255864
4048372260;4048488680
4048605076;4048721328
4048837424;4048953912
4049070392;4049186880
4049303344;4049419832
4049536312;4049652800
4049769264;4049885752
4050002232;4050118720
4050235184;4050351672
4050468152;4050584640
4050701104;4050817592
4050934072;4051050560
4051167024;4051283512
4051399992;4051516480
4051632944;4051749432
4051865912;4051982786
4052099149;4052215566
4052331962;4052448378
4052564790;4052681206
4052797602;4052914018
4053030414;4053146830
4053263226;4053379642
4053496054;4053612470
4053728866;4053845282
4053961678;4054078096
4054194492;4054310912
4054427308;4054543728
4054660124;4054776544
4054892940;4055009360
4055125756;4055242176
4055358572;4055474992
4055591388;4055707808
4055824204;4055940624
4056057020;4056173440
4056289836;4056406256
4056522652;4056639072
4056755468;4056871888
4056988284;4057104704
4057221100;4057337520
4057453916;4057570336
4057686732;4057803152
4057919548;4058035968
4058152364;4058268784
4058385180;4058501600
4058617996;4058734416
4058850812;4058967232
4059083628;4059200048
4059316444;4059432864
4059549260;4059665680
4059782076;4059898496
4060014892;4060131312
4060247708;4060364128
4060480524;4060596944
4060713340;4060829760
4060946156;4061062576
4061178972;4061295392
4061411788;4061528208
4061644604;4061761024
4061877420;4061993840
4062110236;4062226656
4062343052;4062459472
4062575868;4062692288
4062808684;4062925104
4063041500;4063157920
4063274316;4063390736
4063507132;4063623552
4063739948;4063856368
4063972764;4064089184
4064205580;4064322000
4064438396;4064554816
4064671212;4064787632
4064904028;4065020448
4065136844;4065253264
4065369660;4065485912
4065602024;4065718512
4065834976;4065951464
4066067944;4066184432
4066300896;4066417384
4066533864;4066650352
4066766816;4066883304
4066999784;4067116272
4067232736;4067349224
4067465704;4067582192
4067698656;4067815144
4067931624;4068048112
4068164576;4068281064
4068397544;4068514032
4068630496;4068746984
4068863831;4068980234
4069096630;4069213046
4069329442;4069445858
4069562254;4069678670
4069795082;4069911498
4070027894;4070144310
4070260706;4070377122
4070493518;4070609934
4070726346;4070842762
4070959160;4071075580
4071191976;4071308396
4071424792;4071541212
4071657608;4071774028
4071890424;4072006844
4072123240;4072239660
4072356056;4072472476
4072588872;4072705292
4072821688;4072938108
4073054504;4073170924
4073287320;4073403740
4073520136;4073636556
4073752952;4073869372
4073985768;4074102188
4074218584;4074335004
4074451400;4074567820
4074684216;4074800636
4074917032;4075033452
4075149848;4075266268
4075382664;4075499084
4075615480;4075731900
4075848296;4075964716
4076081112;4076197532
4076313928;4076430348
4076546744;4076663164
4076779560;4076895980
4077012376;4077128796
4077245192;4077361612
4077478008;4077594428
4077710824;4077827244
4077943640;4078060060
4078176456;4078292876
4078409272;4078525692
4078642088;4078758508
4078874904;4078991324
4079107720;4079224140
4079340536;4079456956
4079573352;4079689772
4079806168;4079922588
4080038984;4080155404
4080271800;4080388220
4080504616;4080621036
4080737432;4080853852
4080970248;4081086668
4081203064;4081319484
4081435880;4081552300
4081668696;4081785116
4081901512;4082017932
4082134328;4082250580
4082366676;4082483164
4082599644;4082716132
4082832596;4082949084
4083065564;4083182052
4083298516;4083415004
4083531484;4083647972
4083764436;4083880924
4083997404;4084113892
4084230356;4084346844
4084463324;4084579812
4084696276;4084812764
4084929244;4085045732
4085162196;4085278684
4085395164;4085511652
4085628483;4085744886
4085861282;4085977698
4086094110;4086210526
4086326922;4086443338
4086559734;4086676150
4086792546;4086908962
4087025374;4087141790
4087258186;4087374602
4087490998;4087607414
4087723812;4087840232
4087956628;4088073048
4088189444;4088305864
4088422260;4088538680
4088655076;4088771496
4088887892;4089004312
4089120708;4089237128
4089353524;4089469944
4089586340;4089702760
4089819156;4089935576
4090051972;4090168392
4090284788;4090401208
4090517604;4090634024
4090750420;4090866840
4090983236;4091099656
4091216052;4091332472
4091448868;4091565288
4091681684;4091798104
4091914500;4092030920
4092147316;4092263736
4092380132;4092496552
4092612948;4092729368
4092845764;4092962184
4093078580;4093195000
4093311396;4093427816
4093544212;4093660632
4093777028;4093893448
4094009844;4094126264
4094242660;4094359080
4094475476;4094591896
4094708292;4094824712
4094941108;4095057528
4095173924;4095290344
4095406740;4095523160
4095639556;4095755976
4095872372;4095988792
4096105188;4096221608
4096338004;4096454424
4096570820;4096687240
4096803636;4096920056
4097036452;4097152872
4097269268;4097385688
4097502084;4097618504
4097734900;4097851320
4097967716;4098084136
4098200532;4098316952
4098433348;4098549768
4098666164;4098782584
4098898980;4099015400
4099131628;4099247748
4099364228;4099480716
4099597180;4099713668
4099830148;4099946636
4100063100;4100179588
4100296068;4100412556
4100529020;4100645508
4100761988;4100878476
4100994940;4101111428
4101227908;4101344396
4101460860;4101577348
4101693828;4101810316
4101926780;4102043268
4102159748;4102276236
4102396152;4102509544
4102625954;4102742370
4102858766;4102975182
4103091578;4103207994
4103324390;4103440806
4103557218;4103673634
4103790030;4103906446
4104022842;4104139258
4104255654;4104372070
4104488482;4104604900
4104721296;4104837716
4104954112;4105070532
4105186928;4105303348
4105419744;4105536164
4105652560;4105768980
4105885376;4106001796
4106118192;4106234612
4106351008;4106467428
4106583824;4106700244
4106816640;4106933060
4107049456;4107165876
4107282272;4107398692
4107515088;4107631508
4107747904;4107864324
4107980720;4108097140
4108213536;4108329956
4108446352;4108562772
4108679168;4108795588
4108911984;4109028404
4109144800;4109261220
4109377616;4109494036
4109610432;4109726852
4109843248;4109959668
4110076064;4110192484
4110308880;4110425300
4110541696;4110658116
4110774512;4110890932
4111007328;4111123748
4111240144;4111356564
4111472960;4111589380
4111705776;4111822196
4111938592;4112055012
4112171408;4112287828
4112404224;4112520644
4112637040;4112753460
4112869856;4112986276
4113102672;4113219092
4113335488;4113451908
4113568304;4113684724
4113801120;4113917540
4114033936;4114150356
4114266752;4114383172
4114499568;4114615988
4114732384;4114848804
4114965200;4115081620
4115198016;4115314436
4115430832;4115547252
4115663648;4115780068
4115896296;4116012416
4116128880;4116245368
4116361848;4116478336
4116594800;4116711288
4116827768;4116944256
4117060720;4117177208
4117293688;4117410176
4117526640;4117643128
4117759608;4117876096
4117992560;4118109048
4118225528;4118342016
4118458480;4118574968
4118691448;4118807936
4118924400;4119040888
4119157368;4119274227
4119390606;4119507022
4119623418;4119739834
4119856246;4119972662
4120089058;4120205474
4120321870;4120438286
4120554682;4120671098
4120787510;4120903926
4121020322;4121136738
4121253134;4121369552
4121485948;4121602368
4121718764;4121835184
4121951580;4122068000
4122184396;4122300816
4122417212;4122533632
4122650028;4122766448
4122882844;4122999264
4123115660;4123232080
4123348476;4123464896
4123581292;4123697712
4123814108;4123930528
4124046924;4124163344
4124279740;4124396160
4124512556;4124628976
4124745372;4124861792
4124978188;4125094608
4125211004;4125327424
4125443820;4125560240
4125676636;4125793056
4125909452;4126025872
4126142268;4126258688
4126375084;4126491504
4126607900;4126724320
4126840716;4126957136
4127073532;4127189952
4127306348;4127422768
4127539164;4127655584
4127771980;4127888400
4128004796;4128121216
4128237612;4128354032
4128470428;4128586848
4128703244;4128819664
4128936060;4129052480
4129168876;4129285296
4129401692;4129518112
4129634508;4129750928
4129867324;4129983744
4130100140;4130216560
4130332956;4130449376
4130565772;4130682192
4130798588;4130915008
4131031404;4131147824
4131264220;4131380640
4131497036;4131613456
4131729852;4131846272
4131962668;4132079088
4132195484;4132311904
4132428300;4132544720
4132660948;4132777068
4132893548;4133010036
4133126500;4133242988
4133359468;4133475956
4133592420;4133708908
4133825388;4133941876
4134058340;4134174828
4134291308;4134407796
4134524260;4134640748
4134757228;4134873716
4134990180;4135106668
4135223148;4135339636
4135456100;4135572588
4135689068;4135805556
4135922020;4136038875
4136155270;4136271686
4136388082;4136504498
4136620894;4136737310
4136853722;4136970138
4137086534;4137202950
4137319346;4137435762
4137552158;4137668574
4137784986;4137901402
4138017798;4138134216
4138250612;4138367032
4138483428;4138599848
4138716244;4138832664
4138949060;4139065480
4139181876;4139298296
4139414692;4139531112
4139647508;4139763928
4139880324;4139996744
4140113140;4140229560
4140345956;4140462376
4140578772;4140695192
4140811588;4140928008
4141044404;4141160824
4141277220;4141393640
4141510036;4141626456
4141742852;4141859272
4141975668;4142092088
4142208484;4142324904
4142441300;4142557720
4142674116;4142790536
4142906932;4143023352
4143139748;4143256168
4143372564;4143488984
4143605380;4143721800
4143838196;4143954616
4144071012;4144187432
4144303828;4144420248
4144536644;4144653064
4144769460;4144885880
4145002276;4145118696
4145235092;4145351512
4145467908;4145584328
4145700724;4145817144
4145933540;4146049960
4146166356;4146282776
4146399172;4146515592
4146631988;4146748408
4146864804;4146981224
4147097620;4147214040
4147330436;4147446856
4147563252;4147679672
4147796068;4147912488
4148028884;4148145304
4148261700;4148378120
4148494516;4148610936
4148727332;4148843752
4148960148;4149076568
4149192964;4149309384
4149425780;4149542032
4149658128;4149774616
4149891096;4150007584
4150124048;4150240536
4150357016;4150473504
4150589968;4150706456
4150822936;4150939424
4151055888;4151172376
4151288856;4151405344
4151521808;4151638296
4151754776;4151871264
4151987728;4152104216
4152220696;4152337184
4152453648;4152570136
4152686616;4152803104
4152919935;4153036338
4153152750;4153269166
4153385562;4153501978
4153618374;4153734790
4153851186;4153967602
4154084014;4154200430
4154316826;4154433242
4154549638;4154666054
4154782450;4154898866
4155015280;4155131684
4155248096;4155364500
4155480912;4155597316
4155713728;4155830132
4155946544;4156062948
4156179360;4156295764
4156412176;4156528580
4156644992;4156761396
4156877808;4156994212
4157110624;4157227028
4157343440;4157459844
4157576256;4157692660
4157809072;4157925476
4158041888;4158158292
4158274704;4158391108
4158507520;4158623924
4158740336;4158856740
4158973152;4159089556
4159205968;4159322372
4159438784;4159555188
4159671600;4159788004
4159904416;4160020820
4160137232;4160253636
4160370048;4160486452
4160602864;4160719268
4160835680;4160952084
4161068496;4161184900
4161301312;4161417716
4161534128;4161650532
4161766944;4161883348
4161999760;4162116164
4162232576;4162348980
4162465392;4162581796
4162698208;4162814612
4162931024;4163047428
4163163840;4163280244
4163396656;4163513060
4163629472;4163745876
4163862288;4163978692
4164095104;4164211508
4164327920;4164444324
4164560736;4164677140
4164793552;4164909956
4165026368;4165142772
4165259184;4165375588
4165492000;4165608404
4165724816;4165841220
4165957632;4166074036
4166190448;4166306684
4166422796;4166539284
4166655748;4166772236
4166888716;4167005204
4167121668;4167238156
4167354636;4167471124
4167587588;4167704076
4167820556;4167937044
4168053508;4168169996
4168286476;4168402964
4168519428;4168635916
4168752396;4168868884
4168985348;4169101836
4169218316;4169334804
4169451268;4169567756
4169684607;4169801010
4169917406;4170033822
4170150218;4170266634
4170383030;4170499446
4170615858;4170732274
4170848670;4170965086
4171081482;4171197898
4171314294;4171430710
4171547122;4171663538
4171779936;4171896356
4172012752;4172129172
4172245568;4172361988
4172478384;4172594804
4172711200;4172827620
4172944016;4173060436
4173176832;4173293252
4173409648;4173526068
4173642464;4173758884
4173875280;4173991700
4174108096;4174224516
4174340912;4174457332
4174573728;4174690148
4174806544;4174922964
4175039360;4175155780
4175272176;4175388596
4175504992;4175621412
4175737808;4175854228
4175970624;4176087044
4176203440;4176319860
4176436256;4176552676
4176669072;4176785492
4176901888;4177018308
4177134704;4177251124
4177367520;4177483940
4177600336;4177716756
4177833152;4177949572
4178065968;4178182388
4178298784;4178415204
4178531600;4178648020
4178764416;4178880836
4178997232;4179113652
4179230048;4179346468
4179462864;4179579284
4179695680;4179812100
4179928496;4180044916
4180161312;4180277732
4180394128;4180510548
4180626944;4180743364
4180859760;4180976180
4181092576;4181208996
4181325392;4181441812
4181558208;4181674628
4181791024;4181907444
4182023840;4182140260
4182256656;4182373076
4182489472;4182605892
4182722288;4182838708
4182955104;4183071524
4183187752;4183303872
4183420336;4183536824
4183653304;4183769792
4183886256;4184002744
4184119224;4184235712
4184352176;4184468664
4184585144;4184701632
4184818096;4184934584
4185051064;4185167552
4185284016;4185400504
4185516984;4185633472
4185749936;4185866424
4185982904;4186099392
4186215856;4186332344
4186449210;4186565592
4186681986;4186798402
4186914814;4187031230
4187147626;4187264042
4187380438;4187496854
4187613250;4187729666
4187846078;4187962494
4188078890;4188195306
4188311702;4188428118
4188544516;4188660936
4188777332;4188893752
4189010148;4189126568
4189242964;4189359384
4189475780;4189592200
4189708596;4189825016
4189941412;4190057832
4190174228;4190290648
4190407044;4190523464
4190639860;4190756280
4190872676;4190989096
4191105492;4191221912
4191338308;4191454728
4191571124;4191687544
4191803940;4191920360
4192036756;4192153176
4192269572;4192385992
4192502388;4192618808
4192735204;4192851624
4192968020;4193084440
4193200836;4193317256
4193433652;4193550072
4193666468;4193782888
4193899284;4194015704
4194132100;4194248520
4194364916;4194481336
4194597732;4194714152
4194830548;4194946968
4195063364;4195179784
4195296180;4195412600
4195528996;4195645416
4195761812;4195878232
4195994628;4196111048
4196227444;4196343864
4196460260;4196576680
4196693076;4196809496
4196925892;4197042312
4197158708;4197275128
4197391524;4197507944
4197624340;4197740760
4197857156;4197973576
4198089972;4198206392
4198322788;4198439208
4198555604;4198672024
4198788420;4198904840
4199021236;4199137656
4199254052;4199370472
4199486868;4199603288
4199719684;4199836104
4199952332;4200068452
4200184932;4200301420
4200417884;4200534372
4200650852;4200767340
4200883804;4201000292
4201116772;4201233260
4201349724;4201466212
4201582692;4201699180
4201815644;4201932132
4202048612;4202165100
4202281564;4202398052
4202514532;4202631020
4202747484;4202863972
4202980452;4203096940
4203213404;4203330263
4203446658;4203563074
4203679470;4203795886
4203912282;4204028698
4204145094;4204261510
4204377922;4204494338
4204610734;4204727150
4204843546;4204959962
4205076358;4205192774
4205309186;4205425604
4205542000;4205658420
4205774816;4205891236
4206007632;4206124052
4206240448;4206356868
4206473264;4206589684
4206706080;4206822500
4206938896;4207055316
4207171712;4207288132
4207404528;4207520948
4207637344;4207753764
4207870160;4207986580
4208102976;4208219396
4208335792;4208452212
4208568608;4208685028
4208801424;4208917844
4209034240;4209150660
4209267056;4209383476
4209499872;4209616292
4209732688;4209849108
4209965504;4210081924
4210198320;4210314740
4210431136;4210547556
4210663952;4210780372
4210896768;4211013188
4211129584;4211246004
4211362400;4211478820
4211595216;4211711636
4211828032;4211944452
4212060848;4212177268
4212293664;4212410084
4212526480;4212642900
4212759296;4212875716
4212992112;4213108532
4213224928;4213341348
4213457744;4213574164
4213690560;4213806980
4213923376;4214039796
4214156192;4214272612
4214389008;4214505428
4214621824;4214738244
4214854640;4214971060
4215087456;4215203876
4215320272;4215436692
4215553088;4215669508
4215785904;4215902324
4216018720;4216135140
4216251536;4216367956
4216484352;4216600772
4216717000;4216833120
4216949584;4217066072
4217182552;4217299040
4217415504;4217531992
4217648472;4217764960
4217881424;4217997912
4218114392;4218230880
4218347344;4218463832
4218580312;4218696800
4218813264;4218929752
4219046232;4219162720
4219279184;4219395672
4219512152;4219628640
4219745104;4219861592
4219978072;4220094927
4220211306;4220327722
4220444134;4220560550
4220676946;4220793362
4220909758;4221026174
4221142570;4221258986
4221375398;4221491814
4221608210;4221724626
4221841022;4221957438
4222073834;4222190252
4222306664;4222423068
4222539480;4222655884
4222772296;4222888700
4223005112;4223121516
4223237928;4223354332
4223470744;4223587148
4223703560;4223819964
4223936376;4224052780
4224169192;4224285596
4224402008;4224518412
4224634824;4224751228
4224867640;4224984044
4225100456;4225216860
4225333272;4225449676
4225566088;4225682492
4225798904;4225915308
4226031720;4226148124
4226264536;4226380940
4226497352;4226613756
4226730168;4226846572
4226962984;4227079388
4227195800;4227312204
4227428616;4227545020
4227661432;4227777836
4227894248;4228010652
4228127064;4228243468
4228359880;4228476284
4228592696;4228709100
4228825512;4228941916
4229058328;4229174732
4229291144;4229407548
4229523960;4229640364
4229756776;4229873180
4229989592;4230105996
4230222408;4230338812
4230455224;4230571628
4230688040;4230804444
4230920856;4231037260
4231153672;4231270076
4231386488;4231502892
4231619304;4231735708
4231852120;4231968524
4232084936;4232201340
4232317752;4232434156
4232550568;4232666972
4232783384;4232899788
4233016200;4233132604
4233249016;4233365420
4233481832;4233598068
4233714180;4233830668
4233947132;4234063620
4234180100;4234296588
4234413052;4234529540
4234646020;4234762508
4234878972;4234995460
4235111940;4235228428
4235344892;4235461380
4235577860;4235694348
4235810812;4235927300
4236043780;4236160268
4236276732;4236393220
4236509700;4236626188
4236742652;4236859140
4236975982;4237092382
4237208794;4237325210
4237441606;4237558022
4237674418;4237790834
4237907230;4238023646
4238140058;4238256474
4238372870;4238489286
4238605682;4238722098
4238838494;4238954910
4239071324;4239187728
4239304140;4239420544
4239536956;4239653360
4239769772;4239886176
4240002588;4240118992
4240235404;4240351808
4240468220;4240584624
4240701036;4240817440
4240933852;4241050256
4241166668;4241283072
4241399484;4241515888
4241632300;4241748704
4241865116;4241981520
4242097932;4242214336
4242330748;4242447152
4242563564;4242679968
4242796380;4242912784
4243029196;4243145600
4243262012;4243378416
4243494828;4243611232
4243727644;4243844048
4243960460;4244076864
4244193276;4244309680
4244426092;4244542496
4244658908;4244775312
4244891724;4245008128
4245124540;4245240944
4245357356;4245473760
4245590172;4245706576
4245822988;4245939392
4246055804;4246172208
4246288620;4246405024
4246521436;4246637840
4246754252;4246870656
4246987068;4247103472
4247219884;4247336288
4247452700;4247569104
4247685516;4247801920
4247918332;4248034736
4248151148;4248267552
4248383964;4248500368
4248616780;4248733184
4248849596;4248966000
4249082412;4249198816
4249315228;4249431632
4249548044;4249664448
4249780860;4249897264
4250013676;4250130080
4250246492;4250362728
4250478840;4250595328
4250711792;4250828280
4250944760;4251061248
4251177712;4251294200
4251410680;4251527168
4251643632;4251760120
4251876600;4251993088
4252109552;4252226040
4252342520;4252459008
4252575472;4252691960
4252808440;4252924928
4253041392;4253157880
4253274360;4253390848
4253507312;4253623800
4253740651;4253857054
4253973450;4254089866
4254206262;4254322678
4254439074;4254555490
4254671902;4254788318
4254904714;4255021130
4255137526;4255253942
4255370338;4255486754
4255603166;4255719582
4255835980;4255952400
4256068796;4256185216
4256301612;4256418032
4256534428;4256650848
4256767244;4256883664
4257000060;4257116480
4257232876;4257349296
4257465692;4257582112
4257698508;4257814928
4257931324;4258047744
4258164140;4258280560
4258396956;4258513376
4258629772;4258746192
4258862588;4258979008
4259095404;4259211824
4259328220;4259444640
4259561036;4259677456
4259793852;4259910272
4260026668;4260143088
4260259484;4260375904
4260492300;4260608720
4260725116;4260841536
4260957932;4261074352
4261190748;4261307168
4261423564;4261539984
4261656380;4261772800
4261889196;4262005616
4262122012;4262238432
4262354828;4262471248
4262587644;4262704064
4262820460;4262936880
4263053276;4263169696
4263286092;4263402512
4263518908;4263635328
4263751724;4263868144
4263984540;4264100960
4264217356;4264333776
4264450172;4264566592
4264682988;4264799408
4264915804;4265032224
4265148620;4265265040
4265381436;4265497856
4265614252;4265730672
4265847068;4265963488
4266079884;4266196304
4266312700;4266429120
4266545516;4266661936
4266778332;4266894752
4267011148;4267127400
4267243496;4267359984
4267476464;4267592952
4267709416;4267825904
4267942384;4268058872
4268175336;4268291824
4268408304;4268524792
4268641256;4268757744
4268874224;4268990712
4269107176;4269223664
4269340144;4269456632
4269573096;4269689584
4269806064;4269922552
4270039016;4270155504
4270271984;4270388472
4270505307;4270621710
4270738106;4270854522
4270970918;4271087334
4271203746;4271320162
4271436558;4271552974
4271669370;4271785786
4271902182;4272018598
4272135010;4272251426
4272367822;4272484238
4272600636;4272717056
4272833452;4272949872
4273066268;4273182688
4273299084;4273415504
4273531900;4273648320
4273764716;4273881136
4273997532;4274113952
4274230348;4274346768
4274463164;4274579584
4274695980;4274812400
4274928796;4275045216
4275161612;4275278032
4275394428;4275510848
4275627244;4275743664
4275860060;4275976480
4276092876;4276209296
4276325692;4276442112
4276558508;4276674928
4276791324;4276907744
4277024140;4277140560
4277256956;4277373376
4277489772;4277606192
4277722588;4277839008
4277955404;4278071824
4278188220;4278304640
4278421036;4278537456
4278653852;4278770272
4278886668;4279003088
4279119484;4279235904
4279352300;4279468720
4279585116;4279701536
4279817932;4279934352
4280050748;4280167168
4280283564;4280399984
4280516380;4280632800
4280749196;4280865616
4280982012;4281098432
4281214828;4281331248
4281447644;4281564064
4281680460;4281796880
4281913276;4282029696
4282146092;4282262512
4282378908;4282495328
4282611724;4282728144
4282844540;4282960960
4283077356;4283193776
4283310172;4283426592
4283542988;4283659408
4283775804;4283892224
4284008452;4284124572
4284241052;4284357540
4284474004;4284590492
4284706972;4284823460
4284939924;4285056412
4285172892;4285289380
4285405844;4285522332
4285638812;4285755300
4285871764;4285988252
4286104732;4286221220
4286337684;4286454172
4286570652;4286687140
4286803604;4286920092
4287036572;4287153060
4287269524;4287386383
4287502762;4287619178
4287735590;4287852006
4287968402;4288084818
4288201214;4288317630
4288434026;4288550442
4288666854;4288783270
4288899666;4289016082
4289132478;4289248894
4289365290;4289481708
4289598120;4289714524
4289830936;4289947340
4290063752;4290180156
4290296568;4290412972
4290529384;4290645788
4290762200;4290878604
4290995016;4291111420
4291227832;4291344236
4291460648;4291577052
4291693464;4291809868
4291926280;4292042684
4292159096;4292275500
4292391912;4292508316
4292624728;4292741132
4292857544;4292973948
4293090360;4293206764
4293323176;4293439580
4293555992;4293672396
4293788808;4293905212
4294021624;4294138028
4294254440;4294370844
4294487256;4294603660
4294720072;4294836476
4294952888;101996
218408;334812
451224;567628
684040;800444
916856;1033260
1149672;1266076
1382488;1498892
1615304;1731708
1848120;1964524
2080936;2197340
2313752;2430156
2546568;2662972
2779384;2895788
3012200;3128604
3245016;3361420
3477832;3594236
3710648;3827052
3943464;4059868
4176280;4292684
4409096;4525500
4641912;4758316
4874728;4991132
5107544;5223948
5340360;5456764
5573176;5689580
5805824;5921944
6038408;6154896
6271376;6387864
6504328;6620816
6737296;6853784
6970248;7086736
7203216;7319704
7436168;7552656
7669136;7785624
7902088;8018576
8135056;8251544
8368008;8484496
8600976;8717464
8833928;8950416
9066896;9183739
9300134;9416550
9532946;9649362
9765758;9882174
9998586;10115002
10231398;10347814
10464210;10580626
10697022;10813438
10929850;11046266
11162662;11279080
11395476;11511896
11628292;11744712
11861108;11977528
12093924;12210344
12326740;12443160
12559556;12675976
12792372;12908792
13025188;13141608
13258004;13374424
13490820;13607240
13723636;13840056
13956452;14072872
14189268;14305688
14422084;14538504
14654900;14771320
14887716;15004136
15120532;15236952
15353348;15469768
15586164;15702584
15818980;15935400
16051796;16168216
16284612;16401032
16517428;16633848
16750244;16866664
16983060;17099480
17215876;17332296
17448692;17565112
17681508;17797928
17914324;18030744
18147140;18263560
18379956;18496376
18612772;18729192
18845588;18962008
19078404;19194824
19311220;19427640
19544036;19660456
19776852;19893272
20009668;20126088
20242484;20358904
20475300;20591720
20708116;20824536
20940932;21057352
21173748;21290168
21406564;21522984
21639380;21755800
21872196;21988616
22105012;22221432
22337828;22454248
22570644;22686896
22802992;22919480
23035960;23152448
23268912;23385400
23501880;23618368
23734832;23851320
23967800;24084288
24200752;24317240
24433720;24550208
24666672;24783160
24899640;25016128
25132592;25249080
25365560;25482048
25598512;25715000
25831480;25948354
26064716;26181134
26297530;26413946
26530358;26646774
26763170;26879586
26995982;27112398
27228794;27345210
27461622;27578038
27694434;27810850
27927246;28043664
28160060;28276480
28392876;28509296
28625692;28742112
28858508;28974928
29091324;29207744
29324140;29440560
29556956;29673376
29789772;29906192
30022588;30139008
30255404;30371824
30488220;30604640
30721036;30837456
30953852;31070272
31186668;31303088
31419484;31535904
31652300;31768720
31885116;32001536
32117932;32234352
32350748;32467168
32583564;32699984
32816380;32932800
33049196;33165616
33282012;33398432
33514828;33631248
33747644;33864064
33980460;34096880
34213276;34329696
34446092;34562512
34678908;34795328
34911724;35028144
35144540;35260960
35377356;35493776
35610172;35726592
35842988;35959408
36075804;36192224
36308620;36425040
36541436;36657856
36774252;36890672
37007068;37123488
37239884;37356304
37472700;37589120
37705516;37821936
37938332;38054752
38171148;38287568
38403964;38520384
38636780;38753200
38869596;38986016
39102412;39218832
39335228;39451480
39567592;39684080
39800544;39917032
40033512;40150000
40266464;40382952
40499432;40615920
40732384;40848872
40965352;41081840
41198304;41314792
41431272;41547760
41664224;41780712
41897192;42013680
42130144;42246632
42363112;42479600
42596064;42712552
42829399;42945802
43062198;43178614
43295010;43411426
43527822;43644238
43760650;43877066
43993462;44109878
44226274;44342690
44459086;44575502
44691914;44808330
44924728;45041148
45157544;45273964
45390360;45506780
45623176;45739596
45855992;45972412
46088808;46205228
46321624;46438044
46554440;46670860
46787256;46903676
47020072;47136492
47252888;47369308
47485704;47602124
47718520;47834940
47951336;48067756
48184152;48300572
48416968;48533388
48649784;48766204
48882600;48999020
49115416;49231836
49348232;49464652
49581048;49697468
49813864;49930284
50046680;50163100
50279496;50395916
50512312;50628732
50745128;50861548
50977944;51094364
51210760;51327180
51443576;51559996
51676392;51792812
51909208;52025628
52142024;52258444
52374840;52491260
52607656;52724076
52840472;52956892
53073288;53189708
53306104;53422524
53538920;53655340
53771736;53888156
54004552;54120972
54237368;54353788
54470184;54586604
54703000;54819420
54935816;55052236
55168632;55285052
55401448;55517868
55634264;55750684
55867080;55983500
56099896;56216148
56332244;56448732
56565212;56681700
56798164;56914652
57031132;57147620
57264084;57380572
57497052;57613540
57730004;57846492
57962972;58079460
58195924;58312412
58428892;58545380
58661844;58778332
58894812;59011300
59127764;59244252
59360732;59477220
59594051;59710454
59826850;59943266
60059678;60176094
60292490;60408906
60525302;60641718
60758114;60874530
60990942;61107358
61223754;61340170
61456566;61572982
61689380;61805800
61922196;62038616
62155012;62271432
62387828;62504248
62620644;62737064
62853460;62969880
63086276;63202696
63319092;63435512
63551908;63668328
63784724;63901144
64017540;64133960
64250356;64366776
64483172;64599592
64715988;64832408
64948804;65065224
65181620;65298040
65414436;65530856
65647252;65763672
65880068;65996488
66112884;66229304
66345700;66462120
66578516;66694936
66811332;66927752
67044148;67160568
67276964;67393384
67509780;67626200
67742596;67859016
67975412;68091832
68208228;68324648
68441044;68557464
68673860;68790280
68906676;69023096
69139492;69255912
69372308;69488728
69605124;69721544
69837940;69954360
70070756;70187176
70303572;70419992
70536388;70652808
70769204;70885624
71002020;71118440
71234836;71351256
71467652;71584072
71700468;71816888
71933284;72049704
72166100;72282520
72398916;72515336
72631732;72748152
72864548;72980968
73097196;73213316
73329796;73446284
73562748;73679236
73795716;73912204
74028668;74145156
74261636;74378124
74494588;74611076
74727556;74844044
74960508;75076996
75193476;75309964
75426428;75542916
75659396;75775884
75892348;76008836
76125316;76241804
76358268;76475131
76591510;76707926
76824338;76940754
77057150;77173566
77289962;77406378
77522774;77639190
77755602;77872018
77988414;78104830
78221226;78337642
78454038;78570456
78686868;78803272
78919684;79036088
79152500;79268904
79385316;79501720
79618132;79734536
79850948;79967352
80083764;80200168
80316580;80432984
80549396;80665800
80782212;80898616
81015028;81131432
81247844;81364248
81480660;81597064
81713476;81829880
81946292;82062696
82179108;82295512
82411924;82528328
82644740;82761144
82877556;82993960
83110372;83226776
83343188;83459592
83576004;83692408
83808820;83925224
84041636;84158040
84274452;84390856
84507268;84623672
84740084;84856488
84972900;85089304
85205716;85322120
85438532;85554936
85671348;85787752
85904164;86020568
86136980;86253384
86369796;86486200
86602612;86719016
86835428;86951832
87068244;87184648
87301060;87417464
87533876;87650280
87766692;87883096
87999508;88115912
88232324;88348728
88465140;88581544
88697956;88814360
88930772;89047176
89163588;89279992
89396404;89512808
89629220;89745624
89861868;89977988
90094452;90210940
90327420;90443908
90560372;90676860
90793340;90909828
91026292;91142780
91259260;91375748
91492212;91608700
91725180;91841668
91958132;92074620
92191100;92307588
92424052;92540540
92657020;92773508
92889972;93006460
93122940;93239783
93356178;93472594
93588990;93705406
93821802;93938218
94054630;94171046
94287442;94403858
94520254;94636670
94753066;94869482
94985894;95102310
95218706;95335124
95451520;95567940
95684336;95800756
95917152;96033572
96149968;96266388
96382784;96499204
96615600;96732020
96848416;96964836
97081232;97197652
97314048;97430468
97546864;97663284
97779680;97896100
98012496;98128916
98245312;98361732
98478128;98594548
98710944;98827364
98943760;99060180
99176576;99292996
99409392;99525812
99642208;99758628
99875024;99991444
100107840;100224260
100340656;100457076
100573472;100689892
100806288;100922708
101039104;101155524
101271920;101388340
101504736;101621156
101737552;101853972
101970368;102086788
102203184;102319604
102436000;102552420
102668816;102785236
102901632;103018052
103134448;103250868
103367264;103483684
103600080;103716500
103832896;103949316
104065712;104182132
104298528;104414948
104531344;104647764
104764160;104880580
104996976;105113396
105229792;105346212
105462608;105579028
105695424;105811844
105928240;106044660
106161056;106277476
106393872;106510292
106626520;106742640
106859120;106975608
107092072;107208560
107325040;107441528
107557992;107674480
107790960;107907448
108023912;108140400
108256880;108373368
108489832;108606320
108722800;108839288
108955752;109072240
109188720;109305208
109421672;109538160
109654640;109771128
109887592;110004451
110120830;110237246
110353658;110470074
110586470;110702886
110819282;110935698
111052094;111168510
111284922;111401338
111517734;111634150
111750546;111866962
111983358;112099776
112216188;112332592
112449004;112565408
112681820;112798224
112914636;113031040
113147452;113263856
113380268;113496672
113613084;113729488
113845900;113962304
114078716;114195120
114311532;114427936
114544348;114660752
114777164;114893568
115009980;115126384
115242796;115359200
115475612;115592016
115708428;115824832
115941244;116057648
116174060;116290464
116406876;116523280
116639692;116756096
116872508;116988912
117105324;117221728
117338140;117454544
117570956;117687360
117803772;117920176
118036588;118152992
118269404;118385808
118502220;118618624
118735036;118851440
118967852;119084256
119200668;119317072
119433484;119549888
119666300;119782704
119899116;120015520
120131932;120248336
120364748;120481152
120597564;120713968
120830380;120946784
121063196;121179600
121296012;121412416
121528828;121645232
121761644;121878048
121994460;122110864
122227276;122343680
122460092;122576496
122692908;122809312
122925724;123042128
123158540;123274944
123391356;123507592
123623704;123740192
123856656;123973144
124089624;124206112
124322576;124439064
124555544;124672032
124788496;124904984
125021464;125137952
125254416;125370904
125487384;125603872
125720336;125836824
125953304;126069792
126186256;126302744
126419224;126535712
126652176;126768664
126885515;127001918
127118314;127234730
127351126;127467542
127583938;127700354
127816766;127933182
128049578;128165994
128282390;128398806
128515202;128631618
128748030;128864446
128980844;129097264
129213660;129330080
129446476;129562896
129679292;129795712
129912108;130028528
130144924;130261344
130377740;130494160
130610556;130726976
130843372;130959792
131076188;131192608
131309004;131425424
131541820;131658240
131774636;131891056
132007452;132123872
132240268;132356688
132473084;132589504
132705900;132822320
132938716;133055136
133171532;133287952
133404348;133520768
133637164;133753584
133869980;133986400
134102796;134219216
134335612;134452032
134568428;134684848
134801244;134917664
135034060;135150480
135266876;135383296
135499692;135616112
135732508;135848928
135965324;136081744
136198140;136314560
136430956;136547376
136663772;136780192
136896588;137013008
137129404;137245824
137362220;137478640
137595036;137711456
137827852;137944272
138060668;138177088
138293484;138409904
138526300;138642720
138759116;138875536
138991932;139108352
139224748;139341168
139457564;139573984
139690380;139806800
139923196;140039616
140156012;140272264
140388360;140504848
140621328;140737816
140854280;140970768
141087248;141203736
141320200;141436688
141553168;141669656
141786120;141902608
142019088;142135576
142252040;142368528
142485008;142601496
142717960;142834448
142950928;143067416
143183880;143300368
143416848;143533336
143650167;143766570
143882966;143999382
144115794;144232210
144348606;144465022
144581418;144697834
144814230;144930646
145047058;145163474
145279870;145396286
145512682;145629098
145745496;145861916
145978312;146094732
146211128;146327548
146443944;146560364
146676760;146793180
146909576;147025996
147142392;147258812
147375208;147491628
147608024;147724444
147840840;147957260
148073656;148190076
148306472;148422892
148539288;148655708
148772104;148888524
149004920;149121340
149237736;149354156
149470552;149586972
149703368;149819788
149936184;150052604
150169000;150285420
150401816;150518236
150634632;150751052
150867448;150983868
151100264;151216684
151333080;151449500
151565896;151682316
151798712;151915132
152031528;152147948
152264344;152380764
152497160;152613580
152729976;152846396
152962792;153079212
153195608;153312028
153428424;153544844
153661240;153777660
153894056;154010476
154126872;154243292
154359688;154476108
154592504;154708924
154825320;154941740
155058136;155174556
155290952;155407372
155523768;155640188
155756584;155873004
155989400;156105820
156222216;156338636
156455032;156571452
156687848;156804268
156920664;157037084
157153312;157269432
157385912;157502400
157618864;157735352
157851832;157968320
158084784;158201272
158317752;158434240
158550704;158667192
158783672;158900160
159016624;159133112
159249592;159366080
159482544;159599032
159715512;159832000
159948464;160064952
160181432;160297920
160414786;160531152
160647562;160763978
160880374;160996790
161113186;161229602
161346014;161462430
161578826;161695242
161811638;161928054
162044450;162160866
162277278;162393694
162510092;162626512
162742908;162859328
162975724;163092144
163208540;163324960
163441356;163557776
163674172;163790592
163906988;164023408
164139804;164256224
164372620;164489040
164605436;164721856
164838252;164954672
165071068;165187488
165303884;165420304
165536700;165653120
165769516;165885936
166002332;166118752
166235148;166351568
166467964;166584384
166700780;166817200
166933596;167050016
167166412;167282832
167399228;167515648
167632044;167748464
167864860;167981280
168097676;168214096
168330492;168446912
168563308;168679728
168796124;168912544
169028940;169145360
169261756;169378176
169494572;169610992
169727388;169843808
169960204;170076624
170193020;170309440
170425836;170542256
170658652;170775072
170891468;171007888
171124284;171240704
171357100;171473520
171589916;171706336
171822732;171939152
172055548;172171968
172288364;172404784
172521180;172637600
172753996;172870416
172986812;173103232
173219628;173336048
173452444;173568864
173685260;173801680
173917908;174034028
174150492;174266980
174383460;174499948
174616412;174732900
174849380;174965868
175082332;175198820
175315300;175431788
175548252;175664740
175781220;175897708
176014172;176130660
176247140;176363628
176480092;176596580
176713060;176829548
176946012;177062500
177178980;177295839
177412218;177528634
177645030;177761446
177877858;177994274
178110670;178227086
178343482;178459898
178576294;178692710
178809122;178925538
179041934;179158350
179274746;179391164
179507560;179623980
179740376;179856796
179973192;180089612
180206008;180322428
180438824;180555244
180671640;180788060
180904456;181020876
181137272;181253692
181370088;181486508
181602904;181719324
181835720;181952140
182068536;182184956
182301352;182417772
182534168;182650588
182766984;182883404
182999800;183116220
183232616;183349036
183465432;183581852
183698248;183814668
183931064;184047484
184163880;184280300
184396696;184513116
184629512;184745932
184862328;184978748
185095144;185211564
185327960;185444380
185560776;185677196
185793592;185910012
186026408;186142828
186259224;186375644
186492040;186608460
186724856;186841276
186957672;187074092
187190488;187306908
187423304;187539724
187656120;187772540
187888936;188005356
188121752;188238172
188354568;188470988
188587384;188703804
188820200;188936620
189053016;189169436
189285832;189402252
189518648;189635068
189751464;189867884
189984280;190100700
190217096;190333516
190449912;190566332
190682560;190798680
190915160;191031648
191148112;191264600
191381080;191497568
191614032;191730520
191847000;191963488
192079952;192196440
192312920;192429408
192545872;192662360
192778840;192895328
193011792;193128280
193244760;193361248
193477712;193594200
193710680;193827168
193943632;194060499
194176878;194293294
194409690;194526106
194642518;194758934
194875330;194991746
195108142;195224558
195340954;195457370
195573782;195690198
195806594;195923010
196039406;196155824
196272220;196388640
196505036;196621456
196737852;196854272
196970668;197087088
197203484;197319904
197436300;197552720
197669116;197785536
197901932;198018352
198134748;198251168
198367564;198483984
198600380;198716800
198833196;198949616
199066012;199182432
199298828;199415248
199531644;199648064
199764460;199880880
199997276;200113696
200230092;200346512
200462908;200579328
200695724;200812144
200928540;201044960
201161356;201277776
201394172;201510592
201626988;201743408
201859804;201976224
202092620;202209040
202325436;202441856
202558252;202674672
202791068;202907488
203023884;203140304
203256700;203373120
203489516;203605936
203722332;203838752
203955148;204071568
204187964;204304384
204420780;204537200
204653596;204770016
204886412;205002832
205119228;205235648
205352044;205468464
205584860;205701280
205817676;205934096
206050492;206166912
206283308;206399728
206516124;206632544
206748940;206865360
206981756;207098176
207214572;207330992
207447388;207563640
207679752;207796240
207912704;208029192
208145672;208262160
208378624;208495112
208611592;208728080
208844544;208961032
209077512;209194000
209310464;209426952
209543432;209659920
209776384;209892872
210009352;210125840
210242304;210358792
210475272;210591760
210708224;210824712
210941551;211057954
211174350;211290766
211407178;211523594
211639990;211756406
211872802;211989218
212105614;212222030
212338442;212454858
212571254;212687670
212804066;212920482
213036880;213153300
213269696;213386116
213502512;213618932
213735328;213851748
213968144;214084564
214200960;214317380
214433776;214550196
214666592;214783012
214899408;215015828
215132224;215248644
215365040;215481460
215597856;215714276
215830672;215947092
216063488;216179908
216296304;216412724
216529120;216645540
216761936;216878356
216994752;217111172
217227568;217343988
217460384;217576804
217693200;217809620
217926016;218042436
218158832;218275252
218391648;218508068
218624464;218740884
218857280;218973700
219090096;219206516
219322912;219439332
219555728;219672148
219788544;219904964
220021360;220137780
220254176;220370596
220486992;220603412
220719808;220836228
220952624;221069044
221185440;221301860
221418256;221534676
221651072;221767492
221883888;222000308
222116704;222233124
222349520;222465940
222582336;222698756
222815152;222931572
223047968;223164388
223280784;223397204
223513600;223630020
223746416;223862836
223979232;224095652
224212048;224328300
224444412;224560900
224677364;224793852
224910332;225026820
225143284;225259772
225376252;225492740
225609204;225725692
225842172;225958660
226075124;226191612
226308092;226424580
226541044;226657532
226774012;226890500
227006964;227123452
227239932;227356420
227472884;227589372
227706207;227822610
227939022;228055438
228171834;228288250
228404646;228521062
228637458;228753874
228870286;228986702
229103098;229219514
229335910;229452326
229568722;229685138
229801552;229917956
230034368;230150772
230267184;230383588
230500000;230616404
230732816;230849220
230965632;231082036
231198448;231314852
231431264;231547668
231664080;231780484
231896896;232013300
232129712;232246116
232362528;232478932
232595344;232711748
232828160;232944564
233060976;233177380
233293792;233410196
233526608;233643012
233759424;233875828
233992240;234108644
234225056;234341460
234457872;234574276
234690688;234807092
234923504;235039908
235156320;235272724
235389136;235505540
235621952;235738356
235854768;235971172
236087584;236203988
236320400;236436804
236553216;236669620
236786032;236902436
237018848;237135252
237251664;237368068
237484480;237600884
237717296;237833700
237950112;238066516
238182928;238299332
238415744;238532148
238648560;238764964
238881376;238997780
239114192;239230596
239347008;239463412
239579824;239696228
239812640;239929044
240045456;240161860
240278272;240394676
240511088;240627492
240743904;240860308
240976720;241092956
241209068;241325556
241442020;241558508
241674988;241791476
241907940;242024428
242140908;242257396
242373860;242490348
242606828;242723316
242839780;242956268
243072748;243189236
243305700;243422188
243538668;243655156
243771620;243888108
244004588;244121076
244237540;244354028
244470879;244587282
244703678;244820094
244936490;245052906
245169302;245285718
245402130;245518546
245634942;245751358
245867754;245984170
246100566;246216982
246333394;246449810
246566208;246682628
246799024;246915444
247031840;247148260
247264656;247381076
247497472;247613892
247730288;247846708
247963104;248079524
248195920;248312340
248428736;248545156
248661552;248777972
248894368;249010788
249127184;249243604
249360000;249476420
249592816;249709236
249825632;249942052
250058448;250174868
250291264;250407684
250524080;250640500
250756896;250873316
250989712;251106132
251222528;251338948
251455344;251571764
251688160;251804580
251920976;252037396
252153792;252270212
252386608;252503028
252619424;252735844
252852240;252968660
253085056;253201476
253317872;253434292
253550688;253667108
253783504;253899924
254016320;254132740
254249136;254365556
254481952;254598372
254714768;254831188
254947584;255064004
255180400;255296820
255413216;255529636
255646032;255762452
255878848;255995268
256111664;256228084
256344480;256460900
256577296;256693716
256810112;256926532
257042928;257159348
257275744;257392164
257508560;257624980
257741376;257857796
257974024;258090144
258206608;258323096
258439576;258556064
258672528;258789016
258905496;259021984
259138448;259254936
259371416;259487904
259604368;259720856
259837336;259953824
260070288;260186776
260303256;260419744
260536208;260652696
260769176;260885664
261002128;261118616
261235096;261351955
261468334;261584750
261701146;261817562
261933974;262050390
262166786;262283202
262399598;262516014
262632410;262748826
262865238;262981654
263098050;263214466
263330862;263447280
263563676;263680096
263796492;263912912
264029308;264145728
264262124;264378544
264494940;264611360
264727756;264844176
264960572;265076992
265193388;265309808
265426204;265542624
265659020;265775440
265891836;266008256
266124652;266241072
266357468;266473888
266590284;266706704
266823100;266939520
267055916;267172336
267288732;267405152
267521548;267637968
267754364;267870784
267987180;268103600
268219996;268336416
268452812;268569232
268685628;268802048
268918444;269034864
269151260;269267680
269384076;269500496
269616892;269733312
269849708;269966128
270082524;270198944
270315340;270431760
270548156;270664576
270780972;270897392
271013788;271130208
271246604;271363024
271479420;271595840
271712236;271828656
271945052;272061472
272177868;272294288
272410684;272527104
272643500;272759920
272876316;272992736
273109132;273225552
273341948;273458368
273574764;273691184
273807580;273924000
274040396;274156816
274273212;274389632
274506028;274622448
274738676;274854796
274971276;275087764
275204228;275320716
275437196;275553684
275670148;275786636
275903116;276019604
276136068;276252556
276369036;276485524
276601988;276718476
276834956;276951444
277067908;277184396
277300876;277417364
277533828;277650316
277766796;277883284
277999748;278116607
278233002;278349418
278465814;278582230
278698626;278815042
278931438;279047854
279164266;279280682
279397078;279513494
279629890;279746306
279862702;279979118
280095530;280211948
280328344;280444764
280561160;280677580
280793976;280910396
281026792;281143212
281259608;281376028
281492424;281608844
281725240;281841660
281958056;282074476
282190872;282307292
282423688;282540108
282656504;282772924
282889320;283005740
283122136;283238556
283354952;283471372
283587768;283704188
283820584;283937004
284053400;284169820
284286216;284402636
284519032;284635452
284751848;284868268
284984664;285101084
285217480;285333900
285450296;285566716
285683112;285799532
285915928;286032348
286148744;286265164
286381560;286497980
286614376;286730796
286847192;286963612
287080008;287196428
287312824;287429244
287545640;287662060
287778456;287894876
288011272;288127692
288244088;288360508
288476904;288593324
288709720;288826140
288942536;289058956
289175352;289291772
289408168;289524588
289640984;289757404
289873800;289990220
290106616;290223036
290339432;290455852
290572248;290688668
290805064;290921484
291037880;291154300
291270696;291387116
291503512;291619764
291735860;291852348
291968828;292085316
292201780;292318268
292434748;292551236
292667700;292784188
292900668;293017156
293133620;293250108
293366588;293483076
293599540;293716028
293832508;293948996
294065460;294181948
294298428;294414916
294531380;294647868
294764348;294883294
294997576;295113994
295230406;295346822
295463218;295579634
295696030;295812446
295928842;296045258
296161670;296278086
296394482;296510898
296627294;296743710
296860106;296976524
297092936;297209340
297325752;297442156
297558568;297674972
297791384;297907788
298024200;298140604
298257016;298373420
298489832;298606236
298722648;298839052
298955464;299071868
299188280;299304684
299421096;299537500
299653912;299770316
299886728;300003132
300119544;300235948
300352360;300468764
300585176;300701580
300817992;300934396
301050808;301167212
301283624;301400028
301516440;301632844
301749256;301865660
301982072;302098476
302214888;302331292
302447704;302564108
302680520;302796924
302913336;303029740
303146152;303262556
303378968;303495372
303611784;303728188
303844600;303961004
304077416;304193820
304310232;304426636
304543048;304659452
304775864;304892268
305008680;305125084
305241496;305357900
305474312;305590716
305707128;305823532
305939944;306056348
306172760;306289164
306405576;306521980
306638392;306754796
306871208;306987612
307104024;307220428
307336840;307453244
307569656;307686060
307802472;307918876
308035288;308151692
308268104;308384340
308500452;308616940
308733404;308849892
308966372;309082860
309199324;309315812
309432292;309548780
309665244;309781732
309898212;310014700
310131164;310247652
310364132;310480620
310597084;310713572
310830052;310946540
311063004;311179492
311295972;311412460
311528924;311645412
311762263;311878666
311995062;312111478
312227874;312344290
312460686;312577102
312693514;312809930
312926326;313042742
313159138;313275554
313391950;313508366
313624778;313741194
313857592;313974012
314090408;314206828
314323224;314439644
314556040;314672460
314788856;314905276
315021672;315138092
315254488;315370908
315487304;315603724
315720120;315836540
315952936;316069356
316185752;316302172
316418568;316534988
316651384;316767804
316884200;317000620
317117016;317233436
317349832;317466252
317582648;317699068
317815464;317931884
318048280;318164700
318281096;318397516
318513912;318630332
318746728;318863148
318979544;319095964
319212360;319328780
319445176;319561596
319677992;319794412
319910808;320027228
320143624;320260044
320376440;320492860
320609256;320725676
320842072;320958492
321074888;321191308
321307704;321424124
321540520;321656940
321773336;321889756
322006152;322122572
322238968;322355388
322471784;322588204
322704600;322821020
322937416;323053836
323170232;323286652
323403048;323519468
323635864;323752284
323868680;323985100
324101496;324217916
324334312;324450732
324567128;324683548
324799944;324916364
325032760;325149012
325265108;325381596
325498076;325614564
325731028;325847516
325963996;326080484
326196948;326313436
326429916;326546404
326662868;326779356
326895836;327012324
327128788;327245276
327361756;327478244
327594708;327711196
327827676;327944164
328060628;328177116
328293596;328410084
328526915;328643318
328759714;328876130
328992542;329108958
329225354;329341770
329458166;329574582
329690978;329807394
329923806;330040222
330156618;330273034
330389430;330505846
330622244;330738664
330855060;330971480
331087876;331204296
331320692;331437112
331553508;331669928
331786324;331902744
332019140;332135560
332251956;332368376
332484772;332601192
332717588;332834008
332950404;333066824
333183220;333299640
333416036;333532456
333648852;333765272
333881668;333998088
334114484;334230904
334347300;334463720
334580116;334696536
334812932;334929352
335045748;335162168
335278564;335394984
335511380;335627800
335744196;335860616
335977012;336093432
336209828;336326248
336442644;336559064
336675460;336791880
336908276;337024696
337141092;337257512
337373908;337490328
337606724;337723144
337839540;337955960
338072356;338188776
338305172;338421592
338537988;338654408
338770804;338887224
339003620;339120040
339236436;339352856
339469252;339585672
339702068;339818488
339934884;340051304
340167700;340284120
340400516;340516936
340633332;340749752
340866148;340982568
341098964;341215384
341331780;341448200
341564596;341681016
341797412;341913832
342030060;342146180
342262660;342379148
342495612;342612100
342728580;342845068
342961532;343078020
343194500;343310988
343427452;343543940
343660420;343776908
343893372;344009860
344126340;344242828
344359292;344475780
344592260;344708748
344825212;344941700
345058180;345174668
345291132;345407995
345524374;345640790
345757202;345873618
345990014;346106430
346222826;346339242
346455638;346572054
346688466;346804882
346921278;347037694
347154090;347270506
347386902;347503320
347619732;347736136
347852548;347968952
348085364;348201768
348318180;348434584
348550996;348667400
348783812;348900216
349016628;349133032
349249444;349365848
349482260;349598664
349715076;349831480
349947892;350064296
350180708;350297112
350413524;350529928
350646340;350762744
350879156;350995560
351111972;351228376
351344788;351461192
351577604;351694008
351810420;351926824
352043236;352159640
352276052;352392456
352508868;352625272
352741684;352858088
352974500;353090904
353207316;353323720
353440132;353556536
353672948;353789352
353905764;354022168
354138580;354254984
354371396;354487800
354604212;354720616
354837028;354953432
355069844;355186248
355302660;355419064
355535476;355651880
355768292;355884696
356001108;356117512
356233924;356350328
356466740;356583144
356699556;356815960
356932372;357048776
357165188;357281592
357398004;357514408
357630820;357747224
357863636;357980040
358096452;358212856
358329268;358445672
358562084;358678488
358794732;358910852
359027316;359143804
359260284;359376772
359493236;359609724
359726204;359842692
359959156;360075644
360192124;360308612
360425076;360541564
360658044;360774532
360890996;361007484
361123964;361240452
361356916;361473404
361589884;361706372
361822836;361939324
362055804;362172647
362289042;362405458
362521854;362638270
362754666;362871082
